path,split,label,filename,file_size_bytes,corrupt,corrupt_reason,width,height,mode,format,grayscale_like_ratio,likely_grayscale,filename_suggests_thermal,sha256,dhash,ahash,suspicious,suspicious_reason,near_dup_cluster
test/Bird-drop/Bird (137).JPG,test,Bird-drop,Bird (137).JPG,61166,False,,489,295,RGB,JPEG,0.0028629658385093,False,False,ca3689dabb0037bac899d56e44eb7e42fe11142f656c3aa246be785cc19c7cc4,15325930291055461520,18421740411661158657,False,,0
test/Bird-drop/Bird (14).JPG,test,Bird-drop,Bird (14).JPG,55229,False,,592,374,RGB,JPEG,0.0012646221941195,False,False,88186261cbb3cc203865b494f9aae45d919cb661fd104ffde932dd886dd3c001,6123394310599470573,18437948977128734472,False,,1
test/Bird-drop/Bird (140).jpg,test,Bird-drop,Bird (140).jpg,108983,False,,800,600,RGB,JPEG,0.0016041532987225,False,False,95366f30bbd3b564cc968a0e1e428a53a32a4e4633bef3fd7eb8c031568dd500,11899673920817184975,3422461968521596924,False,,2
test/Bird-drop/Bird (146).jpg,test,Bird-drop,Bird (146).jpg,42172,False,,474,316,RGB,JPEG,0.0034582671277689,False,False,058bdffd751b29a4f685048f29dfcefd8eb7464ddd3f5ecdfa71692b5fd24f6a,10746977177414949213,13799022214927355952,False,,3
test/Bird-drop/Bird (148).jpg,test,Bird-drop,Bird (148).jpg,42331,False,,450,300,RGB,JPEG,0.0022814476822565,False,False,90206c0408a7e3401c73e27c2c93ab8497de6e7dd1dadcf3ef2954bf3aa41c4e,14323857083120585025,18419497218894660098,False,,4
test/Bird-drop/Bird (16).JPG,test,Bird-drop,Bird (16).JPG,54936,False,,473,477,RGB,JPEG,0.0021717547778605,False,False,b2e3540f1b3055bf8a8e8eb785eb0a8d9c6142c850b1738960644d0ec0f545f4,10838198264295610536,18446461494943220483,False,,5
test/Bird-drop/Bird (164).jpg,test,Bird-drop,Bird (164).jpg,78046,False,,638,476,RGB,JPEG,0.0017748478701825,False,False,b97a8233581c80e3a6b706ebf808e435d39b3c089d828cae08bb64c2c6fcb0e1,17792222169921153898,17998918317518143680,False,,6
test/Bird-drop/Bird (196).jpg,test,Bird-drop,Bird (196).jpg,11906,False,,259,194,RGB,JPEG,0.0310671496238506,False,False,1db26af91e96a96b0048a3a453ce46f8937033678abebca15b0835925af0249e,12371156239275853023,18229720801525922288,False,,7
test/Bird-drop/Bird (211).JPG,test,Bird-drop,Bird (211).JPG,36424,False,,383,245,RGB,JPEG,0.0015665796344647,False,False,080cc324fe7db05703a2544ecc1fc77d6300fd14726a347f32922c6fa860d74a,3394319007678541338,2899223306125147192,False,,8
test/Bird-drop/Bird (33).jpg,test,Bird-drop,Bird (33).jpg,614421,False,,1600,1200,RGB,JPEG,8.749990885426161e-05,False,False,1521c415cd502bbaa7b86103328c3c3e02cebb3a42d7c3365491fb3a981dc78e,17381781619424437810,18446742974197923840,False,,9
test/Bird-drop/Bird (54).jpg,test,Bird-drop,Bird (54).jpg,20508,False,,178,189,RGB,JPEG,0.0110278818143986,False,False,fc6cf11e79aa473abc66512b8115c025ffa3f2fdd6386f9a38d380fba46c3ccb,9268921048040118185,18446743176128495616,False,,10
test/Bird-drop/Bird (55).jpg,test,Bird-drop,Bird (55).jpg,128347,False,,768,576,RGB,JPEG,0.0097790999430343,False,False,b0595efb57b8a6371ec87f9576e64bb17dc773431b915122c89a9e8b093286e8,5666380483930530680,15856750967657533184,False,,11
test/Bird-drop/Bird (58).jpg,test,Bird-drop,Bird (58).jpg,78046,False,,638,476,RGB,JPEG,0.0017748478701825,False,False,b97a8233581c80e3a6b706ebf808e435d39b3c089d828cae08bb64c2c6fcb0e1,17792222169921153898,17998918317518143680,False,,6
test/Bird-drop/Bird (71).jpg,test,Bird-drop,Bird (71).jpg,67354,False,,474,632,RGB,JPEG,0.022782503037667,False,False,692ae3ca93dfb7c40cda21a042823a8077233a24dd91f19842ded715d3534857,17365858995640851048,18446457101308952835,False,,12
test/Bird-drop/Bird (79).jpg,test,Bird-drop,Bird (79).jpg,1023736,False,,2016,1512,RGB,JPEG,0.0068089542915931,False,False,e1cb0e8f49ce1a715747029e07abea7e60092c5360e61aec0e4b8a636890d987,15308953891876304598,9439828223727762688,False,,13
test/Bird-drop/Bird (81).jpg,test,Bird-drop,Bird (81).jpg,392880,False,,986,740,RGB,JPEG,0.0156089605218976,False,False,5fb73d60632b430db23ffcaf78f2cbc805f82bff9e8dc6a536dd41a76389d6d5,10065313227914675423,18229720801525922288,False,,7
test/Bird-drop/Bird (87).jpg,test,Bird-drop,Bird (87).jpg,1815842,False,,986,740,RGBA,PNG,0.0156089605218976,False,False,daffd379076985fbef74204aa3371fadde82ebd16d80d4e4ed78071584106f74,10065313227914675423,18229720801525922288,False,,7
test/Clean/Clean (1).jpeg,test,Clean,Clean (1).jpeg,69816,False,,500,500,RGB,JPEG,2.7999440011199776e-05,False,False,70554b3007114f723211561375ae25caee23659a19303073ec30718917ba073b,3546548952489415318,9223089397908373504,False,,14
test/Clean/Clean (130).jpg,test,Clean,Clean (130).jpg,1716530,False,,2048,1536,RGB,JPEG,0.0019648857339949,False,False,4537c74ac2e30c412693d8e1aa7c3149b778931050a53a5d7e62dafa7d9cbad7,247837785825942302,18446533023028883480,False,,15
test/Clean/Clean (142).jpg,test,Clean,Clean (142).jpg,230347,False,,1024,768,RGB,JPEG,0.0008366860113219,False,False,58bac5d8adbb400e491558785a496c931da7b1e3485d91ee19c851737cdae1aa,9042092173934458350,18370430204677243008,False,,16
test/Clean/Clean (150).jpg,test,Clean,Clean (150).jpg,37836,False,,474,316,RGB,JPEG,0.0100009346667912,False,False,9cb83773a462058ed3fe847444a5908d2178d6d3c561d5907c7e5cdd5e516289,14395597600263176963,9279887966357831196,False,,17
test/Clean/Clean (152).jpg,test,Clean,Clean (152).jpg,47335,False,,474,315,RGB,JPEG,0.00042194092827,False,False,f0cd54a4fbdf8eb2cbb3215a3093b2f5e1c688506246af4fd17c02f50e93b4a0,17598210034954756998,16281302167038609036,False,,18
test/Clean/Clean (165).jpg,test,Clean,Clean (165).jpg,144246,False,,700,933,RGB,JPEG,0.0294640943193997,False,False,e7107ff22be551974af430c77cfaf1983cb341761d4a1c5661462403d1abdda4,1081718250485850759,18194295168985792524,False,,19
test/Clean/Clean (167).jpg,test,Clean,Clean (167).jpg,55106,False,,474,355,RGB,JPEG,0.0007903822954365,False,False,c407c54ce1a485cb34551e3962a3b0a308de9c043a9955a18b75113f00861f0c,13204060114163014867,18408498799547543782,False,,20
test/Clean/Clean (175).jpg,test,Clean,Clean (175).jpg,166888,False,,700,500,RGB,JPEG,0.00518,False,False,853896289bd5afbf9813a1db97415e7b8585d8a7e94c51297ef15c24ceeac493,10916719437718456005,18444738843666816008,False,,21
test/Clean/Clean (191).jpg,test,Clean,Clean (191).jpg,30725,False,,325,455,RGB,JPEG,0.0009467455621301,False,False,8edaf64e84333d0f158e704b2e48df643f9588ad6e095d54da22ba7d3fe3496b,1383850419694548685,9187343235540844544,False,,22
test/Clean/Clean (26).jpg,test,Clean,Clean (26).jpg,1229396,False,,1536,2048,RGB,JPEG,0.0050067869779033,False,False,1ba767eabe2aa813f4f7cd327101ba79f83eb4abbce784d8eab9216ec18678f7,11646493973175111183,542405591566622012,False,,23
test/Clean/Clean (30).jpg,test,Clean,Clean (30).jpg,297682,False,,1500,1000,RGB,JPEG,0.0007233323688901,False,False,2bdf04dd812fcbd4c6733c06fc03d5dd3060a53ff359dee6e5f25a676effcce8,10313031392630107468,18230571283005833439,False,,24
test/Clean/Clean (52).jpg,test,Clean,Clean (52).jpg,62135,False,,800,716,RGB,JPEG,0.0018453115643598,False,False,6023b7f357c5547cc92b68e7a03916cebe29268cbeb19937c17cfeb254fd9e30,17852268922896572154,18446454837202681984,False,,25
test/Clean/Clean (62).jpg,test,Clean,Clean (62).jpg,115865,False,,720,960,RGB,JPEG,0.0021469876345665,False,False,ac90ab52d19b59a186eb9c075f988f9e0013b35d062cebfb75995524aef72f61,129489212760153236,18446496698642464936,False,,26
test/Clean/Clean (63).jpg,test,Clean,Clean (63).jpg,84521,False,,720,960,RGB,JPEG,0.000212673303424,False,False,58c1bae002511096246a51a0f76b1da9981d77f179d49e7865e3e364acadd240,1116019621415137376,18446739402932617216,False,,27
test/Clean/Clean (68).jpg,test,Clean,Clean (68).jpg,6087799,False,,4864,3648,RGB,MPO,0.0095599759984756,False,False,1342af9304a4ae612134deac1e48adb0cf80e7b3fa4bb2f0ca020739b146711b,882987002080023113,9187078287648686080,False,,28
test/Clean/Clean (76).jpg,test,Clean,Clean (76).jpg,2245063,False,,2592,1944,RGB,JPEG,0.0745572602648381,False,False,715e2f5736e066a2b14e647ef18f4e38ba8aa7480b4cb6e8fb532d34f697a956,10585117791541972616,72057594037927680,False,,29
test/Clean/Clean (83).jpg,test,Clean,Clean (83).jpg,104756,False,,720,960,RGB,JPEG,0.003483791256089,False,False,87aafaba9c04aad607cef539069e44d4093d6ff7791c208bef54ace14a90138a,1047021771476234480,9196226777347834051,False,,30
test/Clean/Clean (92).jpg,test,Clean,Clean (92).jpg,148410,False,,960,720,RGB,JPEG,0.0026533526427189,False,False,395955f954903cd8db2723f8425dbea533bc8e4b359b9f040722902b1bf90500,17780859979833059436,18163017189819482112,False,,31
test/Dusty/Dust (106).jpg,test,Dusty,Dust (106).jpg,118557,False,,960,720,RGB,JPEG,0.0548798395835654,False,False,b172b136fe52418810f851c0bdd8ae1bf2bb33c2ba3831e55bdc6087b5f5db7c,5186669548432551406,864699924548092156,False,,32
test/Dusty/Dust (122).jpg,test,Dusty,Dust (122).jpg,77201,False,,720,960,RGB,JPEG,0.000415219306685,False,False,c1f20cbfb97333d1c23ef86c8d982cc547dc2208e592d5e295efb21eecdb41b8,50528525,4548370705884319294,False,,33
test/Dusty/Dust (126).jpg,test,Dusty,Dust (126).jpg,88499,False,,960,720,RGB,JPEG,0.0189380513049026,False,False,ff5553f9e5ab3fa9b8ba949badfefa02fefc5f3cbf8c1883996d8cea70e81b0f,9935942705801323459,26632974696447,False,,34
test/Dusty/Dust (134).jpg,test,Dusty,Dust (134).jpg,360908,False,,1078,1440,RGB,JPEG,0.0039592352092352,False,False,4796e0d1db08d302f5c69ebacb0ba15a1df103d2c877682b3530aff634e44471,2377971661653198418,18392427106236696640,False,,35
test/Dusty/Dust (155).jpg,test,Dusty,Dust (155).jpg,881316,False,,1536,2048,RGB,JPEG,0.0300496228220476,False,False,706b837d1c3d8a7269a2c70a5b68c85511d12d73757dbae6de0b4cc5aa3603f6,865677445729120408,18446495796690944240,False,,36
test/Dusty/Dust (159).jpg,test,Dusty,Dust (159).jpg,561815,False,,1536,2048,RGB,JPEG,0.0021829591223658,False,False,b69ca0507dbe7c971b1c6d218f6f9fb095ffe1116d14aaa7c051f857abf78a36,17723895384657286229,18446739426101952512,False,,37
test/Dusty/Dust (16).jpg,test,Dusty,Dust (16).jpg,85548,False,,800,533,RGB,JPEG,0.0096856275137486,False,False,30999f263f76052d0789c764d81b2894084d753271d7474ced288e988c03a7ac,9119570432317762889,17942340891821735936,False,,38
test/Dusty/Dust (169).jpg,test,Dusty,Dust (169).jpg,19543,False,,500,332,RGB,JPEG,0.0930634619439173,False,False,f66a900f76bc41400d8b69de0dd11da6dc4d79c1845a3370f610777e4516b066,2251614339004705639,18446743107812720640,False,,39
test/Dusty/Dust (181).jpg,test,Dusty,Dust (181).jpg,12129,False,,194,259,RGB,JPEG,0.0153246029534689,False,False,392872832acdcd80e52152d56ed7dc8fcb10990e0f6b0480cb7208355a6c77fd,16237682945326390303,18446389748406825072,False,,40
test/Dusty/Dust (186).jpg,test,Dusty,Dust (186).jpg,11372,False,,201,251,RGB,JPEG,0.0174805771365149,False,False,b34a681de2fcba79f0dc6039309d7670195e9a48f447f597a53e34014fe17f5f,6308029433769404457,18230569603791126592,False,,41
test/Dusty/Dust (36).jpg,test,Dusty,Dust (36).jpg,153295,False,,350,467,RGB,JPEG,0.0125481798715203,False,False,91fc7b063e85d97ba1ff17be55fad4764a8849707b6ad181b9b2b16ee8c8d733,16237682945292835871,18446389748337619056,False,,40
test/Dusty/Dust (46).jpg,test,Dusty,Dust (46).jpg,84341,False,,720,960,RGB,JPEG,0.05828261243835,False,False,27ddd3d75c825262a368a3c662f0b9dcafc5a6de66ea741a9c734b2b94bb4453,4411623230419862032,8891227994471730945,False,,42
test/Dusty/Dust (68).jpg,test,Dusty,Dust (68).jpg,119045,False,,720,960,RGB,JPEG,0.0066435089069604,False,False,5b9aa9a102ff69dd44640cb65c9ca1ed33920549094fd7c4e40eff856c33c47e,4608455955229303499,17347882794342207375,False,,43
test/Dusty/Dust (93).jpg,test,Dusty,Dust (93).jpg,398167,False,,2048,921,RGB,JPEG,0.0024716190589291,False,False,ff12ca593858afc3cc0b8c989faf28a5859b3de58cb960028be6c047cc09bdef,7449923452205931339,18230368444602122240,False,,44
test/Dusty/Dust (96).jpg,test,Dusty,Dust (96).jpg,433774,False,,2048,1152,RGB,JPEG,0.0148141335081873,False,False,bf3a76a2ffa54c2b085c96c3339abadf99f1d0ba18e23b038c359f466e6b1c8b,17290887081374023934,13898362642327863776,False,,45
test/Dusty/Dust (99).jpg,test,Dusty,Dust (99).jpg,231480,False,,2048,921,RGB,JPEG,0.035649208228339,False,False,eb6dc82d64d509131af2047f519d8a65dcf8f78ead8fff16ead47f3837dcf412,7550995887451001560,9223265998525071747,False,,46
test/Electrical-damage/Electrical (103).jpg,test,Electrical-damage,Electrical (103).jpg,243007,False,,1625,916,RGB,JPEG,0.0151004265364954,False,False,c222d133cf051dc58dca00c9dd054a0d23b5c9bd7d416147a2361ac672a882cf,7702435531138027841,18440437655100456963,False,,47
test/Electrical-damage/Electrical (132).jpg,test,Electrical-damage,Electrical (132).jpg,512903,False,,3024,2592,RGB,JPEG,0.3556009230681298,False,False,327224d60900d7cd268322e9e9bd6eb51b4630730a612545b7cf03c685b1e3fc,15914868930894158040,15263758807659168707,False,,48
test/Electrical-damage/Electrical (18).jpg,test,Electrical-damage,Electrical (18).jpg,25752,False,,300,300,RGB,JPEG,0.0142323845076994,False,False,ef66c457ffdf52232fae619da9750988372dafc5b3fb64c0571b97e7ca3309b5,4078044154749332709,2386961678037678351,False,,49
test/Electrical-damage/Electrical (19).jpg,test,Electrical-damage,Electrical (19).jpg,66496,False,,677,332,RGB,JPEG,0.0023357209592027,False,False,cdcd8bbb50e010dad71991ca4854675a75925f2f9acf63efb1bf17c83d89a8c4,1888035058374259651,18446479121606182663,False,,50
test/Electrical-damage/Electrical (28).jpg,test,Electrical-damage,Electrical (28).jpg,168128,False,,1034,466,RGB,JPEG,0.0599113822909856,False,False,12fa30583c2d638068a511f63a6b8ddf8a6c11feca5a34432b69d428bb1546eb,10199823352546987220,1880816326847052281,False,,51
test/Electrical-damage/Electrical (3).jpg,test,Electrical-damage,Electrical (3).jpg,481896,False,,1536,2048,RGB,JPEG,0.0008122121097487,False,False,e56e864f856b321860d1706c212d77d968aea3e609fbd7076e00229a8d589c8c,7395123780212794528,72056494568276099,False,,52
test/Electrical-damage/Electrical (31).jpg,test,Electrical-damage,Electrical (31).jpg,71476,False,,474,632,RGB,JPEG,0.0178287690438358,False,False,3d107ed74f29c261c02f8d503a39e575ac87668c4d8bd7b9fe6eb15e2254a290,3104481615342363491,18446721538636923972,False,,53
test/Electrical-damage/Electrical (44).jpg,test,Electrical-damage,Electrical (44).jpg,32443,False,,462,294,RGB,JPEG,0.0133477633477633,False,False,2ece85824da6ce1e7055534add1b40a87e73c03fc1235f0cf7b8b00644983993,3074458457931625652,16568090652196907809,False,,54
test/Electrical-damage/Electrical (50).jpg,test,Electrical-damage,Electrical (50).jpg,102892,False,,300,450,RGB,JPEG,0.0130146220055999,False,False,9423b74fe2ac91b6cc4098aca8e7a3517027fde6844ea4e6804a939b7d3eea20,7730366971432798750,3411900780788797,False,,55
test/Electrical-damage/Electrical (66).jpg,test,Electrical-damage,Electrical (66).jpg,32605,False,,390,310,RGB,JPEG,0.0031843446039833,False,False,46bd3f75e97ed4b8e50c19ec4ecf9e7eecdbdd8e19413546896fef888a53ea41,14612714917604346586,9279526846624481729,False,,56
test/Electrical-damage/Electrical (73).jpg,test,Electrical-damage,Electrical (73).jpg,85252,False,,640,450,RGB,JPEG,0.0280485137204384,False,False,9a7932dbab6d7f4d1900f1c73e9e4ae925cc6cad4e77768b44c0a180d9fb5290,12964394832387662048,18439710527941968643,False,,57
test/Electrical-damage/Electrical (84).jpg,test,Electrical-damage,Electrical (84).jpg,24259,False,,474,226,RGB,JPEG,0.0001306847882906,False,False,7422b21020c7f1a1c555a43d9c7db69fbbe0636558e4115c33e4cb007c63e3bb,16423259118380865883,14913369926261588208,False,,58
test/Electrical-damage/Electrical (88).jpg,test,Electrical-damage,Electrical (88).jpg,114139,False,,602,564,RGB,JPEG,0.0564489526636978,False,False,c140e80fa89fd3da5c13220d6ae98aa2d4dbdc9aadc21ca5a61733397472eb44,9405918079728791208,18428623578787283201,False,,59
test/Physical-Damage/Physical (10).jpg,test,Physical-Damage,Physical (10).jpg,170680,False,,1000,667,RGB,JPEG,0.0014377767982704,False,False,2d835a268675d9bec8ba5aee35a3e843dce372420646c48f0f5b8b78b1b8b055,11839202125377921893,871473123145605312,False,,60
test/Physical-Damage/Physical (106).jpg,test,Physical-Damage,Physical (106).jpg,272925,False,,500,261,RGB,JPEG,0.0083141125355361,False,False,f374921f57ddf1dbde0e626bcd47f51741c81605257c334711d951c27ee830bc,3180161121030999185,9160356964926503743,False,,61
test/Physical-Damage/Physical (108).jpg,test,Physical-Damage,Physical (108).jpg,35426,False,,474,324,RGB,JPEG,0.0005013673655423,False,False,ce9a1a624ed52e8a7176cc332cb38ac35c072072ba011d263fec5dd3628cdd00,508092256660954654,9005212301619114032,False,,62
test/Physical-Damage/Physical (109).jpg,test,Physical-Damage,Physical (109).jpg,37652,False,,300,200,RGB,JPEG,0.0095660289314045,False,False,efee92390a07028a63f4f14247194352c97bbf4e9c9756d08c3c170765c7aa86,16185023384615585671,14407313188545564430,False,,63
test/Physical-Damage/Physical (115).jpg,test,Physical-Damage,Physical (115).jpg,39069,False,,474,316,RGB,JPEG,0.0114964015328535,False,False,bc2a9c890fadf23ab6fa660e9af33204d2dd1133a8dc0324758db5f16df089d6,1804877824391309034,17814970767730067664,False,,64
test/Physical-Damage/Physical (122).jpg,test,Physical-Damage,Physical (122).jpg,200254,False,,1600,900,RGB,JPEG,0.0036604039569307,False,False,1c7e3d587cc2c0a04c97da24ae9ddc528be68b94dc5d97d2f02e8b9ccfb7e861,15647420728772682118,15450997619513427724,False,,65
test/Physical-Damage/Physical (146).jpg,test,Physical-Damage,Physical (146).jpg,229197,False,,700,525,RGB,JPEG,0.0849523809523809,False,False,cd87e9d1645e752bfe505cda42c842af46e9cbe611e762c251896852367ad55f,18012146970396251083,18446532903606157316,False,,66
test/Physical-Damage/Physical (149).jpg,test,Physical-Damage,Physical (149).jpg,82345,False,,565,319,RGB,JPEG,0.0104862513593288,False,False,bb5e98ed2d34b033b4b44412bc500fd145bd794d093435888a9e2b78c5915e7d,12865142680686836791,18382595264530096254,False,,67
test/Physical-Damage/Physical (18).jpg,test,Physical-Damage,Physical (18).jpg,220903,False,,849,450,RGB,JPEG,0.0228842595137323,False,False,36c38b22d4eb3f242926f2094e7f5ac6e9abe5bf767c41aaddf264e307cb7237,15115685113086827877,216223494092281416,False,,68
test/Physical-Damage/Physical (20).jpg,test,Physical-Damage,Physical (20).jpg,166215,False,,1200,630,RGB,JPEG,0.0101296296296296,False,False,a51b7eb3063e4a061dc291dedc5072c9ddbfae68c34436127ab36e353eefd79b,10206719907032108188,18390510892572252288,False,,69
test/Physical-Damage/Physical (30).jpg,test,Physical-Damage,Physical (30).jpg,126921,False,,780,585,RGB,JPEG,0.0085601202712238,False,False,67fbfbd0667236a0d8a80fe4cdc66d3f34121a0556272a6a9ac30085851d5c7a,9408724031186039892,18446531872260358144,False,,70
test/Physical-Damage/Physical (36).jpg,test,Physical-Damage,Physical (36).jpg,727740,False,,1536,2048,RGB,JPEG,0.0030018469480851,False,False,266bee8e953bdd3fdcaef3b83b5168f95b7faf25c5f5827f6f654a4ef9c56054,17795607458842602475,18445799476150927360,False,,71
test/Physical-Damage/Physical (49).jpg,test,Physical-Damage,Physical (49).jpg,11408,False,,275,183,RGB,JPEG,0.0102920723226703,False,False,a5cb99ca9c19783e66c13f918f9caaaccee668943793d725e945d5d8000d197b,4853573473229063106,9150213000986369796,False,,72
test/Physical-Damage/Physical (58).jpg,test,Physical-Damage,Physical (58).jpg,132065,False,,846,476,RGB,JPEG,0.0033548880545125,False,False,7f7be6b68e77ac731b8d8e8c72ec10f407aa12b3c06da8ddc40096d94d167806,5027299895557392016,16068905284637883431,False,,73
test/Physical-Damage/Physical (82).jpg,test,Physical-Damage,Physical (82).jpg,119336,False,,500,241,RGB,JPEG,0.0098751089166424,False,False,d45877f705e134c3397f6f430cd4956195f7171903ff56b2961d059beb3c2294,7660182531981387321,4636557351424911715,False,,74
test/Snow-Covered/Snow (109).jpg,test,Snow-Covered,Snow (109).jpg,188519,False,,1200,797,RGB,JPEG,1.463818076689429e-05,False,False,0d4b60b0f48a3c4760f4f4c3ff5a036c60c7c1f6f7dc4ac519bc9beb82c46e9a,3679176049611987065,8475280313741555,False,,75
test/Snow-Covered/Snow (12).jpg,test,Snow-Covered,Snow (12).jpg,107317,False,,1000,665,RGB,JPEG,0.2541684210526316,False,False,4abd97a6028fb7c9edf80b752a0886107d1b6f6f363d1fe3d21e471391feb6f2,5059307215165795083,485243224063,False,,76
test/Snow-Covered/Snow (121).jpg,test,Snow-Covered,Snow (121).jpg,64551,False,,800,392,RGB,JPEG,0.0471205357142857,False,False,9dc310b6addc9e9f59087a337e8d384d90f869a6735a26b8d3a6b1711c87981e,4755918379940797138,821399781376,False,,77
test/Snow-Covered/Snow (122).jpg,test,Snow-Covered,Snow (122).jpg,34288,False,,650,366,RGB,JPEG,0.0414288236332607,False,False,3cae7c53acda9d82f0f50db25f261617935e8c9615f6217d71d2cacacd684877,217928141680115550,18373835427351163128,False,,78
test/Snow-Covered/Snow (134).jpg,test,Snow-Covered,Snow (134).jpg,10548,False,,259,194,RGB,JPEG,0.0011145165784341,False,False,531a2727640ea78a01cdf02efb23257610f478d54f52112773eac44fc268641b,5332511386518571692,505248494802960383,False,,79
test/Snow-Covered/Snow (138).jpg,test,Snow-Covered,Snow (138).jpg,6244,False,,275,183,RGB,JPEG,0.0001390820584144,False,False,529ed575ebf5bf0593be8beb2b191acf2870375108a1fa41c4b4ce503830ed5e,2034774880953131891,18010391353363730183,False,,80
test/Snow-Covered/Snow (159).jpg,test,Snow-Covered,Snow (159).jpg,8767,False,,259,194,RGB,JPEG,0.0018110894399554,False,False,ed4b722d49e7c790fe297740a8329a7897a28a6e01b2e740b7ac96b06e30b3b7,9183052460409849758,18158811936853016088,False,,81
test/Snow-Covered/Snow (16).jpg,test,Snow-Covered,Snow (16).jpg,34022,False,,570,371,RGB,JPEG,0.0615690168818272,False,False,3739d9692dd308dd6934bf87b7217215ef5a984b72d63d9a1a3cc6b1a057f6aa,38813664059371704,2238165353163646967,False,,82
test/Snow-Covered/Snow (164).jpg,test,Snow-Covered,Snow (164).jpg,31069,False,,602,348,RGB,JPEG,0.0245255279337075,False,False,ce02453ac5d081c836a5855c87a48d98a3f14d67c22241852d690396138b0fba,4485055397652928263,8716990842007977984,False,,83
test/Snow-Covered/Snow (38).jpg,test,Snow-Covered,Snow (38).jpg,58499,False,,720,499,RGB,JPEG,0.1565483380742703,False,False,047d2fc15757645769a91cbab1dee9bc65f3a33926af539850680bdc9b38644e,5565166910272516919,17938051186116476799,False,,84
test/Snow-Covered/Snow (5).jpg,test,Snow-Covered,Snow (5).jpg,143277,False,,680,671,RGB,JPEG,0.0302839697467131,False,False,c621d0f58e4ccd2f58cc66744d8da8f3535c8903b78bf97638bcbf8d8ee5d95a,14775223725784181450,6615323377663,False,,85
test/Snow-Covered/Snow (69).jpg,test,Snow-Covered,Snow (69).jpg,29427,False,,630,415,RGB,JPEG,0.1228647925033467,False,False,6ab94180d342b83bc82ca0b293603702a29393d7eb32c05ad1ea471a90fabe5e,7871009438449865523,17938051460858068863,False,,84
test/Snow-Covered/Snow (7).jpg,test,Snow-Covered,Snow (7).jpg,590653,False,,1000,750,RGB,JPEG,0.0133933154755793,False,False,ff7a92196527a9eedabf2be456f7cc71831b8b9ca60fd591680df213bd6bcfd2,15770122649570623242,17649871787757993983,False,,86
test/Snow-Covered/Snow (75).jpg,test,Snow-Covered,Snow (75).jpg,9436,False,,275,183,RGB,JPEG,0.0151599443671766,False,False,1b355c67bd6d4c3fd21844101050a86a802271afbee2b5ba52fcf6a8b3f03404,18409441468828470958,17942059439938865152,False,,87
test/Snow-Covered/Snow (79).jpg,test,Snow-Covered,Snow (79).jpg,138714,False,,1000,665,RGB,JPEG,0.3549684210526316,False,False,53f59d4b85611b78068add0a90c719c4e0a575293f60ab18774ddef6e7fbdba5,5131364809203723011,485243224063,False,,76
test/Snow-Covered/Snow (81).jpg,test,Snow-Covered,Snow (81).jpg,24508,False,,474,281,RGB,JPEG,0.0,False,False,59c833ea0898338c4ba1cb9cd6fd21f554b46e0ffa45c5f35b3cece195d04a60,7462070621097485725,4768478326218751,False,,88
train/Bird-drop/Bird (1).jpeg,train,Bird-drop,Bird (1).jpeg,18831,False,,190,250,RGB,JPEG,0.0178308281756557,False,False,4ac98ef935b074c8713bece9c6299c11946b6899bfbef4d84c433688fff9c1a3,14348326437826458871,18410707307378770144,False,,89
train/Bird-drop/Bird (10).jpg,train,Bird-drop,Bird (10).jpg,55972,False,,474,474,RGB,JPEG,0.0090039567560831,False,False,5ced9ca7cb1649755caf6b3f61e0950c9d82cca201fb3764eece5bd8434f281e,2314885464027892043,9187113454858801664,False,,90
train/Bird-drop/Bird (101).jpg,train,Bird-drop,Bird (101).jpg,438630,False,,1536,2048,RGB,JPEG,0.0091479561182936,False,False,8cb133be215fdd2eb5bb7124e7e1adbac706b68a1b18c3abed9400992fbdc358,3573934073014658092,18446464197265983744,False,,91
train/Bird-drop/Bird (103).jpg,train,Bird-drop,Bird (103).jpg,1638142,False,,960,720,RGBA,PNG,0.0416333309702966,False,False,041d14eff31334e369af9c6d8fc191a7ab4e73ed19f0971e24f2ca780624c1c8,17573582618669795910,16629263460559028481,False,,92
train/Bird-drop/Bird (104).jpg,train,Bird-drop,Bird (104).jpg,1256586,False,,2016,1512,RGB,JPEG,0.0028338109935332,False,False,6c061b15d9cb3f07e6fa0286534bf8e9c190663adc6997b3dbbf81bd788fc121,3999448724595911882,18428663979648745472,False,,93
train/Bird-drop/Bird (105).jpg,train,Bird-drop,Bird (105).jpg,79299,False,,960,720,RGB,JPEG,0.0166695360683795,False,False,d50b8f0f971576e273aa55ce005163e68ac67d4112561c52e3dbe2c756b27b58,5505581511698990791,15843662926391541760,False,,94
train/Bird-drop/Bird (107).jpg,train,Bird-drop,Bird (107).jpg,185517,False,,1024,768,RGB,JPEG,0.0110282337024246,False,False,17d63fb73e240b6c02ca94b1624fb51547d0fc5e5e7fc1ebb2cefe9dc09c0503,5666380483930530648,15856750967657533184,False,,11
train/Bird-drop/Bird (108).jpg,train,Bird-drop,Bird (108).jpg,87746,False,,800,533,RGB,JPEG,0.0001149142247393,False,False,e0d796ce236dca176aa14bf1f31f61cda668d4282b12b527c1a620cf04a705f6,12931783262172575890,18446612201772171264,False,,95
train/Bird-drop/Bird (109).jpg,train,Bird-drop,Bird (109).jpg,245105,False,,816,459,RGB,JPEG,0.0680471713981348,False,False,4c511f2776d7a038fbe9cd9609f5523d6c8d4f5b004e4e3005e67fe0c99de807,9027904309725967367,8142506130455658876,False,,96
train/Bird-drop/Bird (11).jpg,train,Bird-drop,Bird (11).jpg,529769,False,,1427,951,RGB,JPEG,0.0082323630905405,False,False,31e8e38409f84775272c41ef916e565d4e6339cde6b2ced53f92d0c4d70fc139,11493186249048391382,18446742908708061184,False,,97
train/Bird-drop/Bird (110).jpg,train,Bird-drop,Bird (110).jpg,924011,False,,1512,2016,RGB,JPEG,0.0027212852733686,False,False,cc9a971b817e83bf9704e4fe3533c4d430c7065738b433ee6a60bdee4674d835,17320998986576717668,18394831184254256320,False,,98
train/Bird-drop/Bird (111).jpg,train,Bird-drop,Bird (111).jpg,2156750,False,,1500,1225,RGB,JPEG,0.0354438095238095,False,False,099675d1929f3661e937ccff6d21cefcd0d301ffdb640098f222baf1f4c260e3,3387555340728078181,18446603333136285696,False,,99
train/Bird-drop/Bird (112).jpg,train,Bird-drop,Bird (112).jpg,115434,False,,700,510,RGB,JPEG,0.0047254901960784,False,False,de7595f18269aa71101f558dab8dec337ab2e8e65e22318d79107f20c18f657d,18220993365931875534,13871333969627771032,False,,100
train/Bird-drop/Bird (113).jpg,train,Bird-drop,Bird (113).jpg,175287,False,,1440,810,RGB,JPEG,0.0611238139819599,False,False,1d0ca3900d9e7ce9c0ff3bf801e8be40d368adb3598a2fe14209d9a0ab6237bb,1397256302074630934,4539487064365934088,False,,101
train/Bird-drop/Bird (114).jpg,train,Bird-drop,Bird (114).jpg,82499,False,,800,600,RGB,JPEG,0.0487370938575511,False,False,f031f62a094f26cb7a138dae27659c9ce35a7f2626e62532ffd3b13b627b0c2c,3388685088945019693,18446602508368347136,False,,102
train/Bird-drop/Bird (115).jpg,train,Bird-drop,Bird (115).jpg,355966,False,,1600,1290,RGB,JPEG,0.07167517923882,False,False,a26045f3e61f04c33da8e0a1899d3cdd253f45ee8de6e896aa6ae35eace7a816,1019816312623773220,18446742120590016768,False,,103
train/Bird-drop/Bird (116).jpg,train,Bird-drop,Bird (116).jpg,924011,False,,1512,2016,RGB,JPEG,0.0027212852733686,False,False,cc9a971b817e83bf9704e4fe3533c4d430c7065738b433ee6a60bdee4674d835,17320998986576717668,18394831184254256320,False,,98
train/Bird-drop/Bird (117).jpg,train,Bird-drop,Bird (117).jpg,1942129,False,,1500,1102,RGB,JPEG,0.0122002346036088,False,False,f9dfcba324d884c276e5cee7542b1c2708918708d3671d9cd7faf4ce30c15826,2817862647752829641,8663869044325056256,False,,104
train/Bird-drop/Bird (118).jpg,train,Bird-drop,Bird (118).jpg,185517,False,,1024,768,RGB,JPEG,0.0110282337024246,False,False,17d63fb73e240b6c02ca94b1624fb51547d0fc5e5e7fc1ebb2cefe9dc09c0503,5666380483930530648,15856750967657533184,False,,11
train/Bird-drop/Bird (119).jpg,train,Bird-drop,Bird (119).jpg,1023736,False,,2016,1512,RGB,JPEG,0.0068089542915931,False,False,e1cb0e8f49ce1a715747029e07abea7e60092c5360e61aec0e4b8a636890d987,15308953891876304598,9439828223727762688,False,,13
train/Bird-drop/Bird (120).jpg,train,Bird-drop,Bird (120).jpg,79549,False,,800,533,RGB,JPEG,0.0014118033325125,False,False,8ba7d92f5e8efe1303bf976a3f3028a152c47b7b235489b140d13fa7e00e37c2,16460994323864974044,10223844313952108672,False,,105
train/Bird-drop/Bird (121).jpg,train,Bird-drop,Bird (121).jpg,245105,False,,816,459,RGB,JPEG,0.0680471713981348,False,False,4c511f2776d7a038fbe9cd9609f5523d6c8d4f5b004e4e3005e67fe0c99de807,9027904309725967367,8142506130455658876,False,,96
train/Bird-drop/Bird (123).jpg,train,Bird-drop,Bird (123).jpg,1383547,False,,1001,1600,RGB,JPEG,0.2826704545454545,False,False,5916ca1a7771fe5ca6a3fcafa51f8a2f2a3989674d5f7d4314fa825647a430ef,8643387545309427904,18441949069344506639,False,,106
train/Bird-drop/Bird (124).jpg,train,Bird-drop,Bird (124).jpg,244477,False,,900,675,RGB,JPEG,0.0102666328670522,False,False,397687ab231fa4b967cf8459d34aabc4302cea43020350fb080efa645a938704,13160736456703807716,18446742974332141807,False,,107
train/Bird-drop/Bird (125).jpg,train,Bird-drop,Bird (125).jpg,179028,False,,800,399,RGB,JPEG,0.0048684210526315,False,False,3a69050839ddd6c20e9ced138c0de8074f74f36b9b03a5b802128ceebf3cf5a8,2249327512110916194,18446741878310174720,False,,108
train/Bird-drop/Bird (126).jpg,train,Bird-drop,Bird (126).jpg,2218014,False,,1500,1105,RGB,JPEG,0.003277220781634,False,False,339a098f99c61e5f8625b343b53558c9a7e8ef27ca7c6afed72aa65a37c75094,1729483079745580268,18446734100778713088,False,,109
train/Bird-drop/Bird (127).jpg,train,Bird-drop,Bird (127).jpg,158823,False,,1024,768,RGB,JPEG,0.0051002243030583,False,False,11023e6b15593b026e11063c408b5ef3db2a855cc671878ae603d1609d35ea5c,1801477376621182944,18446584812048285696,False,,110
train/Bird-drop/Bird (128).jpg,train,Bird-drop,Bird (128).jpg,174708,False,,1280,720,RGB,JPEG,0.1286818879217366,False,False,ee5dbc77b95f7a986fb9ba48d343a7260efffc69255153522fe696ea54a22cf7,10529782234865678229,31206600421436472,False,,111
train/Bird-drop/Bird (129).jpg,train,Bird-drop,Bird (129).jpg,2146106,False,,1500,1105,RGB,JPEG,0.0033490155667987,False,False,afd50632f1d57efe8cc255e6d6e9b3d879ffd0fd22ea8fd241176dbcbdb1b874,1013044998503902956,18446601682642010112,False,,112
train/Bird-drop/Bird (130).jpg,train,Bird-drop,Bird (130).jpg,179028,False,,800,399,RGB,JPEG,0.0048684210526315,False,False,3a69050839ddd6c20e9ced138c0de8074f74f36b9b03a5b802128ceebf3cf5a8,2249327512110916194,18446741878310174720,False,,108
train/Bird-drop/Bird (131).jpg,train,Bird-drop,Bird (131).jpg,1741844,False,,1500,1024,RGB,JPEG,0.1076703626229896,False,False,773cc28f34f0ba1f834918a9b9545cb340f79cbb3e11cff4e145ec88864c16ef,8700973003747402176,17550253982403202816,False,,113
train/Bird-drop/Bird (132).jpg,train,Bird-drop,Bird (132).jpg,16027,False,,259,194,RGB,JPEG,0.0018110894399554,False,False,9e4cb2224a63b5ca619f331bce40a485054479262c1d7d3a18256e76af31f620,15033690943033492592,17807524303663628771,False,,114
train/Bird-drop/Bird (134).JPG,train,Bird-drop,Bird (134).JPG,20389,False,,180,244,RGB,JPEG,0.0173705179282868,False,False,68075c09c5db9e18d36ba31c21bb841b83a45699d2da11805da1310e0ada4a3f,14348326437759415550,18410707307378770144,False,,89
train/Bird-drop/Bird (135).jpg,train,Bird-drop,Bird (135).jpg,214560,False,,1000,750,RGB,JPEG,0.002463996714671,False,False,4b3243235c0a417790338d8664721a6ba71973531977a18f2625ccc7e8ad63b9,9221013124397955316,18445892714579952001,False,,115
train/Bird-drop/Bird (136).JPG,train,Bird-drop,Bird (136).JPG,158199,False,,975,678,RGB,JPEG,0.0018954635943919,False,False,3abffb5e8e9c592ce15278855a688b9e9302b7b3306cc9a45fb9981d273f797a,6690865471060897822,18446604440044683768,False,,116
train/Bird-drop/Bird (137).JPG,train,Bird-drop,Bird (137).JPG,61166,False,,489,295,RGB,JPEG,0.0028629658385093,False,False,ca3689dabb0037bac899d56e44eb7e42fe11142f656c3aa246be785cc19c7cc4,15325930291055461520,18421740411661158657,False,,0
train/Bird-drop/Bird (138).JPG,train,Bird-drop,Bird (138).JPG,98281,False,,632,427,RGB,JPEG,0.0004150238638721,False,False,06a7b279a55f1a107eef17e69fbb6125e93c4be0596727cc46081e2d1530e64f,1190748123900556137,18446708310457975810,False,,117
train/Bird-drop/Bird (140).jpg,train,Bird-drop,Bird (140).jpg,108983,False,,800,600,RGB,JPEG,0.0016041532987225,False,False,95366f30bbd3b564cc968a0e1e428a53a32a4e4633bef3fd7eb8c031568dd500,11899673920817184975,3422461968521596924,False,,2
train/Bird-drop/Bird (141).jpg,train,Bird-drop,Bird (141).jpg,45010,False,,474,267,RGB,JPEG,0.0022676991150442,False,False,ddab7368be97d092c05d050fe0d325cc25925ce65624d8f6c4f7a2e371e15440,7518916317467559365,18435379214711556234,False,,118
train/Bird-drop/Bird (143).jpg,train,Bird-drop,Bird (143).jpg,45132,False,,474,355,RGB,JPEG,0.0063646574316735,False,False,4226140f403d67b7756c98bb34d5a06beabbdb3c46cc4fa485e35fa855af7862,9356413924685164721,11494034526582540039,False,,119
train/Bird-drop/Bird (144).jpg,train,Bird-drop,Bird (144).jpg,52168,False,,474,355,RGB,JPEG,0.005532676068056,False,False,9dfb9ce47ca3c5f4d460b10761a0a6c8ce47d17df1e9b2a57c3131e348b8def6,16468693210261102754,18446739001403705095,False,,120
train/Bird-drop/Bird (147).jpg,train,Bird-drop,Bird (147).jpg,52168,False,,474,355,RGB,JPEG,0.005532676068056,False,False,9dfb9ce47ca3c5f4d460b10761a0a6c8ce47d17df1e9b2a57c3131e348b8def6,16468693210261102754,18446739001403705095,False,,120
train/Bird-drop/Bird (148).jpg,train,Bird-drop,Bird (148).jpg,42331,False,,450,300,RGB,JPEG,0.0022814476822565,False,False,90206c0408a7e3401c73e27c2c93ab8497de6e7dd1dadcf3ef2954bf3aa41c4e,14323857083120585025,18419497218894660098,False,,4
train/Bird-drop/Bird (149).jpg,train,Bird-drop,Bird (149).jpg,71603,False,,474,632,RGB,JPEG,0.0081082344144312,False,False,0a92608f7f054a591684ed584a84111de35bdba8f30f6b3bf6668b24841e9155,3869300810151720272,6918936127644680193,False,,121
train/Bird-drop/Bird (15).JPG,train,Bird-drop,Bird (15).JPG,66414,False,,548,430,RGB,JPEG,0.0067136024715563,False,False,00ecd0be2d6399d1f3bfe7e4eebcb7dc46ff30fc7dd75bb49500aa668680c3c9,10385512405343016582,18446707819974492160,False,,122
train/Bird-drop/Bird (150).jpg,train,Bird-drop,Bird (150).jpg,71205,False,,474,632,RGB,JPEG,0.0074072343209645,False,False,3bee83e28e217794a2a7e561b9a1f998c82ee726d04035097f35647bca06e7d0,14828609295770067376,9223653511830988641,False,,123
train/Bird-drop/Bird (159).jpg,train,Bird-drop,Bird (159).jpg,58417,False,,474,578,RGB,JPEG,0.0015074478142006,False,False,f25529d07d11907361b6ca86e6e9175a321f5c23cbe5ae72b7e41d4fe4ddd9cb,6417493797590308818,18392453573964280964,False,,124
train/Bird-drop/Bird (16).JPG,train,Bird-drop,Bird (16).JPG,54936,False,,473,477,RGB,JPEG,0.0021717547778605,False,False,b2e3540f1b3055bf8a8e8eb785eb0a8d9c6142c850b1738960644d0ec0f545f4,10838198264295610536,18446461494943220483,False,,5
train/Bird-drop/Bird (160).jpg,train,Bird-drop,Bird (160).jpg,124394,False,,980,735,RGB,JPEG,0.0082507288629737,False,False,f38d00d9b7c1e7c06397bde57616005f89ffe68c9d490bd6cb378d953ebd0b0c,9365421123939905713,11494034526582540039,False,,119
train/Bird-drop/Bird (161).jpg,train,Bird-drop,Bird (161).jpg,123384,False,,620,827,RGB,JPEG,0.0449152889459241,False,False,13fbbae972541c00f3aae4a69fdf111566e4863d9392c36ea657387844edfeb7,4604352523789163139,8106480428762001678,False,,125
train/Bird-drop/Bird (162).jpg,train,Bird-drop,Bird (162).jpg,45835,False,,364,307,RGB,JPEG,0.0066399398646955,False,False,9f24704faeff832ed04ceefcad9ddb5fa4a74b8ba063932f7620f640f71cbf93,2119624674509675742,18446707526792675713,False,,126
train/Bird-drop/Bird (163).jpg,train,Bird-drop,Bird (163).jpg,244477,False,,900,675,RGB,JPEG,0.0102666328670522,False,False,397687ab231fa4b967cf8459d34aabc4302cea43020350fb080efa645a938704,13160736456703807716,18446742974332141807,False,,107
train/Bird-drop/Bird (164).jpg,train,Bird-drop,Bird (164).jpg,78046,False,,638,476,RGB,JPEG,0.0017748478701825,False,False,b97a8233581c80e3a6b706ebf808e435d39b3c089d828cae08bb64c2c6fcb0e1,17792222169921153898,17998918317518143680,False,,6
train/Bird-drop/Bird (166).jpg,train,Bird-drop,Bird (166).jpg,69500,False,,480,360,RGB,JPEG,0.0164465689054524,False,False,e0a8f2a1090cbe2e8a5e389afe2b8abef2471a60feafae4fd02927a607025570,8420870115337288141,18445028285818658960,False,,127
train/Bird-drop/Bird (168).jpg,train,Bird-drop,Bird (168).jpg,529769,False,,1427,951,RGB,JPEG,0.0082323630905405,False,False,31e8e38409f84775272c41ef916e565d4e6339cde6b2ced53f92d0c4d70fc139,11493186249048391382,18446742908708061184,False,,97
train/Bird-drop/Bird (169).jpg,train,Bird-drop,Bird (169).jpg,52493,False,,533,533,RGB,JPEG,0.0015522976469138,False,False,5a57ffb2862655a41dff333af6b30e93b178ed2411bfdb7693b00f8cccb180c2,5185043086591713566,919229638922764288,False,,128
train/Bird-drop/Bird (17).jpg,train,Bird-drop,Bird (17).jpg,92765,False,,474,632,RGB,JPEG,0.0026638003551733,False,False,7cfd96e115ca38e067262885ab6d76ca6aa814163e79a6c379309f8b231ecbfb,14159792616245574697,18428729621512978432,False,,129
train/Bird-drop/Bird (170).JPG,train,Bird-drop,Bird (170).JPG,65729,False,,522,371,RGB,JPEG,0.0077712715969059,False,False,d462d291dcf0b6033d7e339e0b1cfd2ac9d7305649c013cb856540abe56c31b0,13179343029734298800,18441968968043528963,False,,130
train/Bird-drop/Bird (171).JPG,train,Bird-drop,Bird (171).JPG,114786,False,,581,769,RGB,JPEG,0.0067526281980979,False,False,de61c32362ca70bb758facb31a7e91db5acd8cb86a21197194545dafc4d6103b,14421782403045880537,18446744070472531968,False,,131
train/Bird-drop/Bird (172).jpg,train,Bird-drop,Bird (172).jpg,92765,False,,474,632,RGB,JPEG,0.0026638003551733,False,False,7cfd96e115ca38e067262885ab6d76ca6aa814163e79a6c379309f8b231ecbfb,14159792616245574697,18428729621512978432,False,,129
train/Bird-drop/Bird (173).jpg,train,Bird-drop,Bird (173).jpg,57275,False,,474,632,RGB,JPEG,0.0296756706234227,False,False,a0c02824682174295c2a033d8320c5ca5a516951e140f6be114a694282855e89,2828048631353596793,9187198587219476480,False,,132
train/Bird-drop/Bird (175).jpg,train,Bird-drop,Bird (175).jpg,44442,False,,474,474,RGB,JPEG,0.0029909337321244,False,False,63d636d4e34cac2f612abde040a3f79c5d1a9dc28cd570de0e1e5ae1481d98f5,12918949632397489762,504403158154346496,False,,133
train/Bird-drop/Bird (176).jpg,train,Bird-drop,Bird (176).jpg,277849,False,,800,600,RGB,JPEG,0.0017937350522078,False,False,7cfbb65375f6afbd0a5f7fd5c766f0034022758df8102d7e4a90960ec4a2d0be,11899673920817184975,3422461968521596924,False,,2
train/Bird-drop/Bird (177).jpg,train,Bird-drop,Bird (177).jpg,665063,False,,1920,1080,RGB,JPEG,0.0538704853339814,False,False,30417b0f20e817199d025c200849caece7f42e6be76223ceeaa44f15ce89cf8e,5003979348734659120,18330358025598079233,False,,134
train/Bird-drop/Bird (178).jpg,train,Bird-drop,Bird (178).jpg,219131,False,,980,735,RGB,JPEG,0.0052380952380952,False,False,c9c0cd294cc714e7410cf0798f6393e73f4107e736034038131b6320bcadcf06,9365421123939905713,11494034526582540039,False,,119
train/Bird-drop/Bird (179).JPG,train,Bird-drop,Bird (179).JPG,115202,False,,1162,733,RGB,JPEG,0.0055145548085931,False,False,4207216d7ef1d7048ba3708bdb07bf043dab48f462abd5eed7c221e6ff305134,10869393564829455064,13820567273779628019,False,,135
train/Bird-drop/Bird (18).jpg,train,Bird-drop,Bird (18).jpg,36628,False,,474,382,RGB,JPEG,0.0602698418834808,False,False,0a9b6aeb3d350e5cb424f0a59f2ecd86ef3dac8a3e51499944e71ecddc32e39e,1019816311550031396,18446742670345830656,False,,103
train/Bird-drop/Bird (180).jpg,train,Bird-drop,Bird (180).jpg,62426,False,,300,200,RGB,JPEG,0.0,False,False,5d28e83e02d6d5ac03e034c9cb762e688362bd0157f9e405189678cfe96fb2dc,2562716302949748397,18444421355430019072,False,,136
train/Bird-drop/Bird (181).jpg,train,Bird-drop,Bird (181).jpg,53878,False,,657,469,RGB,JPEG,0.1047275040323496,False,False,82dd1d269152721a214e82dc4db5d2cd23c5f14edbdb93110eb14c2e12492520,7909816632600748737,18437674213079842816,False,,137
train/Bird-drop/Bird (182).jpg,train,Bird-drop,Bird (182).jpg,52168,False,,474,355,RGB,JPEG,0.005532676068056,False,False,9dfb9ce47ca3c5f4d460b10761a0a6c8ce47d17df1e9b2a57c3131e348b8def6,16468693210261102754,18446739001403705095,False,,120
train/Bird-drop/Bird (183).jpg,train,Bird-drop,Bird (183).jpg,44442,False,,474,474,RGB,JPEG,0.0029909337321244,False,False,63d636d4e34cac2f612abde040a3f79c5d1a9dc28cd570de0e1e5ae1481d98f5,12918949632397489762,504403158154346496,False,,133
train/Bird-drop/Bird (184).jpg,train,Bird-drop,Bird (184).jpg,277849,False,,800,600,RGB,JPEG,0.0017937350522078,False,False,7cfbb65375f6afbd0a5f7fd5c766f0034022758df8102d7e4a90960ec4a2d0be,11899673920817184975,3422461968521596924,False,,2
train/Bird-drop/Bird (185).jpg,train,Bird-drop,Bird (185).jpg,134622,False,,406,306,RGB,JPEG,0.0277214334009465,False,False,dc6bc2fff3fc26c78d4632d79c0eb2859039f3e54f6539bd78b818226fe8576c,6931190073532139116,18390201744456089856,False,,138
train/Bird-drop/Bird (186).jpg,train,Bird-drop,Bird (186).jpg,88771,False,,575,241,RGB,JPEG,0.0197504672425114,False,False,a4d3b81f5af2a08ae102dc2bfb9a4ffdcd53926788e26aa30b6091630a1639c2,11475065848717612839,18445896333536002048,False,,139
train/Bird-drop/Bird (187).jpg,train,Bird-drop,Bird (187).jpg,70409,False,,360,322,RGB,JPEG,0.0001207729468599,False,False,a3903ed7ca9c372d6a17156de06299731801992fc56da9962812364f536998af,9275390512174937525,18446743782457081856,False,,140
train/Bird-drop/Bird (188).jpg,train,Bird-drop,Bird (188).jpg,236272,False,,1200,800,RGB,JPEG,0.0164645661827435,False,False,235ee98a2eef5887fd484620c443a077edf6ea9bf80245dbad89579107b2d147,8899073550940891033,18445891887018805264,False,,141
train/Bird-drop/Bird (189).jpg,train,Bird-drop,Bird (189).jpg,189629,False,,768,1024,RGB,JPEG,0.0269163670025278,False,False,3fbc4a551971f47431eb1536c16018bf12837979ef61fb4f2fd015d8a511e70f,17361355396013480552,18446457238747906307,False,,12
train/Bird-drop/Bird (19).jpg,train,Bird-drop,Bird (19).jpg,71205,False,,474,632,RGB,JPEG,0.0074072343209645,False,False,3bee83e28e217794a2a7e561b9a1f998c82ee726d04035097f35647bca06e7d0,14828609295770067376,9223653511830988641,False,,123
train/Bird-drop/Bird (190).jpg,train,Bird-drop,Bird (190).jpg,15398,False,,194,259,RGB,JPEG,0.0043187517414321,False,False,9be06f8fa8bf411f4e480ca405742d37a59ad2b89919f09b64cd3bc276c3ef57,17897459738880141156,18394831184254780608,False,,98
train/Bird-drop/Bird (192).jpg,train,Bird-drop,Bird (192).jpg,11906,False,,259,194,RGB,JPEG,0.0310671496238506,False,False,1db26af91e96a96b0048a3a453ce46f8937033678abebca15b0835925af0249e,12371156239275853023,18229720801525922288,False,,7
train/Bird-drop/Bird (193).jpg,train,Bird-drop,Bird (193).jpg,15367,False,,278,181,RGB,JPEG,0.1439699540965363,False,False,8489abf5495e2bbed4230369cdcbd67484f0afb6669043ce1043ecdeca3793e2,8700954827449999745,17547997775953072127,False,,142
train/Bird-drop/Bird (195).jpg,train,Bird-drop,Bird (195).jpg,16027,False,,259,194,RGB,JPEG,0.0018110894399554,False,False,9e4cb2224a63b5ca619f331bce40a485054479262c1d7d3a18256e76af31f620,15033690943033492592,17807524303663628771,False,,114
train/Bird-drop/Bird (196).jpg,train,Bird-drop,Bird (196).jpg,11906,False,,259,194,RGB,JPEG,0.0310671496238506,False,False,1db26af91e96a96b0048a3a453ce46f8937033678abebca15b0835925af0249e,12371156239275853023,18229720801525922288,False,,7
train/Bird-drop/Bird (197).jpg,train,Bird-drop,Bird (197).jpg,9621,False,,259,194,RGB,JPEG,0.0071050431875174,False,False,37800d24be78b93f548e0d445e81214675b9cac8040d3dea2b189524e98d26db,1801477376621182944,18446584812048285696,False,,110
train/Bird-drop/Bird (198).JPG,train,Bird-drop,Bird (198).JPG,89953,False,,625,463,RGB,JPEG,0.0007982583454281,False,False,b28379e0005ee35eb23049e1a469f289932e3595d6049cb4dd8873cd2d2420d2,3466808166460453796,18444773753234867981,False,,143
train/Bird-drop/Bird (199).JPG,train,Bird-drop,Bird (199).JPG,233818,False,,803,806,RGB,JPEG,0.0121782392385896,False,False,d154b5379a9cf825edb4da89bea07f0400ae91f79428615231ff773d633a51ef,11494038240173808792,13803268455459258371,False,,144
train/Bird-drop/Bird (2).JPG,train,Bird-drop,Bird (2).JPG,23869,False,,263,197,RGB,JPEG,0.0182383139691975,False,False,af7ca5a143267efba78d7f288eabd0feaede64cbd44251101ff5b507f48219bf,482739761067879498,18160226766871019777,False,,145
train/Bird-drop/Bird (20).jpg,train,Bird-drop,Bird (20).jpg,102381,False,,480,640,RGB,JPEG,0.0032356560178644,False,False,24162be67128fbe96ca567d342c3eee7bce24496a17d0bff0cb003c63ec1f14f,17320998986576717668,18394831184254256320,False,,98
train/Bird-drop/Bird (200).JPG,train,Bird-drop,Bird (200).JPG,148000,False,,601,805,RGB,JPEG,0.0044418722419156,False,False,59ef85f15cccd366e87e977c2ac33e0995cdcfc0372ab9545057db67dd722350,6881357557164026922,18446735690470260736,False,,146
train/Bird-drop/Bird (202).JPG,train,Bird-drop,Bird (202).JPG,149853,False,,594,796,RGB,JPEG,0.0512532014745288,False,False,120505a193b222d95d93a653bee4e180970203b62d287e5ab65405136f6a1360,17165688649341268206,18445477440617767160,False,,147
train/Bird-drop/Bird (203).JPG,train,Bird-drop,Bird (203).JPG,138171,False,,598,802,RGB,JPEG,0.0132089791867355,False,False,4ee8e49b139510862e0d13ce790d205695a6d41ce6f4254350f1c18a051a6d5c,17795108581732967138,18228866926216988551,False,,148
train/Bird-drop/Bird (204).JPG,train,Bird-drop,Bird (204).JPG,146033,False,,604,802,RGB,JPEG,0.0418051501401693,False,False,ab301d1437a7cb97744fe5793567c841b44dd64ef1bd84fe8b7377c2c49eb01c,4135655211928759526,9223371519311216640,False,,149
train/Bird-drop/Bird (205).JPG,train,Bird-drop,Bird (205).JPG,72231,False,,458,459,RGB,JPEG,0.0096230687266915,False,False,5bb2e13ae843691e739b35d22aeb8f673bc29a70e5e0802db30238d7ab8d66bb,2314903056213936463,9187131047078269440,False,,90
train/Bird-drop/Bird (206).JPG,train,Bird-drop,Bird (206).JPG,72593,False,,466,346,RGB,JPEG,0.0055135886081444,False,False,7e9809b74efccdf6107c7fd2888add5a7fabaf6fedb85cee3bd0e6de4186c7b0,8102155677652831556,18446742982787858527,False,,150
train/Bird-drop/Bird (207).JPG,train,Bird-drop,Bird (207).JPG,81864,False,,626,553,RGB,JPEG,0.123731144093501,False,False,378843193f30b821d1755b8253887d12d32a92e7500968f088875f9e1ccb1294,4841401019269403556,72049897507485583,False,,151
train/Bird-drop/Bird (208).JPG,train,Bird-drop,Bird (208).JPG,60527,False,,628,480,RGB,JPEG,0.0254510832965654,False,False,c653aa0186936c561a759747b34d430c3b149299e2a2f184c1b2297a350a917c,10895380038804934587,3485892046164590464,False,,152
train/Bird-drop/Bird (209).JPG,train,Bird-drop,Bird (209).JPG,54856,False,,502,344,RGB,JPEG,0.0156059991892987,False,False,a27fa711154c4ca5daf52d1525d36c78fae1955169430642fc29b102c287e15a,11397738650982847026,18410715104891895808,False,,153
train/Bird-drop/Bird (21).jpg,train,Bird-drop,Bird (21).jpg,384396,False,,980,1307,RGB,JPEG,0.002929281888731,False,False,6c9644de3d049fb1751f4738afb09be5b5fc5b058bc5ec9a25adeb194b59bd8f,17320998986576717668,18394830084742628544,False,,98
train/Bird-drop/Bird (210).JPG,train,Bird-drop,Bird (210).JPG,154111,False,,968,716,RGB,JPEG,0.0525385555432115,False,False,1b9a790118a5d4af3adde02704a28325a87dc5edcda4ca2a042e4ea831a148f8,3387555340747479853,18410573608270168064,False,,102
train/Bird-drop/Bird (212).JPG,train,Bird-drop,Bird (212).JPG,36141,False,,379,227,RGB,JPEG,0.0036612155235538,False,False,ba67b3b895c0622e2edb33ecbf85831f6f821c5bba51304f79b45f6766ed7c74,10923257912006155235,593366186045961414,False,,154
train/Bird-drop/Bird (213).JPG,train,Bird-drop,Bird (213).JPG,38822,False,,438,284,RGB,JPEG,0.0052895166282145,False,False,08d5f4c52c371a2ff89e186c2ed5eacb6b4998f5660710f4c2d878d23a18df8d,17341898221345495771,18446489090510552832,False,,155
train/Bird-drop/Bird (214).JPG,train,Bird-drop,Bird (214).JPG,70897,False,,421,781,RGB,JPEG,6.386783615771097e-05,False,False,3eee53640443d3431b95d8e1685593e7180c749242a7a65f05acfc4f5c295450,13889277903572907570,18446611032836145152,False,,156
train/Bird-drop/Bird (22).jpg,train,Bird-drop,Bird (22).jpg,277849,False,,800,600,RGB,JPEG,0.0017937350522078,False,False,7cfbb65375f6afbd0a5f7fd5c766f0034022758df8102d7e4a90960ec4a2d0be,11899673920817184975,3422461968521596924,False,,2
train/Bird-drop/Bird (23).JPG,train,Bird-drop,Bird (23).JPG,69014,False,,449,359,RGB,JPEG,0.0050807712350182,False,False,cc2f93ee18797c694b5b9abecf6f62d9960845f3ed14a324fea2da7b0dd1ccd6,3560413725123661213,18446535166504468480,False,,157
train/Bird-drop/Bird (24).JPG,train,Bird-drop,Bird (24).JPG,128896,False,,503,742,RGB,JPEG,0.0029633519636895,False,False,b2ce5a387f2716395f5754bf8121057254ea908c107ad502436dff99033ff3ab,2150694948517328420,18446677012157562888,False,,158
train/Bird-drop/Bird (25).jpg,train,Bird-drop,Bird (25).jpg,89389,False,,474,632,RGB,JPEG,0.0085989344798579,False,False,e6fe179368ad2623af6c2e86f91009629363d1cabe2a16ae753db55889c49f12,10488635150130323997,18391636821911146302,False,,159
train/Bird-drop/Bird (27).JPG,train,Bird-drop,Bird (27).JPG,150019,False,,1093,538,RGB,JPEG,0.0227962621272543,False,False,d6b9eeafeca8562fb1a0d41c546f738c01c3053a5b8638a7bd6c1de6efc7c3e2,2435467903866455598,7097967735753196648,False,,160
train/Bird-drop/Bird (28).jpg,train,Bird-drop,Bird (28).jpg,44283,False,,474,355,RGB,JPEG,0.0015807645908731,False,False,ec712051e914ff3c4ea388599842bb975a3c0fa77e4c4a20dd6ef9f7f51ba440,11588268513491052905,17291504531242270912,False,,161
train/Bird-drop/Bird (29).jpg,train,Bird-drop,Bird (29).jpg,2206774,False,,3024,4032,RGB,JPEG,0.0106956845238095,False,False,08edc19fe4991544341abf0ac0cefaaf5e161875f8fe8ef756e67e78b0f934f6,16000848100290002695,18446682501058457727,False,,162
train/Bird-drop/Bird (3).jpeg,train,Bird-drop,Bird (3).jpeg,1012730,False,,1600,900,RGB,JPEG,0.0050166492477456,False,False,b2178ebe16591de9f8e56629cca9381082e8b5519872ec89bab257495944819d,15647420728772682118,14298076114906580748,False,,65
train/Bird-drop/Bird (3).jpg,train,Bird-drop,Bird (3).jpg,30083,False,,300,300,RGB,JPEG,0.0055218540986156,False,False,11a0d07beb6d9e70502e9abc882cf5f92251160b04b60c1f7a68a7f412d1effa,18406050915545966439,18444492273895931646,False,,163
train/Bird-drop/Bird (30).jpg,train,Bird-drop,Bird (30).jpg,115434,False,,700,510,RGB,JPEG,0.0047254901960784,False,False,de7595f18269aa71101f558dab8dec337ab2e8e65e22318d79107f20c18f657d,18220993365931875534,13871333969627771032,False,,100
train/Bird-drop/Bird (31).JPG,train,Bird-drop,Bird (31).JPG,21910,False,,221,202,RGB,JPEG,0.0025086233929131,False,False,441fef26864e9b8d5030ba5cc3fa6087ffa57b7ffb82a275d71e81086509ff19,6084462380759338825,18394759543453932544,False,,164
train/Bird-drop/Bird (33).jpg,train,Bird-drop,Bird (33).jpg,614421,False,,1600,1200,RGB,JPEG,8.749990885426161e-05,False,False,1521c415cd502bbaa7b86103328c3c3e02cebb3a42d7c3365491fb3a981dc78e,17381781619424437810,18446742974197923840,False,,9
train/Bird-drop/Bird (34).jpg,train,Bird-drop,Bird (34).jpg,38509,False,,474,256,RGB,JPEG,0.0044995673492933,False,False,d09f9a0606aa7ca280cf3b60b56c1614ff08b67ad10d70024340574f492a04c5,13998288287568269362,18446743056222455044,False,,165
train/Bird-drop/Bird (35).jpg,train,Bird-drop,Bird (35).jpg,40682,False,,474,353,RGB,JPEG,0.050493641231593,False,False,7d8e210d789d51db5e309f0ea24a14cc342ca312b82660574cc4ccd4699c09d2,15458229082145615067,2514586968260607,False,,166
train/Bird-drop/Bird (36).jpg,train,Bird-drop,Bird (36).jpg,122360,False,,600,400,RGB,JPEG,0.0034124715627369,False,False,ece06538ccc4e5dfdb5e8139960778d6f484a96c01320b4fda5ba729bd7df857,10746941993042860381,13799022214927355952,False,,3
train/Bird-drop/Bird (37).jpg,train,Bird-drop,Bird (37).jpg,42436,False,,474,355,RGB,JPEG,0.0007071841590748,False,False,d2eb6f544faeee0161cd7259a2e222bf73821feef2e60060e8c2e0c8c91759fb,9268425729872244752,506375093722496815,False,,167
train/Bird-drop/Bird (38).jpg,train,Bird-drop,Bird (38).jpg,12194,False,,190,250,RGB,JPEG,0.0123784261715296,False,False,9a29edf555ee92def0f82189eb2fae331bdb598f0d4fd1fdb0ca167563228a70,14348326437826458871,18410707307378770144,False,,89
train/Bird-drop/Bird (39).jpg,train,Bird-drop,Bird (39).jpg,45132,False,,474,355,RGB,JPEG,0.0063646574316735,False,False,4226140f403d67b7756c98bb34d5a06beabbdb3c46cc4fa485e35fa855af7862,9356413924685164721,11494034526582540039,False,,119
train/Bird-drop/Bird (4).jpg,train,Bird-drop,Bird (4).jpg,55972,False,,474,474,RGB,JPEG,0.0090039567560831,False,False,5ced9ca7cb1649755caf6b3f61e0950c9d82cca201fb3764eece5bd8434f281e,2314885464027892043,9187113454858801664,False,,90
train/Bird-drop/Bird (40).jpg,train,Bird-drop,Bird (40).jpg,55972,False,,474,474,RGB,JPEG,0.0090039567560831,False,False,5ced9ca7cb1649755caf6b3f61e0950c9d82cca201fb3764eece5bd8434f281e,2314885464027892043,9187113454858801664,False,,90
train/Bird-drop/Bird (41).jpg,train,Bird-drop,Bird (41).jpg,42436,False,,474,355,RGB,JPEG,0.0007071841590748,False,False,d2eb6f544faeee0161cd7259a2e222bf73821feef2e60060e8c2e0c8c91759fb,9268425729872244752,506375093722496815,False,,167
train/Bird-drop/Bird (42).jpg,train,Bird-drop,Bird (42).jpg,28295,False,,474,355,RGB,JPEG,0.0003327925454469,False,False,e52b22b78adab791c8e37621937902cafb0786207062d619e8ef6e62d990f660,14574868119016876713,16847766641436336174,False,,168
train/Bird-drop/Bird (44).jpg,train,Bird-drop,Bird (44).jpg,81119,False,,700,510,RGB,JPEG,0.0053725490196078,False,False,ebc32d9892910021f7b5cfcaa0b5d449a6f3cc426ec9f1c15b7ba3ac7ad43686,18220993365931875534,13871333969627771032,False,,100
train/Bird-drop/Bird (45).jpg,train,Bird-drop,Bird (45).jpg,54598,False,,657,469,RGB,JPEG,0.1051818532906245,False,False,d2c1d75224efc75a29a02e1d9e04016e8bf7c5eca7664025de5d333f122ee823,7909816632600748737,18437674213079842816,False,,137
train/Bird-drop/Bird (46).jpg,train,Bird-drop,Bird (46).jpg,277849,False,,800,600,RGB,JPEG,0.0017937350522078,False,False,7cfbb65375f6afbd0a5f7fd5c766f0034022758df8102d7e4a90960ec4a2d0be,11899673920817184975,3422461968521596924,False,,2
train/Bird-drop/Bird (47).jpg,train,Bird-drop,Bird (47).jpg,137838,False,,768,512,RGB,JPEG,0.0030085092747534,False,False,49ffc1484066ebff40daf9e2df9eb4c224c69155e30ed05b14716264b7998127,5745316483816194218,18446722670964246272,False,,169
train/Bird-drop/Bird (48).jpg,train,Bird-drop,Bird (48).jpg,60952,False,,500,375,RGB,JPEG,0.0078025834391099,False,False,e62d2e341e591f3b65cbbaab083698495a745e325e6176b4c74c641aa49764b8,5666380483930530680,15856750967657533184,False,,11
train/Bird-drop/Bird (5).jpg,train,Bird-drop,Bird (5).jpg,63016,False,,474,345,RGB,JPEG,0.0428045544045886,False,False,af384c58d3ee4f53aa167d7330efad40c77a596b7eede830945a560df5982e0e,16913676023476343061,68368681834315327,False,,170
train/Bird-drop/Bird (51).jpg,train,Bird-drop,Bird (51).jpg,45835,False,,364,307,RGB,JPEG,0.0066399398646955,False,False,9f24704faeff832ed04ceefcad9ddb5fa4a74b8ba063932f7620f640f71cbf93,2119624674509675742,18446707526792675713,False,,126
train/Bird-drop/Bird (52).jpg,train,Bird-drop,Bird (52).jpg,78046,False,,638,476,RGB,JPEG,0.0017748478701825,False,False,b97a8233581c80e3a6b706ebf808e435d39b3c089d828cae08bb64c2c6fcb0e1,17792222169921153898,17998918317518143680,False,,6
train/Bird-drop/Bird (53).jpg,train,Bird-drop,Bird (53).jpg,157466,False,,931,768,RGB,JPEG,0.0015566259398496,False,False,db7b17bfd8b34efdf2a6daf29154b1dc390554681972c3c83a2302fcff3ea852,16642050901463560604,14835950345854730240,False,,171
train/Bird-drop/Bird (55).jpg,train,Bird-drop,Bird (55).jpg,128347,False,,768,576,RGB,JPEG,0.0097790999430343,False,False,b0595efb57b8a6371ec87f9576e64bb17dc773431b915122c89a9e8b093286e8,5666380483930530680,15856750967657533184,False,,11
train/Bird-drop/Bird (56).jpg,train,Bird-drop,Bird (56).jpg,224397,False,,879,943,RGB,JPEG,0.0312209704933538,False,False,1e7cc7bbc35c574c53285b1e41f9fc067c66f4daa46cb70d6718297e28ca52f8,4063868463892443273,8124638923330914183,False,,172
train/Bird-drop/Bird (59).jpg,train,Bird-drop,Bird (59).jpg,36085,False,,514,184,RGB,JPEG,0.0036266745614684,False,False,9ef5580c9b296d53c153b87ee88480506abc581d1cff347197b17136c79c8fdf,4921198304492812211,18446734732155813376,False,,173
train/Bird-drop/Bird (6).jpg,train,Bird-drop,Bird (6).jpg,52168,False,,474,355,RGB,JPEG,0.005532676068056,False,False,9dfb9ce47ca3c5f4d460b10761a0a6c8ce47d17df1e9b2a57c3131e348b8def6,16468693210261102754,18446739001403705095,False,,120
train/Bird-drop/Bird (60).jpg,train,Bird-drop,Bird (60).jpg,69500,False,,480,360,RGB,JPEG,0.0164465689054524,False,False,e0a8f2a1090cbe2e8a5e389afe2b8abef2471a60feafae4fd02927a607025570,8420870115337288141,18445028285818658960,False,,127
train/Bird-drop/Bird (61).jpg,train,Bird-drop,Bird (61).jpg,433742,False,,1500,847,RGB,JPEG,0.0040220385674931,False,False,4592c8cc6cfbf0e30c989a414c2bd8e12c62a26b300ff7d5d6c2967dfefe7857,7518916317467559365,18435379214711556234,False,,118
train/Bird-drop/Bird (62).jpg,train,Bird-drop,Bird (62).jpg,433742,False,,1500,847,RGB,JPEG,0.0040220385674931,False,False,4592c8cc6cfbf0e30c989a414c2bd8e12c62a26b300ff7d5d6c2967dfefe7857,7518916317467559365,18435379214711556234,False,,118
train/Bird-drop/Bird (63).jpg,train,Bird-drop,Bird (63).jpg,169999,False,,980,735,RGB,JPEG,0.0027502429543245,False,False,18d43c1f1552c166abd0dab716fb09aa4cc9399e80305e6b54a0315cf63ed161,4456509949885824706,18444211902751046143,False,,174
train/Bird-drop/Bird (64).jpg,train,Bird-drop,Bird (64).jpg,219131,False,,980,735,RGB,JPEG,0.0052380952380952,False,False,c9c0cd294cc714e7410cf0798f6393e73f4107e736034038131b6320bcadcf06,9365421123939905713,11494034526582540039,False,,119
train/Bird-drop/Bird (66).jpg,train,Bird-drop,Bird (66).jpg,67156,False,,474,632,RGB,JPEG,0.0177820357042714,False,False,77404c11024ae3c01199da598938e060b20cbc049d91e53a911068a7f05a210b,13965133663143767461,1080930147672128744,False,,175
train/Bird-drop/Bird (67).jpg,train,Bird-drop,Bird (67).jpg,230147,False,,620,827,RGB,JPEG,0.0612431569031659,False,False,4e9b4e800b0e6d633aa0a5ca511bc11d74c1a3ce7868d84be34367bd2c317ac5,4604352523520727683,8106480428762001678,False,,125
train/Bird-drop/Bird (68).jpg,train,Bird-drop,Bird (68).jpg,226889,False,,614,465,RGB,JPEG,0.0083357850348141,False,False,e5bce36d0d2849827149f350f194d432bbfde68a29b9a956e49bef67948b4619,8716770217492662729,17510032734609727387,False,,176
train/Bird-drop/Bird (69).JPG,train,Bird-drop,Bird (69).JPG,122668,False,,591,587,RGB,JPEG,0.0047417271993543,False,False,4e4dcaab293522af3fcca3412bcb8970d84cb14406a82c4906cdf1c31fab3d06,3653379624222313885,18446716594508791808,False,,177
train/Bird-drop/Bird (7).jpg,train,Bird-drop,Bird (7).jpg,1969616,False,,2411,1836,RGB,JPEG,0.0013536357612857,False,False,153be2360e42514abea2d39d92d1c63f202442e4d84cb1911a71ad1a5aa02b25,8568849033552653162,18440271046640713920,False,,6
train/Bird-drop/Bird (70).jpg,train,Bird-drop,Bird (70).jpg,63016,False,,474,345,RGB,JPEG,0.0428045544045886,False,False,af384c58d3ee4f53aa167d7330efad40c77a596b7eede830945a560df5982e0e,16913676023476343061,68368681834315327,False,,170
train/Bird-drop/Bird (71).jpg,train,Bird-drop,Bird (71).jpg,67354,False,,474,632,RGB,JPEG,0.022782503037667,False,False,692ae3ca93dfb7c40cda21a042823a8077233a24dd91f19842ded715d3534857,17365858995640851048,18446457101308952835,False,,12
train/Bird-drop/Bird (72).jpg,train,Bird-drop,Bird (72).jpg,53364,False,,474,632,RGB,JPEG,0.0267782035704271,False,False,dc9cb83f5be3e932849965c58d332eefbeaa6dd1bac7b7ce47b475ce4f0e0396,4069945462107452468,18446744072417705984,False,,178
train/Bird-drop/Bird (73).jpg,train,Bird-drop,Bird (73).jpg,35636,False,,474,322,RGB,JPEG,0.0178407631627224,False,False,82ba2cfc4aac5f45c609ea6efa7e3c3c21ce8dd8db0e6ea5d37e15034900a881,16000276749847007792,18410715104891895808,False,,153
train/Bird-drop/Bird (75).jpg,train,Bird-drop,Bird (75).jpg,106894,False,,720,960,RGB,JPEG,0.0067954184094062,False,False,fcb19730234a96ffaf2b73a993cc4061cd78b3b7e991a88d7ace243cfb2694de,5790677419910802122,18446737342430445569,False,,179
train/Bird-drop/Bird (76).jpg,train,Bird-drop,Bird (76).jpg,924011,False,,1512,2016,RGB,JPEG,0.0027212852733686,False,False,cc9a971b817e83bf9704e4fe3533c4d430c7065738b433ee6a60bdee4674d835,17320998986576717668,18394831184254256320,False,,98
train/Bird-drop/Bird (77).jpg,train,Bird-drop,Bird (77).jpg,1942129,False,,1500,1102,RGB,JPEG,0.0122002346036088,False,False,f9dfcba324d884c276e5cee7542b1c2708918708d3671d9cd7faf4ce30c15826,2817862647752829641,8663869044325056256,False,,104
train/Bird-drop/Bird (78).jpg,train,Bird-drop,Bird (78).jpg,148337,False,,640,480,RGB,JPEG,0.0011848881192179,False,False,20d366546ba865c6c0ae110a6cd475b39d9756b37f9708b14d0c0f6f93640a32,13863439433831950954,18446604435732824064,False,,180
train/Bird-drop/Bird (8).jpg,train,Bird-drop,Bird (8).jpg,55972,False,,474,474,RGB,JPEG,0.0090039567560831,False,False,5ced9ca7cb1649755caf6b3f61e0950c9d82cca201fb3764eece5bd8434f281e,2314885464027892043,9187113454858801664,False,,90
train/Bird-drop/Bird (80).jpg,train,Bird-drop,Bird (80).jpg,1638142,False,,960,720,RGBA,PNG,0.0416333309702966,False,False,041d14eff31334e369af9c6d8fc191a7ab4e73ed19f0971e24f2ca780624c1c8,17573582618669795910,16629263460559028481,False,,92
train/Bird-drop/Bird (81).jpg,train,Bird-drop,Bird (81).jpg,392880,False,,986,740,RGB,JPEG,0.0156089605218976,False,False,5fb73d60632b430db23ffcaf78f2cbc805f82bff9e8dc6a536dd41a76389d6d5,10065313227914675423,18229720801525922288,False,,7
train/Bird-drop/Bird (82).jpg,train,Bird-drop,Bird (82).jpg,1811172,False,,1024,768,RGBA,PNG,0.0024032470537971,False,False,0384adfe1bc0700e67adfffdec51a51cb6a0f4eaa6f49c1b4e8c8ae60ab484dd,7235253563159498896,793499516644295427,False,,181
train/Bird-drop/Bird (83).jpg,train,Bird-drop,Bird (83).jpg,201932,False,,1024,768,RGB,JPEG,0.0005340549008438,False,False,4258e3a3667dba2780d3cf584a62177019ff3193d022bb24c5a91f5dcc57d1a8,13863439416652081786,18446604435732824064,False,,180
train/Bird-drop/Bird (84).jpg,train,Bird-drop,Bird (84).jpg,152095,False,,275,183,RGBA,PNG,0.0059805285118219,False,False,b0d8b97b440e8a75e53f13298debc862f936f4ec8651f7378bbab9e291fd64cc,9693632116991892699,13599784674195775390,False,,182
train/Bird-drop/Bird (85).jpg,train,Bird-drop,Bird (85).jpg,126782,False,,720,960,RGB,JPEG,0.0115147402853873,False,False,fe69557706502abc570d39ccbb4322cd19b2155de3ccd443201ae8de5fe5be87,7440636771944577100,17226242133814468848,False,,183
train/Bird-drop/Bird (86).jpg,train,Bird-drop,Bird (86).jpg,1023736,False,,2016,1512,RGB,JPEG,0.0068089542915931,False,False,e1cb0e8f49ce1a715747029e07abea7e60092c5360e61aec0e4b8a636890d987,15308953891876304598,9439828223727762688,False,,13
train/Bird-drop/Bird (87).jpg,train,Bird-drop,Bird (87).jpg,1815842,False,,986,740,RGBA,PNG,0.0156089605218976,False,False,daffd379076985fbef74204aa3371fadde82ebd16d80d4e4ed78071584106f74,10065313227914675423,18229720801525922288,False,,7
train/Bird-drop/Bird (88).jpg,train,Bird-drop,Bird (88).jpg,126127,False,,720,960,RGB,JPEG,0.0224420971613177,False,False,e13b1c9d6d2a08c2bc8cc48074c744ff301323a18c395a07dd226eafacb0d22a,7188803634214332699,18419445399116316214,False,,184
train/Bird-drop/Bird (89).jpg,train,Bird-drop,Bird (89).jpg,100451,False,,720,960,RGB,JPEG,0.0066232543066343,False,False,d0b99dcb455638341db3372361f4b81e259f48404c0478025e5d6cb0bc779733,11063234050262462056,18446672620486131777,False,,185
train/Bird-drop/Bird (9).jpg,train,Bird-drop,Bird (9).jpg,79907,False,,601,600,RGB,JPEG,0.0013394157041638,False,False,a771c22a1f00e6474ee5b570fadb6af70f3e5fe6f1e21a6f90342ded9270fbe4,17702886858733480297,18440552702006051520,False,,186
train/Bird-drop/Bird (90).jpg,train,Bird-drop,Bird (90).jpg,144136,False,,720,960,RGB,JPEG,0.0631437165166138,False,False,547a2e680efd448ca327e4599f72bab4f951024cf4604176d86f54f46df2656a,4923052535440802584,506381347238133567,False,,187
train/Bird-drop/Bird (91).jpg,train,Bird-drop,Bird (91).jpg,1335131,False,,2048,1536,RGB,JPEG,0.0264803400164667,False,False,0c61a35b6bca48dc2ce03f285abd8dd1c53b6e1a658639a52fdee2edc856bd97,11501339955639132352,18446743004313092096,False,,188
train/Bird-drop/Bird (92).jpg,train,Bird-drop,Bird (92).jpg,1220576,False,,2560,1920,RGB,JPEG,0.0027799456543411,False,False,c643d1673f1d08b0c1bb35c442740a8265c530181f4721d4cd0f3f4dde098e14,8463491781013843369,18402201487448537248,False,,189
train/Bird-drop/Bird (93).jpg,train,Bird-drop,Bird (93).jpg,119581,False,,720,960,RGB,JPEG,0.0032609906525019,False,False,f78f6f800555c84f84f8bce765648ff86d520f236afdf313ff363a20702a8e33,547343131285168280,18428617594161562097,False,,190
train/Bird-drop/Bird (94).jpg,train,Bird-drop,Bird (94).jpg,763001,False,,1536,2048,RGB,JPEG,0.0075279823761098,False,False,e89d5594569d33a9e6469c80533e1be0488d2e4dd00b1dea5ed0acbb49ff7134,18266224991231503131,18445891904733766780,False,,191
train/Bird-drop/Bird (95).jpg,train,Bird-drop,Bird (95).jpg,120843,False,,720,960,RGB,JPEG,0.0025115704404362,False,False,b852485fe6b53ebb8c41ee2066b755471b381831379ca85bb061536def6419e6,6987854632156493850,14393663307959759871,False,,192
train/Bird-drop/Bird (96).jpg,train,Bird-drop,Bird (96).jpg,120302,False,,720,960,RGB,JPEG,0.0195558166148486,False,False,3e8f8f07a662a1ecbd02865ec1fdc85d5f8f8df3389884114f56a77856b3e617,15272022451115057272,36306007143597043,False,,193
train/Bird-drop/Bird (97).jpg,train,Bird-drop,Bird (97).jpg,135265,False,,720,960,RGB,JPEG,0.0258853792167546,False,False,f6119c9d06c216a0b9173f53a9d0156870b63eda912f6a6139197419bcc2a4f8,14978754730433269269,72057589995143168,False,,194
train/Bird-drop/Bird (98).jpg,train,Bird-drop,Bird (98).jpg,631448,False,,1536,2048,RGB,JPEG,0.0032755513028772,False,False,fa535f2beb9dcf6bd2e56d9da5fc3f9a90ed62eb27d0a07dd038620cc3e76b9d,4461900471257190088,18446731429325832448,False,,195
train/Bird-drop/Bird (99).jpg,train,Bird-drop,Bird (99).jpg,1638142,False,,960,720,RGBA,PNG,0.0416333309702966,False,False,041d14eff31334e369af9c6d8fc191a7ab4e73ed19f0971e24f2ca780624c1c8,17573582618669795910,16629263460559028481,False,,92
train/Clean/Clean (1).jpeg,train,Clean,Clean (1).jpeg,69816,False,,500,500,RGB,JPEG,2.7999440011199776e-05,False,False,70554b3007114f723211561375ae25caee23659a19303073ec30718917ba073b,3546548952489415318,9223089397908373504,False,,14
train/Clean/Clean (10).JPG,train,Clean,Clean (10).JPG,167409,False,,1218,779,RGB,JPEG,0.0019771885559145,False,False,cff77dd95f21f7645f6c81ff90a5a124e984f2018e99ecf5824866fff6558aa0,15966832625200221308,18445049418000918640,False,,196
train/Clean/Clean (100).jpg,train,Clean,Clean (100).jpg,297834,False,,1080,1080,RGB,JPEG,0.0013443038126616,False,False,299f275b5d71268a94942460eab860171af270894005aec8abc4f99b9a49e90d,1017233825678363801,18301467805683548419,False,,197
train/Clean/Clean (101).jpg,train,Clean,Clean (101).jpg,128694,False,,960,720,RGB,JPEG,0.0113527034827785,False,False,3c98534f12863a6e1ae271a36df0f32ac38f798dce622afd60f448ceb1864a67,14378623777018831059,18374446105434982151,False,,198
train/Clean/Clean (102).jpg,train,Clean,Clean (102).jpg,481577,False,,1536,2048,RGB,JPEG,0.0206613409288146,False,False,84e263811ac14e815a0a1b818bdc61976e6d3eabe3e4a46b5a27b7b401fe1b63,10103321014868439520,18446743798831644672,False,,199
train/Clean/Clean (103).jpg,train,Clean,Clean (103).jpg,563414,False,,2047,1152,RGB,JPEG,0.03265277043915,False,False,ed44e4467a9d467b1b0ea38d90fbd274dfe9431f4195eb7c93b2012995c0f12b,2270308171567555625,18376656811010289663,False,,200
train/Clean/Clean (104).jpg,train,Clean,Clean (104).jpg,155589,False,,960,678,RGB,JPEG,0.0002903756600668,False,False,cc86547ef5ba9fb38dfa36d0db2643325f0d1f5eaaa5e350d6f4ab7900ca07ca,10922012774000351372,18446743004262694912,False,,201
train/Clean/Clean (105).jpg,train,Clean,Clean (105).jpg,36398,False,,474,316,RGB,JPEG,0.0224320029909337,False,False,5c9fbd3f402fd8d7333c8be0a98de45defce00fd213cc4a7ec4d200e47b255da,1194064444888482305,2251588019377209600,False,,202
train/Clean/Clean (106).jpg,train,Clean,Clean (106).jpg,167643,False,,600,900,RGB,JPEG,0.0004537028635132,False,False,319606c46292229df958c1b1fce0172f45a59a07053a036a01636eafe9e40348,1732572582253272212,72056082211536895,False,,203
train/Clean/Clean (107).jpg,train,Clean,Clean (107).jpg,950490,False,,2364,2364,RGB,JPEG,0.0097512766844907,False,False,da85d805ea46665f3007c20040b1ba375d53c1831f01136816f8985231add3ae,14888420737942755846,18446489047376729100,False,,204
train/Clean/Clean (108).jpg,train,Clean,Clean (108).jpg,110476,False,,1024,684,RGB,JPEG,0.0022986208275034,False,False,a927c941bb779201b277b7130f5cb98d068f7b15e7c90fda5a052c93175c7715,10377003029857772193,18392435960404443650,False,,205
train/Clean/Clean (109).jpg,train,Clean,Clean (109).jpg,592928,False,,1536,2048,RGB,JPEG,0.0095062195420458,False,False,cef1aa61820e0ac23b6aa625680cb0b7876930c1a660c6441b4bc3c0f32865ea,4475447152872386028,18392699645001236480,False,,206
train/Clean/Clean (11).jpg,train,Clean,Clean (11).jpg,179181,False,,1200,803,RGB,JPEG,0.0030437751529151,False,False,fd9ffcc69034f26fa65fbf547b842434fbe2686a7cfb80f16831795a70a32e63,9042710734720153,18446514314434052355,False,,207
train/Clean/Clean (110).jpg,train,Clean,Clean (110).jpg,88209,False,,720,960,RGB,JPEG,0.0006785291109243,False,False,526461fa7b885a5f91af4ea5c4e3b2806d44a5614e3d107da4a43de35a64b549,2197169121556796980,18445612128636239872,False,,208
train/Clean/Clean (111).jpg,train,Clean,Clean (111).jpg,115933,False,,720,960,RGB,JPEG,0.0258651246164285,False,False,36ba87b4dc4bc70987114f2020ef051d0a476c41c775adff972c350d61ef636a,12363396903743638604,18446726481523510044,False,,209
train/Clean/Clean (112).jpg,train,Clean,Clean (112).jpg,121523,False,,720,960,RGB,JPEG,0.1332853974458949,False,False,b02b38d1167384a9b628d8d3ac81250359e4817540a06d8601512e7c80ec74a1,495113302809833785,18446146489139912947,False,,210
train/Clean/Clean (113).jpg,train,Clean,Clean (113).jpg,248638,False,,1280,720,RGB,JPEG,0.0998192286074526,False,False,041226063cf1d580f01f8bffd02db9ab24123c46a9632ea6545a7a19517a786c,15291041147091798413,17003321714341314560,False,,211
train/Clean/Clean (115).jpg,train,Clean,Clean (115).jpg,87501,False,,800,600,RGB,JPEG,0.0006562445312955,False,False,05f06f51fe46869710ec4b13548597e7ea3cd4bd69f00beb4405960e14e49f87,9731350299469868484,18446608294769361024,False,,212
train/Clean/Clean (116).jpg,train,Clean,Clean (116).jpg,1008537,False,,1224,786,RGB,JPEG,0.0162764300993902,False,False,deef7faf41c5285568e413c1abdf8a852a29158082538f7dfd6dd0d4fa6c5bcf,2217784694558373773,18446740744854044808,False,,213
train/Clean/Clean (118).jpg,train,Clean,Clean (118).jpg,19251,False,,250,250,RGB,JPEG,0.0015679247396124,False,False,a3badb3ca403b1083b851bc09d7b50f33da087da956028e30e097db9e70641bf,3598922392873456182,17582021961930768384,False,,214
train/Clean/Clean (119).jpg,train,Clean,Clean (119).jpg,296609,False,,850,565,RGB,JPEG,0.0045329990671641,False,False,43eec1b7954271496bfb0b5df0c63b775d23c466b9b491eae6c2119e9f444f01,5122369010852841804,2234063591247761409,False,,215
train/Clean/Clean (12).jpg,train,Clean,Clean (12).jpg,100172,False,,608,608,RGB,JPEG,0.0010225336110585,False,False,f9a4e1b98a146f4884559544e56e5fd9ba179ff55b5357b435321fabeb9a001d,540864102211134757,18446487969121435648,False,,216
train/Clean/Clean (120).jpg,train,Clean,Clean (120).jpg,53103,False,,700,447,RGB,JPEG,0.0032885906040268,False,False,d0269b405139ca1e8f05a91e2a1814bab398f9360855ca0b452ee3b4b46728fc,17856241156464364779,18228725634703085760,False,,217
train/Clean/Clean (121).jpg,train,Clean,Clean (121).jpg,49499,False,,474,355,RGB,JPEG,0.018303589999584,False,False,8965b19a6b783e40cd9c733cd1a1d8c64c7bed9c3951141531f90efc1b4dd946,1737765552663072969,141850883080159,False,,218
train/Clean/Clean (123).jpg,train,Clean,Clean (123).jpg,48415,False,,474,355,RGB,JPEG,0.0013311701817879,False,False,f6e7f678370c79ecc6ce55484274c5a64cad6615c67f87dc2a3833ec4b8dd976,10457948388555580585,13780789512431091970,False,,219
train/Clean/Clean (124).jpg,train,Clean,Clean (124).jpg,130720,False,,910,888,RGB,JPEG,0.0010654885654885,False,False,8abb3e3e5dd33ff3e69aa79496f647d32d3e73f1a6ad1aaf216b1022c5022d0c,8649749045856844004,17834254297024520651,False,,220
train/Clean/Clean (125).jpg,train,Clean,Clean (125).jpg,54709,False,,499,385,RGB,JPEG,0.0006194206595008,False,False,be8c1fb731ea8673d26372351a205a753d15bb39328efa94c900d3bae9529d26,1588693177993507482,9185117949210788864,False,,221
train/Clean/Clean (127).jpg,train,Clean,Clean (127).jpg,39167,False,,474,355,RGB,JPEG,0.0009151794999792,False,False,7a1436ca4e6dbd0ff668b8d578f693956256ffe97b35dc245f3c0a72a8162099,2242342777424261780,18229723581066184455,False,,222
train/Clean/Clean (128).jpg,train,Clean,Clean (128).jpg,104514,False,,692,263,RGB,JPEG,0.0025,False,False,0b2583c1177100e34071de27034c7333acca17c8c3afb5f78525654ae29e7512,4865600664921164249,9168233779360995987,False,,223
train/Clean/Clean (129).jpg,train,Clean,Clean (129).jpg,274714,False,,1334,1000,RGB,JPEG,0.0022878492118464,False,False,52177b6d9f8ead0a043af762cc1195f132c6682127b94028c2e43e285dc268c3,254302968371262525,18446603327631261696,False,,224
train/Clean/Clean (13).jpg,train,Clean,Clean (13).jpg,2079038,False,,3500,2330,RGB,JPEG,0.0007433476394849,False,False,05b02f3dc116634a62d02287df80c89f1da069e66e3d4b6e5b903a69d10c5a75,512244370780323199,18446726481523564798,False,,225
train/Clean/Clean (130).jpg,train,Clean,Clean (130).jpg,1716530,False,,2048,1536,RGB,JPEG,0.0019648857339949,False,False,4537c74ac2e30c412693d8e1aa7c3149b778931050a53a5d7e62dafa7d9cbad7,247837785825942302,18446533023028883480,False,,15
train/Clean/Clean (131).jpg,train,Clean,Clean (131).jpg,821041,False,,2400,1800,RGB,JPEG,0.0054574061441189,False,False,00bc33319ccacbc6569f56e78b4d047d111c9abf4c5596239007efe83e0f8a6b,3317143865357246499,18446726481527767823,False,,226
train/Clean/Clean (132).jpg,train,Clean,Clean (132).jpg,4104552,False,,3072,2304,RGB,JPEG,0.0416456093052603,False,False,b0d83a2908ca269afd422d3f5ebf69cdf63cf8e4a49c54cbcb739391f67977a7,2075635120969267585,18446462611634520067,False,,227
train/Clean/Clean (133).jpg,train,Clean,Clean (133).jpg,239779,False,,1280,720,RGB,JPEG,0.0011013383159397,False,False,7db57c36bdbbd1bd8860e72ba7747c899e01d4ebd08d3ab8015cf1673b018de6,2319478329558480486,9169160680723521536,False,,228
train/Clean/Clean (134).jpg,train,Clean,Clean (134).jpg,184375,False,,600,450,RGB,JPEG,0.0008555428808462,False,False,5f5734858865f2fd3ce63d49f5f0f6ef96f0c9b6635152bf11ef15667fd10199,13080881664820943361,18392427108392501248,False,,229
train/Clean/Clean (135).JPG,train,Clean,Clean (135).JPG,155091,False,,1131,775,RGB,JPEG,0.0015253398073759,False,False,bb09599acbd398894b45c35edb68b1a459bacf25798078b2a8d31e90501bb34f,15913072036220785748,18446178620737611896,False,,230
train/Clean/Clean (136).JPG,train,Clean,Clean (136).JPG,159606,False,,788,740,RGB,JPEG,0.0002400873918106,False,False,e6b52a25fd9482ef331368a53ae9e9fc58196e558a11900e50cdd38d290e3db0,13238161702284615422,18441370523365576944,False,,231
train/Clean/Clean (137).jpg,train,Clean,Clean (137).jpg,75021,False,,600,400,RGB,JPEG,0.0019541503820801,False,False,894f0efc798421a09a37b794cffb8c3395111233b78f6b96326db3ee3730a42d,11858834493424766420,3399961588357563329,False,,232
train/Clean/Clean (138).jpg,train,Clean,Clean (138).jpg,223994,False,,1024,768,RGB,JPEG,0.0032221312350909,False,False,789421c1035faa24f51a9931fc2fa606faac07ec9a2b8bef33b733fd5eec61b9,12433493758787760812,18426909453069680771,False,,233
train/Clean/Clean (139).JPG,train,Clean,Clean (139).JPG,149364,False,,1032,781,RGB,JPEG,6.079449722950792e-05,False,False,748a719ea98ee5a2d7b00b1ff6dc0f7a7e9f7b18881e6d3dca054998ffd14372,16496382991244718034,18413117194335979775,False,,234
train/Clean/Clean (14).jpg,train,Clean,Clean (14).jpg,856600,False,,1936,2592,RGB,JPEG,0.0093614777492278,False,False,0d3f116cd6c9915a7bfc1cd339034c76de4181031c7cc32485f485fd2345b4a2,81121881363761057,18446742974197923840,False,,235
train/Clean/Clean (140).JPG,train,Clean,Clean (140).JPG,63308,False,,494,493,RGB,JPEG,2.8742239595309267e-05,False,False,dd6e7091f71bed1a7609fd6e07966859b024e437afc9b57e9306259c36987202,901635426881935468,2238011395639619608,False,,236
train/Clean/Clean (143).jpg,train,Clean,Clean (143).jpg,79654,False,,900,600,RGB,JPEG,0.0068055429526982,False,False,96ed2ac4423645a37c86e280afe54c4e3eedf4aec0daa59a9b230a7263e80a06,11518975844034805117,18356316873957621760,False,,237
train/Clean/Clean (144).jpg,train,Clean,Clean (144).jpg,48085,False,,474,355,RGB,JPEG,0.0012479720454261,False,False,75cf9fe8c1539dbb2b4a4a74a76712613ef6c4f0a6e24e78fc5932b2a27dbe4b,7183752045967075764,18387941139673383169,False,,238
train/Clean/Clean (145).jpg,train,Clean,Clean (145).jpg,38463,False,,474,315,RGB,JPEG,0.00028129395218,False,False,1f1d199f1f8fe86f6083b03ec1684fb5ff0b63b8f20dd6099363d658c12695e7,81210138350207396,18446497194744741888,False,,239
train/Clean/Clean (146).jpg,train,Clean,Clean (146).jpg,71184,False,,696,470,RGB,JPEG,0.0008131473080544,False,False,e89d227081034403dc6e5537f513560d9cfe7dace7059b15bf37f40747a41ba0,9177780479097334444,18446462598733905920,False,,240
train/Clean/Clean (147).jpg,train,Clean,Clean (147).jpg,41943,False,,474,355,RGB,JPEG,0.0015391655226922,False,False,fa5d9a383828cf9056ab24958d99c2d84ebd1aa995ab72826c258f8b860ab928,9042092173934458350,18370430204677243008,False,,16
train/Clean/Clean (148).jpg,train,Clean,Clean (148).jpg,37477,False,,474,316,RGB,JPEG,0.0,False,False,f66af176445f038c78aec90cbfd3ce2dd95d814c2f1b01543d78516efba56646,13156926860337258780,9204687259656531505,False,,241
train/Clean/Clean (149).jpg,train,Clean,Clean (149).jpg,80632,False,,702,468,RGB,JPEG,0.0143818979844036,False,False,03719a2e18c129d4d690e8e3eb11c85e32bb8358cc2b976a5c29253a78adf608,7156300485683081344,5622681527288807808,False,,242
train/Clean/Clean (15).JPG,train,Clean,Clean (15).JPG,178696,False,,1051,777,RGB,JPEG,0.0002914427272181,False,False,b164bead33cb6f4636afad34ef192539b9d4a269c930bfba3e4a4954bafa2ddc,1012197267682333227,4107142089597518848,False,,243
train/Clean/Clean (150).jpg,train,Clean,Clean (150).jpg,37836,False,,474,316,RGB,JPEG,0.0100009346667912,False,False,9cb83773a462058ed3fe847444a5908d2178d6d3c561d5907c7e5cdd5e516289,14395597600263176963,9279887966357831196,False,,17
train/Clean/Clean (151).jpg,train,Clean,Clean (151).jpg,58453,False,,600,400,RGB,JPEG,0.000874992708394,False,False,4ba89e3415d120f5d423cf579c316feb95f524a3f6bc8af1f9440fb7dab3965a,7072557980642829400,6881376015923478785,False,,244
train/Clean/Clean (153).jpg,train,Clean,Clean (153).jpg,44084,False,,474,364,RGB,JPEG,0.0016634209672184,False,False,f557b6a875ac9e0bfb30e5060e4875a01882260c185337e4119471a42abab638,5281812536743840649,18446613820219852290,False,,245
train/Clean/Clean (154).jpg,train,Clean,Clean (154).jpg,80629,False,,1000,667,RGB,JPEG,0.0039145309909115,False,False,d4bf49d49be5adf563e8b649437fa6c3d23a919f52674e7e5970b630a6930770,5344133541918839739,1808485573200217735,False,,246
train/Clean/Clean (155).jpg,train,Clean,Clean (155).jpg,56122,False,,800,500,RGB,JPEG,0.0019424951437621,False,False,d60d1202f015ac2e20cb3dc46089cd2d6ee18bce6fd47c896a16175f925e0036,877080786297393537,1948662254673232515,False,,247
train/Clean/Clean (156).jpg,train,Clean,Clean (156).jpg,219318,False,,1600,1067,RGB,JPEG,7.380497445527828e-05,False,False,44707bd01a659f2da65d0ba05b039c135ecbdf349a2a26fedee6a6677e1307d1,16851262973209664693,17506878234687537442,False,,248
train/Clean/Clean (157).jpg,train,Clean,Clean (157).jpg,44084,False,,474,364,RGB,JPEG,0.0016634209672184,False,False,f557b6a875ac9e0bfb30e5060e4875a01882260c185337e4119471a42abab638,5281812536743840649,18446613820219852290,False,,245
train/Clean/Clean (158).jpg,train,Clean,Clean (158).jpg,25936,False,,350,300,RGB,JPEG,0.0046,False,False,72772bad6face2eee4e46d8ee9785a6120decd73fac4f754b193312aa3fbab52,215644289926793,9169222193043735554,False,,249
train/Clean/Clean (159).jpg,train,Clean,Clean (159).jpg,71878,False,,800,533,RGB,JPEG,0.001493884921612,False,False,1033a592b9db6792123f547bc5d663b85a16df32a34309ecc7add949a98aab31,16047992169651555406,18446727101609412608,False,,250
train/Clean/Clean (16).JPG,train,Clean,Clean (16).JPG,136419,False,,1121,777,RGB,JPEG,8.036582523647644e-06,False,False,ad3809eea6b4f12005306cb94863b658a5c40d66e6f2f35246dded4471b4a5c7,1610612993,1082841963377919747,False,,251
train/Clean/Clean (160).jpg,train,Clean,Clean (160).jpg,45554,False,,474,475,RGB,JPEG,0.0,False,False,3ab344f01c0733d0b24103237a13994dafbf7a039061784ea0f6ff79afbc425d,18446744069244644539,18446740709676417024,False,,252
train/Clean/Clean (161).jpg,train,Clean,Clean (161).jpg,37836,False,,474,316,RGB,JPEG,0.0100009346667912,False,False,9cb83773a462058ed3fe847444a5908d2178d6d3c561d5907c7e5cdd5e516289,14395597600263176963,9279887966357831196,False,,17
train/Clean/Clean (162).jpg,train,Clean,Clean (162).jpg,100479,False,,1200,550,RGB,JPEG,0.0010287847612582,False,False,c2d285f52758cebffca8dcf60a0076a1f72d0aecbed5a6f172cabc685f1279f7,11173766238909383394,13125462947197423367,False,,253
train/Clean/Clean (163).jpg,train,Clean,Clean (163).jpg,39140,False,,500,400,RGB,JPEG,3.499930001399972e-05,False,False,d1f9384a33476144511e056b96ad3f5b21b721ef0403ae853531d11e82b9cc46,3483547998916741274,2816755162549387280,False,,254
train/Clean/Clean (164).jpg,train,Clean,Clean (164).jpg,85549,False,,800,600,RGB,JPEG,0.0021145657119524,False,False,4497f9cf7b95c535e9b87bb0f6471d1a98bb0bec470e26506406b8ec983cc1b3,13094829884115379617,16204198577769598895,False,,255
train/Clean/Clean (165).jpg,train,Clean,Clean (165).jpg,144246,False,,700,933,RGB,JPEG,0.0294640943193997,False,False,e7107ff22be551974af430c77cfaf1983cb341761d4a1c5661462403d1abdda4,1081718250485850759,18194295168985792524,False,,19
train/Clean/Clean (166).jpg,train,Clean,Clean (166).jpg,44572,False,,474,355,RGB,JPEG,0.0003327925454469,False,False,704c4fe87a0f9565626f85012a0d425c3429a9e1d65ff74cd896ce64fbb1d5a3,1190538152180504198,18392471625913861124,False,,256
train/Clean/Clean (167).jpg,train,Clean,Clean (167).jpg,55106,False,,474,355,RGB,JPEG,0.0007903822954365,False,False,c407c54ce1a485cb34551e3962a3b0a308de9c043a9955a18b75113f00861f0c,13204060114163014867,18408498799547543782,False,,20
train/Clean/Clean (168).jpg,train,Clean,Clean (168).jpg,138199,False,,1280,960,RGB,JPEG,0.0029565405627111,False,False,d09e23183db7005edcbeca100ea22c742cca0a421e9f367f94d3f0dad44b8847,10967431006247319762,216466694305202560,False,,257
train/Clean/Clean (169).jpg,train,Clean,Clean (169).jpg,155558,False,,1078,1078,RGB,JPEG,0.0286364841095824,False,False,a2af27acd425aa1fabd6312a67b543457595a4dc908684e77c189e8f51c42951,9130651126881365155,18446742974516690948,False,,258
train/Clean/Clean (17).jpg,train,Clean,Clean (17).jpg,146028,False,,800,600,RGB,JPEG,0.022122732310564,False,False,8c53dd5b7a7cfc007f488640c90b5954729b74f97736c87c3cd5c40fdced48ce,8301874809861869653,16495696408209457152,False,,259
train/Clean/Clean (171).jpg,train,Clean,Clean (171).jpg,43525,False,,474,316,RGB,JPEG,0.0003271333769511,False,False,ecf776867a01d3289a5ddd681a44108f030758431dcd9706e7a81b9294ed3050,11116720643573889508,18446493404465619584,False,,260
train/Clean/Clean (172).jpg,train,Clean,Clean (172).jpg,56595,False,,640,640,RGB,JPEG,0.0,False,False,49ba0d5b645870d19591a8f6ccafb61b4f5db18afe7fc4bd23872ad294515a33,910642626136676460,2238011395639619609,False,,236
train/Clean/Clean (173).jpg,train,Clean,Clean (173).jpg,892800,False,,2503,1676,RGB,JPEG,0.0349346726960236,False,False,7c99b661cf30bfd22f30bfab54bde7e5d22823aaaf30daee24d9896434c802f8,18446532400397561601,17363893211960971279,False,,261
train/Clean/Clean (174).jpg,train,Clean,Clean (174).jpg,70802,False,,620,440,RGB,JPEG,0.0005901672995997,False,False,f0de9d4e53ec48f82d6b763495b7448c7fd5ff26ee2cdb83baeca5a4f7c70444,7208180536991318144,18392444722154242819,False,,262
train/Clean/Clean (175).jpg,train,Clean,Clean (175).jpg,166888,False,,700,500,RGB,JPEG,0.00518,False,False,853896289bd5afbf9813a1db97415e7b8585d8a7e94c51297ef15c24ceeac493,10916719437718456005,18444738843666816008,False,,21
train/Clean/Clean (176).jpg,train,Clean,Clean (176).jpg,411439,False,,1280,853,RGB,JPEG,0.0018015361140673,False,False,5f002c1441bfd2c35783e89f5a2691390c6de722467373a14142504aefeba7bd,5344968009977666001,1736146504059881155,False,,263
train/Clean/Clean (177).jpg,train,Clean,Clean (177).jpg,39387,False,,320,180,RGB,JPEG,0.0020658646251063,False,False,da9921fd693596d032b79d3a9ba5e7d1383c68edf345d74b1a0f98645a77a4c9,18083894223504172878,17357366580176046208,False,,264
train/Clean/Clean (18).jpg,train,Clean,Clean (18).jpg,150044,False,,768,1024,RGB,JPEG,0.0103428632463417,False,False,24efcb1392cdaf357df1a4ad02865c030cfa718008a89c82ad409206a4fdf1d4,443264372565529016,2161726937465094144,False,,265
train/Clean/Clean (180).jpg,train,Clean,Clean (180).jpg,327902,False,,1152,640,RGB,JPEG,0.000769040882593,False,False,864dfbf03bc14883e2439efd1faaf7594d42ff6f341099f070f019e32310a421,1763196689934496260,3983168935939213071,False,,266
train/Clean/Clean (181).jpg,train,Clean,Clean (181).jpg,31699,False,,448,336,RGB,JPEG,0.1136997767857142,False,False,df3d06159f44b1af895a29f44dac4a5e2053c861cc532f3a72481d9dfb298d8c,49735731266693481,18446742991377793024,False,,267
train/Clean/Clean (182).jpg,train,Clean,Clean (182).jpg,17035,False,,300,225,RGB,JPEG,0.0026962563517577,False,False,9a5d162c951e14ef0cb5a6fb7c29cd2487c7f7b419a3ace29c4e8ecd4ef6424e,10364514637787418479,18229582265250742272,False,,268
train/Clean/Clean (183).jpg,train,Clean,Clean (183).jpg,297682,False,,1500,1000,RGB,JPEG,0.0007233323688901,False,False,2bdf04dd812fcbd4c6733c06fc03d5dd3060a53ff359dee6e5f25a676effcce8,10313031392630107468,18230571283005833439,False,,24
train/Clean/Clean (184).jpg,train,Clean,Clean (184).jpg,85864,False,,768,444,RGB,JPEG,4.10559592724884e-05,False,False,383f4cd7e4c86b4476450b2b9898830c3b119a315e129282005ed8abfb539989,12723452096804146330,18381314074948342064,False,,269
train/Clean/Clean (185).jpg,train,Clean,Clean (185).jpg,147781,False,,690,464,RGB,JPEG,0.0031265031265031,False,False,50837e34fcba939699cbad1d8026462677299828126c99bb23f81295118b7bcb,16823382579151671353,9439828501114979079,False,,270
train/Clean/Clean (186).jpg,train,Clean,Clean (186).jpg,86253,False,,800,450,RGB,JPEG,0.0005833284722627,False,False,7e5a67b2a336ea37fd9d7248cf610a8c99e4564287e7cc682d900f8521484d88,15450244249757849238,18446463556502192260,False,,271
train/Clean/Clean (187).jpg,train,Clean,Clean (187).jpg,223805,False,,1024,768,RGB,JPEG,0.039288638872076,False,False,9ef8683d30acb708ef29c3e9b0bc58c7ac56663a7b2f19293cc17e82db35c8ba,5306529221507709951,1406037846827001472,False,,272
train/Clean/Clean (188).jpg,train,Clean,Clean (188).jpg,4104552,False,,3072,2304,RGB,JPEG,0.0416456093052603,False,False,b0d83a2908ca269afd422d3f5ebf69cdf63cf8e4a49c54cbcb739391f67977a7,2075635120969267585,18446462611634520067,False,,227
train/Clean/Clean (189).jpg,train,Clean,Clean (189).jpg,2240539,False,,3264,2448,RGB,JPEG,0.0087256059740614,False,False,bc4547f777814ab610e5dc29532c2f0acf75b4488d70eacccee93eb345721c7d,16613532154182965657,18374686425984532480,False,,273
train/Clean/Clean (19).jpg,train,Clean,Clean (19).jpg,2354955,False,,5472,3648,RGB,JPEG,0.0122569251820146,False,False,55474eda524dbdcad9d1922a429782495057f94c52a7c6efb888dfb92263b0ae,16204184922205887379,18446462603027808256,False,,274
train/Clean/Clean (190).jpg,train,Clean,Clean (190).jpg,99713,False,,499,385,RGB,JPEG,0.0004736746219712,False,False,93dd298709a1ec689a3187b239dbec68ccd2b3d897db7387b5a191cb29d1296c,1588693177993507482,9185117949210788864,False,,221
train/Clean/Clean (192).jpg,train,Clean,Clean (192).jpg,363367,False,,1400,1050,RGB,JPEG,0.0339809523809523,False,False,3be1c7ba9e26efdb3871387c2dd35eba6bedec86ef08a6e1614294433480e412,2699616603694466104,18441656499198558467,False,,275
train/Clean/Clean (193).png,train,Clean,Clean (193).png,331579,False,,400,300,RGBA,PNG,0.0031499737502187,False,False,79ac24361469ca10c52c5652321c90622c61682770f9f2022069719bb9b91e98,16391993261960663815,18429010045934240780,False,,276
train/Clean/Clean (2).jpg,train,Clean,Clean (2).jpg,82865,False,,358,343,RGB,JPEG,0.0021662296203397,False,False,2c8380bbbf468716af2228e40e5397f4ba42607bd85087aa2e06125e8c2d6f1b,1152111876048147126,18442518165197980836,False,,277
train/Clean/Clean (20).jpg,train,Clean,Clean (20).jpg,1719877,False,,3264,2448,RGB,JPEG,0.0410690444234967,False,False,b6a7e3dd491b1fa39c486851c774c24cd136b57429d4d71feb5bc4b1629ac938,6709550003457477246,17940362863298248800,False,,278
train/Clean/Clean (21).jpg,train,Clean,Clean (21).jpg,1822953,False,,5464,3640,RGB,JPEG,0.0113614286518752,False,False,d4f73612f5bfe1792857f270b85537457bc6dff380a3229dcc3b5213942bef10,1946438716252908579,18446742999967727616,False,,279
train/Clean/Clean (22).jpg,train,Clean,Clean (22).jpg,1125807,False,,2560,1707,RGB,JPEG,0.0001890192623443,False,False,dca8b496fdfb252f8b1e44af94564e09f26667df11958b82466a5a2fae533d33,3099322423675271219,18410450311568187746,False,,280
train/Clean/Clean (23).jpg,train,Clean,Clean (23).jpg,1233515,False,,1824,2048,RGB,JPEG,0.0085467843215884,False,False,fe22a092b43d936ca2fdff1e59ebeb864ef2a2d65806bdac414e7de632794e93,6148909146246408614,18446744073692905472,False,,281
train/Clean/Clean (24).jpg,train,Clean,Clean (24).jpg,12602350,False,,5067,3370,RGB,JPEG,0.0279413084944283,False,False,0ff37605579e2520fd37da19dab60be0a11d6e0c439f207ee3ec482d331b9857,3747973989119978080,18446709713983815879,False,,282
train/Clean/Clean (25).jpg,train,Clean,Clean (25).jpg,609528,False,,720,800,RGBA,PNG,0.5042777629244343,False,False,6b52949ea58afed66a6b6520a88e92f7bf52e471c779257e99790598911144b4,7238520952423997536,16421219234243404771,False,,283
train/Clean/Clean (28).jpg,train,Clean,Clean (28).jpg,264810,False,,1000,667,RGB,JPEG,7.346304808681233e-05,False,False,41f1f1d60f3c9e1075166a929f3715ce9010c4c1a31692f7657e3eab9facd5b7,2742133075716694337,8943883907838183170,False,,284
train/Clean/Clean (29).jpg,train,Clean,Clean (29).jpg,70027,False,,800,485,RGB,JPEG,0.0,False,False,9e4c26797d3dd5c5f492209a419c7a770ab5a3c44f9eb5c07639c555a6c2b7ad,2959722776287724435,9169117726973888007,False,,285
train/Clean/Clean (3).jpg,train,Clean,Clean (3).jpg,89033,False,,736,494,RGB,JPEG,0.0009818832906567,False,False,34dc36d0a8b3749afdf231b1379bce965ecd02d03185ba1407ae6c81b1375dbd,92649367408225316,18446479323655374857,False,,286
train/Clean/Clean (31).jpg,train,Clean,Clean (31).jpg,219539,False,,1200,800,RGB,JPEG,0.0016770815863733,False,False,70e6a2993b5eff4f84c838944b87477a894500d8716c3c69ff3999374427f67b,1893348606719113700,18446493404465619584,False,,260
train/Clean/Clean (32).jpg,train,Clean,Clean (32).jpg,567997,False,,900,506,RGB,JPEG,0.0013065264840603,False,False,42561e77eb75b8031c957f097a37eb6e4bfd13b77afacd93531d7e12f8d63eff,13821252007042603570,17940633131355213856,False,,287
train/Clean/Clean (35).jpg,train,Clean,Clean (35).jpg,45741,False,,600,400,RGB,JPEG,0.0113165723618969,False,False,e39d9899726d29fa5d54e3bfa1b8c220c0f148a6a05090b098e4ee0f03ea871a,9727776294725334329,18383419913466536946,False,,288
train/Clean/Clean (36).jpg,train,Clean,Clean (36).jpg,200278,False,,615,410,RGB,JPEG,2.7760812836599856e-05,False,False,07280eacecad6579699c0e8e719c2339203131cb0bd9e59084e9741df1d75ee1,1775723033401059370,17802455561535488257,False,,289
train/Clean/Clean (37).jpg,train,Clean,Clean (37).jpg,333916,False,,414,353,RGBA,PNG,0.0099626400996264,False,False,acb12d1beff34c5fef68c809af40218c63e07b83b1fdc19ad8c3ebf4ec48c304,8039057551070031415,18428519601919811808,False,,290
train/Clean/Clean (38).jpg,train,Clean,Clean (38).jpg,36000,False,,300,300,RGB,JPEG,7.777259293824856e-05,False,False,934897c56248324743939c42e3346f7e09ee2aaeb3fe1992e912f7a51e7603c2,17061004690736431034,13969586585355739136,False,,291
train/Clean/Clean (39).jpg,train,Clean,Clean (39).jpg,88688,False,,499,332,RGB,JPEG,0.0028731989690286,False,False,7cba2f201d010729b546094fce26e2e60687d554e3f8652c6f2be09fac908857,8020572899211255257,4611915785213907072,False,,292
train/Clean/Clean (4).jpg,train,Clean,Clean (4).jpg,105790,False,,768,768,RGB,JPEG,0.0015309573824189,False,False,e72b8eacb870ccafc445978af64f3415c3949bcc795a8487d729fbd7ea0cd0e2,3308074369583191699,9223091661372915712,False,,293
train/Clean/Clean (40).jpg,train,Clean,Clean (40).jpg,670816,False,,2000,1339,RGB,JPEG,0.0066445009044049,False,False,24bcc49118cab0f2b4fb2794aac809ab331e848d7984e4c837f86e8c7d2bb3f0,2812310317333385883,8935280203463111860,False,,294
train/Clean/Clean (41).jpg,train,Clean,Clean (41).jpg,98153,False,,600,401,RGB,JPEG,0.0001163737926219,False,False,bd1e7a94264cb9f6c678b3c45ebbc6e0001c2c214f0d5bb1c03a1bb43cdc8e96,5320397844658752689,198390164185062179,False,,295
train/Clean/Clean (42).jpg,train,Clean,Clean (42).jpg,1297051,False,,1536,2048,RGB,JPEG,0.0046151449742984,False,False,4b09cf3801deb73eec6473e45a9145f81b9351e1b762dacbbecac716d29f0b27,23732136545456015,230529105439718974,False,,296
train/Clean/Clean (43).jpg,train,Clean,Clean (43).jpg,870858,False,,1420,800,RGB,JPEG,0.0074806206327101,False,False,01f779835be077d1df6b14b8de4707f7e6213f677d421b072cd270dfb7463169,10071141131746816536,13825767315221840129,False,,297
train/Clean/Clean (44).jpg,train,Clean,Clean (44).jpg,347955,False,,1200,675,RGBA,PNG,0.8636736810266603,False,False,c7ddf27127b8e8ca18675836668114c24dac514c90b850bc1967e4f1d9daea87,8282934093900309524,18412842840160534527,False,,298
train/Clean/Clean (45).jpg,train,Clean,Clean (45).jpg,49723,False,,544,960,RGB,JPEG,0.0006567836367048,False,False,ebe64eabfc7c81f0c97adaefb444bf67295a90d29afe1c6bf591b3c58779c011,8393861971174053328,18438230283519017215,False,,299
train/Clean/Clean (46).jpg,train,Clean,Clean (46).jpg,244859,False,,1080,1920,RGB,JPEG,0.0087466115741537,False,False,13be18d342eb3c63eee2b4990478f4dba2c4931ab94e6da01e44aa405ab9a3f1,6413199676518877127,18446742987082825728,False,,300
train/Clean/Clean (47).jpg,train,Clean,Clean (47).jpg,121531,False,,800,533,RGB,JPEG,0.0020520397274891,False,False,32bf10934e77c260ce56e5c79d280b450bb009cc18b0fbd5e38be6b5e3fa8ad9,8608443986202028489,18230289812374421504,False,,301
train/Clean/Clean (48).jpg,train,Clean,Clean (48).jpg,27464,False,,400,260,RGB,JPEG,0.0,False,False,45481efc09c4d3d7f9f751bdf413e3fb83d412a54b379a58c3adc1ffabd2facb,721239260720293478,18446742974655692801,False,,302
train/Clean/Clean (49).jpg,train,Clean,Clean (49).jpg,1335788,False,,1536,2048,RGB,JPEG,0.0045372616213088,False,False,51223b8bd51b18a2305c0df00b08bc01eb4b3917b68110ea62bd71647573cb29,9282011553010763527,505251719267950366,False,,303
train/Clean/Clean (5).jpg,train,Clean,Clean (5).jpg,79123,False,,499,333,RGB,JPEG,0.0790682000084249,False,False,357196f87d568c8c673ecfacc25f91e66cc7a07426c7fb9a0a3307b71ebf36cd,6008142434194624077,14332255277208311832,False,,304
train/Clean/Clean (50).jpg,train,Clean,Clean (50).jpg,53561,False,,400,500,RGB,JPEG,0.0012599748005039,False,False,0759d4d744eebbbc0ce11ecae8efbe167d97c59dd62962b6eb67fa8dddfe6411,12037874120964436734,18392275352161403072,False,,305
train/Clean/Clean (51).jpg,train,Clean,Clean (51).jpg,67040,False,,650,366,RGB,JPEG,0.0020596716294944,False,False,e77dc1053cc125c8c7e6579d1008c4f44ab60472a18019f89fdb92cac1a3fbe0,6854478632689855030,18373834292670234624,False,,306
train/Clean/Clean (52).jpg,train,Clean,Clean (52).jpg,62135,False,,800,716,RGB,JPEG,0.0018453115643598,False,False,6023b7f357c5547cc92b68e7a03916cebe29268cbeb19937c17cfeb254fd9e30,17852268922896572154,18446454837202681984,False,,25
train/Clean/Clean (53).jpg,train,Clean,Clean (53).jpg,10239224,False,,6240,4160,RGB,JPEG,7.604474559122497e-05,False,False,6decde405c00aadc32262d23c0c80b2de7983d543be91a5e4751b9fc26743564,732720476411299379,4575227072001948768,False,,307
train/Clean/Clean (54).jpg,train,Clean,Clean (54).jpg,170580,False,,1000,1000,RGB,JPEG,0.0037449775301348,False,False,79fca79de3f5c8e71f517363f0447ac6289648227216f38f13cec952f51dde61,10814856201467095392,2899254828260116423,False,,308
train/Clean/Clean (55).jpg,train,Clean,Clean (55).jpg,116188,False,,1024,576,RGB,JPEG,0.0016140325892168,False,False,4fb4f03650388cb7e77007c1d86e5cf72ad453967b17e65beda94864dcbd222f,13830493676811573721,18446707794188206208,False,,309
train/Clean/Clean (56).jpg,train,Clean,Clean (56).jpg,33566,False,,600,400,RGB,JPEG,0.226827276439363,False,False,485b3305857c7f4db226ddca511c724ba65881f88a862d662d011685bcf84207,10270043886736949416,18411277709125845891,False,,310
train/Clean/Clean (57).jpg,train,Clean,Clean (57).jpg,178788,False,,264,349,RGBA,PNG,0.0243865380232469,False,False,8de911a6c9121d866ca82e2ce87ab4112f152e1fe8d702a9de7235d201bb4d48,17767424638152448409,18446743526109610112,False,,311
train/Clean/Clean (58).jpg,train,Clean,Clean (58).jpg,1476290,False,,3936,2624,RGB,JPEG,0.0055922376948404,False,False,7ca76d5a703719a918986fe3692cefbf3f1bea48a5747c5e978a585bd2bf1a7d,7584772360685050262,18446744071713193984,False,,312
train/Clean/Clean (59).jpg,train,Clean,Clean (59).jpg,185727,False,,262,337,RGBA,PNG,0.0003963849690819,False,False,eb57f4233bafe46e086c44a37858f7a5fa8d7e5b8ca09d1e44c14529b1eefaa9,10562795549559796406,18420146344145551869,False,,313
train/Clean/Clean (6).jpg,train,Clean,Clean (6).jpg,1236223,False,,1365,2048,RGB,JPEG,0.019756610576923,False,False,cfa1292297f90534d2a02ae7a5090fc41775d02d8f3ea2d00d7cd8ee8f17601a,4541686212244217148,17942339949428744192,False,,314
train/Clean/Clean (60).jpg,train,Clean,Clean (60).jpg,118083,False,,720,960,RGB,JPEG,0.0937990541101647,False,False,872dcbe80d6e0ff44cadea3fda5ba1929f1a1eacf1f26a3872a3d24998abe4d2,6520077540556533823,18444351536407568639,False,,315
train/Clean/Clean (61).jpg,train,Clean,Clean (61).jpg,109651,False,,720,960,RGB,JPEG,0.0077372573245698,False,False,453bca8572d72b951c2cb227324e8555912137fbdd06c5ab070f50c627f72910,1746548919019149024,18157354266858160320,False,,316
train/Clean/Clean (62).jpg,train,Clean,Clean (62).jpg,115865,False,,720,960,RGB,JPEG,0.0021469876345665,False,False,ac90ab52d19b59a186eb9c075f988f9e0013b35d062cebfb75995524aef72f61,129489212760153236,18446496698642464936,False,,26
train/Clean/Clean (63).jpg,train,Clean,Clean (63).jpg,84521,False,,720,960,RGB,JPEG,0.000212673303424,False,False,58c1bae002511096246a51a0f76b1da9981d77f179d49e7865e3e364acadd240,1116019621415137376,18446739402932617216,False,,27
train/Clean/Clean (64).jpg,train,Clean,Clean (64).jpg,153209,False,,720,960,RGB,JPEG,0.0014684585236421,False,False,f841b967a2319758af5a8d34abad70d2546ba78d12f7577c04ed4c3920ef80b1,216243563579839524,18392427112687534339,False,,317
train/Clean/Clean (65).jpg,train,Clean,Clean (65).jpg,768060,False,,1536,2048,RGB,JPEG,0.0018180199826431,False,False,f66c4fd1e9131ca79ac52a35e974a486bc450ce9ec6e634616458730acff4fc1,17365597536155871408,18446673704965440391,False,,318
train/Clean/Clean (67).jpg,train,Clean,Clean (67).jpg,40223,False,,260,352,RGB,JPEG,0.001529636711281,False,False,14d82c567ee81cc43e07a78e7085568dd4668d28b63eaecc754c569dd83e89a5,17869223184217993671,18372981105809752064,False,,319
train/Clean/Clean (69).jpg,train,Clean,Clean (69).jpg,70218,False,,700,525,RGB,JPEG,0.0501142857142857,False,False,9da6d1fb198899b8d1609423f13760162a4b246b2b3e7abd187f389d905b2e2f,506418760270022565,18446602236715867143,False,,320
train/Clean/Clean (7).jpg,train,Clean,Clean (7).jpg,215152,False,,1420,798,RGB,JPEG,0.0092723004694835,False,False,a77c8f729e23494859efdc33bc319998027ac37a98a41e333ba049ba8b2c1b2e,16996233149823909113,17357120081280222147,False,,321
train/Clean/Clean (70).jpg,train,Clean,Clean (70).jpg,4416121,False,,3648,2736,RGB,JPEG,0.0403241020951055,False,False,8d9d54f397ccd50d87d5e04a9c54d304041349c5c2651176a8f6e9cba3ea76c3,11473905210430897369,4573683533349920896,False,,322
train/Clean/Clean (71).jpg,train,Clean,Clean (71).jpg,117116,False,,960,720,RGB,JPEG,0.0358405152770322,False,False,9ecf2f2e032be35527e6c8e0a657a608ddbd482a7ab05f7d0ccc44e8e60aa976,3585088074090062050,18446604437939093504,False,,323
train/Clean/Clean (72).jpg,train,Clean,Clean (72).jpg,93011,False,,720,960,RGB,JPEG,0.0129426896083773,False,False,ef9450a6459833153199f1ca2fcbbdf52dc5130a326d25c2a3588b3c697fe345,7506646228168267984,18446743523953737923,False,,324
train/Clean/Clean (74).jpg,train,Clean,Clean (74).jpg,3828431,False,,3892,2586,RGB,JPEG,0.0175550974533598,False,False,8405fd700fb22b16fd21a97a27a217e820972dc94d7bb55131d402d32aabcf35,7372054552869903837,4611915785213907072,False,,292
train/Clean/Clean (75).jpg,train,Clean,Clean (75).jpg,132520,False,,960,720,RGB,JPEG,0.0109779933767456,False,False,7c4a6299bcfaa7318262e218b48eb514e2cbfc9df01fede27cc9fba8c93c369c,36170534242936944,18376658455936156615,False,,325
train/Clean/Clean (77).jpg,train,Clean,Clean (77).jpg,108886,False,,720,960,RGB,JPEG,0.0019950781321207,False,False,4dcf10f45e5f36238139cb70a87645b414156424f01ec08262e39e0ce58b675a,13165941258946634948,18383974062998225152,False,,326
train/Clean/Clean (78).jpg,train,Clean,Clean (78).jpg,810553,False,,1536,2048,RGB,JPEG,0.0086873317163265,False,False,f41914779905c81632c4851e26d50343765409357ba1a80c26424b1e31b6456f,17293521297495126934,17940353823063204080,False,,327
train/Clean/Clean (79).jpg,train,Clean,Clean (79).jpg,243064,False,,1131,1882,RGB,JPEG,0.0123159189418504,False,False,5f8c647d6254fc7a2b7d4c3c99d8370fa4818ba9d3dadb17509536b83db5378e,17023143925404905670,18438018349431531519,False,,328
train/Clean/Clean (8).jpg,train,Clean,Clean (8).jpg,99003,False,,700,467,RGB,JPEG,0.0014775160599571,False,False,4b2a49407caf74b6b29668bcfa5cde3c9573df9d545c9e97eef3a1492472b623,3624715398148804241,8600536525590561075,False,,329
train/Clean/Clean (81).jpg,train,Clean,Clean (81).jpg,356873,False,,1536,2048,RGB,JPEG,0.0008834197467678,False,False,8fa5c688c9d3f29b30e878326af9e15b94ecce47f1ab0ff4d594f5e041e7fb7d,9025427178053573,18378908604322348223,False,,330
train/Clean/Clean (82).jpg,train,Clean,Clean (82).jpg,89775,False,,720,960,RGB,JPEG,0.0020052054322838,False,False,2aff2ea25a14ceebe191b57d2546d050cccd928086191cf2e97254748d1e8dff,3661369818397707653,567111333290508287,False,,331
train/Clean/Clean (83).jpg,train,Clean,Clean (83).jpg,104756,False,,720,960,RGB,JPEG,0.003483791256089,False,False,87aafaba9c04aad607cef539069e44d4093d6ff7791c208bef54ace14a90138a,1047021771476234480,9196226777347834051,False,,30
train/Clean/Clean (85).jpg,train,Clean,Clean (85).jpg,114779,False,,720,960,RGB,JPEG,0.009418389151636,False,False,49fc789ae39e9a5eacb033532441efe89c6a0b18d8ed918cee5f74349303a2ca,7306849005157922736,18397063712402833408,False,,332
train/Clean/Clean (86).jpg,train,Clean,Clean (86).jpg,1617087,False,,3000,1687,RGB,JPEG,0.0001715076071922,False,False,5e1723150f6583a28251895ba977fc766fa397840b6eaa9a96cefe2951086a6e,18346665901937454836,17940336371537313792,False,,333
train/Clean/Clean (87).jpg,train,Clean,Clean (87).jpg,2354955,False,,5472,3648,RGB,JPEG,0.0122569251820146,False,False,55474eda524dbdcad9d1922a429782495057f94c52a7c6efb888dfb92263b0ae,16204184922205887379,18446462603027808256,False,,274
train/Clean/Clean (88).jpg,train,Clean,Clean (88).jpg,449147,False,,1440,1440,RGB,JPEG,0.0039125136296581,False,False,0a53f02810ed0bc33e47353ec7fd3415c0ed40d733c060d82088aa5d02c9f9fe,12454567439152812432,9853945803674944256,False,,334
train/Clean/Clean (89).jpg,train,Clean,Clean (89).jpg,179702,False,,960,960,RGB,JPEG,0.0007291619195187,False,False,a687f1d5350b2439c44f5ac65f31bc1c5b7d89ed444aaba86f49fa53a8d7fdc9,11247198046831260688,18157809129689776129,False,,335
train/Clean/Clean (9).jpg,train,Clean,Clean (9).jpg,88851,False,,600,400,RGB,JPEG,0.0023041474654377,False,False,600547e8076b06743a34afeffcc639672d83ea8944c1473a6e056a2d45668eb6,17761558281810311212,18443336585037923136,False,,336
train/Clean/Clean (90).jpg,train,Clean,Clean (90).jpg,2354955,False,,5472,3648,RGB,JPEG,0.0122569251820146,False,False,55474eda524dbdcad9d1922a429782495057f94c52a7c6efb888dfb92263b0ae,16204184922205887379,18446462603027808256,False,,274
train/Clean/Clean (91).jpg,train,Clean,Clean (91).jpg,529391,False,,1440,1440,RGB,JPEG,0.0095027833196614,False,False,c066c76eeb032c4cef440982b9516f64948aab8c5b0f21e7d20367d0129ba8f1,2574681414971196052,2738468942366376193,False,,337
train/Clean/Clean (93).jpg,train,Clean,Clean (93).jpg,268910,False,,1536,2048,RGB,JPEG,0.0025590244553728,False,False,e7f2a0da1f0f741cfd52d7bf780c5840a67dd683288733ee50fbbf1523a35bf0,7247673649405675736,18446742974197923840,False,,338
train/Clean/Clean (94).jpg,train,Clean,Clean (94).jpg,1230173,False,,2000,1334,RGB,JPEG,0.0141259317369071,False,False,4ac1080af78c3ce54ce7c2da20a67f74c7016d13ed4c4b826db7f915672d04f6,7596049786084732233,18446743519659034624,False,,339
train/Clean/Clean (96).jpg,train,Clean,Clean (96).jpg,945089,False,,2048,1536,RGB,JPEG,0.0036204632946883,False,False,20b3067fbdbb29a49111e3a12d0fcffe71456ff0169d1e976a67d36faf8e2139,6046028896371801855,18446742359493345408,False,,340
train/Clean/Clean (97).jpg,train,Clean,Clean (97).jpg,284888,False,,1080,1080,RGB,JPEG,0.0005221179986676,False,False,d3e43e97c4dfe935ddd50c1b0e54dc1a38de722b7f962a82c651e10fe2f4b362,6332010316692096662,8140484678063784064,False,,341
train/Clean/Clean (98).jpg,train,Clean,Clean (98).jpg,317552,False,,1080,1080,RGB,JPEG,0.0008882007333657,False,False,52832f610fc2e8997c3ed59d60a0f3f971c6c0f4737d6711f147160fe1a7e54b,6571722937188168667,461327487850135454,False,,342
train/Clean/Clean (99).jpg,train,Clean,Clean (99).jpg,244234,False,,1080,1080,RGB,JPEG,0.0046330470686375,False,False,9bb7e0b385f2926be642230d630758e87b72fc2aeb6786f4b3d17287e99708a7,11792245785477066665,10159549010684149760,False,,343
train/Dusty/Dust (1).jpg,train,Dusty,Dust (1).jpg,351812,False,,1000,750,RGB,JPEG,0.0337306216925044,False,False,890b201330ac4a244d5d88de948aa7571a7ed3a1f6b5662510123da9c95fb515,8547011739845571314,18419441000968683519,False,,344
train/Dusty/Dust (10).jpg,train,Dusty,Dust (10).jpg,98292,False,,640,480,RGB,JPEG,0.0009342387093834,False,False,d992b648711746fd3bbc90c6e75dd27ea37ca0285c19434d283640e2cdeb8e7d,12872904560610963523,279267256665039,False,,345
train/Dusty/Dust (100).jpg,train,Dusty,Dust (100).jpg,329725,False,,2048,921,RGB,JPEG,0.0249833926497166,False,False,68a01ae5add20a2785115bd9b66d8d61bc72cbf40af1c2ff21fa9a65b0900c63,13060295918353273398,17292970316611518464,False,,346
train/Dusty/Dust (101).jpg,train,Dusty,Dust (101).jpg,259296,False,,2048,921,RGB,JPEG,0.0521081129225596,False,False,33edbd74f9845bfdb17d306906c229a4845cb526ec9388fd8c35727007edc8b4,514505051210558625,2269495561643690763,False,,347
train/Dusty/Dust (102).jpg,train,Dusty,Dust (102).jpg,374707,False,,1374,1374,RGB,JPEG,0.0022580896339225,False,False,08e43f108936b6aaec97418ff38dabed324f22819a4e382516320cce23618225,3113114954437902591,6944866460120317952,False,,348
train/Dusty/Dust (103).jpg,train,Dusty,Dust (103).jpg,377400,False,,1374,1374,RGB,JPEG,0.0014052807409796,False,False,29bd1421e612b301c14be2b47aabea74c90e1a6c89fd0e67f332ea2de14fbddf,4340588348501974089,8170076174872182976,False,,349
train/Dusty/Dust (104).jpg,train,Dusty,Dust (104).jpg,439576,False,,1440,1440,RGB,JPEG,0.0060662527976666,False,False,944e7c0c4320757a04d3db4998b91341a95e182dfecd5b86a65b88eeae4471fc,16597483206692417879,17898448682299418495,False,,350
train/Dusty/Dust (105).jpg,train,Dusty,Dust (105).jpg,2781221,False,,3648,2056,RGB,JPEG,0.0029296200546912,False,False,ba70074c054e6f911dfb6daf696872e45c92c245b6d95d6e6d44a90627438a03,7709466339850,18410500317922721792,False,,351
train/Dusty/Dust (106).jpg,train,Dusty,Dust (106).jpg,118557,False,,960,720,RGB,JPEG,0.0548798395835654,False,False,b172b136fe52418810f851c0bdd8ae1bf2bb33c2ba3831e55bdc6087b5f5db7c,5186669548432551406,864699924548092156,False,,32
train/Dusty/Dust (107).jpg,train,Dusty,Dust (107).jpg,837742,False,,2048,1536,RGB,JPEG,0.0178486392665613,False,False,dd122c62d5f4406fe3059268a09aaa1642f953f73a66ef8652a021b029c55a2b,1229818466484158723,18446470321185097222,False,,352
train/Dusty/Dust (108).jpg,train,Dusty,Dust (108).jpg,998910,False,,2048,1536,RGB,JPEG,0.0069961503371236,False,False,dced33c275ba82700c4bf3b276a29c4a3c060e1bdbe39a7d4dcda16c753fefb0,4411408862960870133,8102223055278294754,False,,353
train/Dusty/Dust (109).jpg,train,Dusty,Dust (109).jpg,572092,False,,2048,1536,RGB,JPEG,0.0083379692472017,False,False,9cb7e25e58189e0f9f9c661a7488ec95dabe108ccdd2726904600bd3dea65271,1748782987999722780,18446604440057278847,False,,354
train/Dusty/Dust (11).jpg,train,Dusty,Dust (11).jpg,979025,False,,1848,832,RGB,JPEG,0.0047803758741258,False,False,c51bfc47d381db655f2e54b3b7f056536717d5955bad2c32566dc216bca87459,13302670916194581301,17870179005779435775,False,,355
train/Dusty/Dust (110).jpg,train,Dusty,Dust (110).jpg,589612,False,,2048,1536,RGB,JPEG,0.0101693406617859,False,False,b63d77a1285752bda875b7eab1eca5953bfb5cb5ab409a975a681b5cc841ae3e,11881873388654095564,18446619867685062664,False,,356
train/Dusty/Dust (111).jpg,train,Dusty,Dust (111).jpg,772615,False,,2048,1536,RGB,JPEG,0.0087941431718551,False,False,4d25c8a92a9165f0636b8ce6a6343de7636e5b47dffb492a61911c5225ab0948,9025072889740194146,18445865301942929167,False,,357
train/Dusty/Dust (112).jpg,train,Dusty,Dust (112).jpg,715074,False,,2048,1536,RGB,JPEG,0.0044682792229466,False,False,5d531829dc067b38d4ee3fe475d14201883819adfc6d599b5ffd6963472b349c,2296272778350360808,18446743800979128320,False,,358
train/Dusty/Dust (113).jpg,train,Dusty,Dust (113).jpg,967642,False,,2048,1536,RGB,JPEG,0.0099890963305814,False,False,2160b8bd571a556e0a3d12d1d0a20723ef08724d070d3a16dc2b016b0a8fa01e,4331370043408269038,18445613981914628096,False,,359
train/Dusty/Dust (114).jpg,train,Dusty,Dust (114).jpg,126047,False,,828,1472,RGB,JPEG,0.0198372358816198,False,False,eb5d7b5ab34cce45678812cd1f8fa2ff1cd073e79671946bb7c43d44d133bc11,18222064950713251328,17403895908650582047,False,,360
train/Dusty/Dust (115).jpg,train,Dusty,Dust (115).jpg,193940,False,,960,1792,RGB,JPEG,0.0027180989583333,False,False,5771ff73d1b2787ebe6811027c64ac73da87406ec6ae287bc7c184ce880f83b2,4038681458003423511,17544190705197580288,False,,361
train/Dusty/Dust (116).jpg,train,Dusty,Dust (116).jpg,58097,False,,850,455,RGB,JPEG,0.0121628959276018,False,False,665b55a546c801ca1d283c5b5bc07b6c45cd6020aea2961f7de48465272cddee,4919482337038251028,220429507084156927,False,,362
train/Dusty/Dust (117).jpg,train,Dusty,Dust (117).jpg,71899,False,,514,960,RGB,JPEG,0.0023123191284117,False,False,48e47f603fe7f5606f1b966560ba9aab53133972ccf7daddf8a2ae4f90b9f1c1,5202384993837809916,225389160221639617,False,,363
train/Dusty/Dust (118).jpg,train,Dusty,Dust (118).jpg,62653,False,,455,850,RGB,JPEG,0.0120361990950226,False,False,8eab8bf97163456a2d52d18ea67488e65e3ff336ba9f0781e6dfc924121c9715,12725357831117968594,17848812868452647297,False,,364
train/Dusty/Dust (119).jpg,train,Dusty,Dust (119).jpg,65125,False,,514,960,RGB,JPEG,0.0090932304374964,False,False,9771ae6a2961814e50e37e4a6bc87fa0964205ee8f8e44b433b51e947e9fa191,8651282408072577667,17581204794498908351,False,,365
train/Dusty/Dust (120).jpg,train,Dusty,Dust (120).jpg,4842683,False,,5472,3080,RGB,JPEG,0.0167651016746411,False,False,bf56782f4ce094481004b35ed5668edc7f084e94ed37913c52e802a0f20fc786,13893871828964757589,18446743536838639616,False,,366
train/Dusty/Dust (121).jpg,train,Dusty,Dust (121).jpg,283830,False,,2048,1166,RGB,JPEG,0.0059946238923136,False,False,97de218930bd97cca9e41b569b6cba770f9a6704587dc7d0942670baa9675bae,9415122659544811386,18387916905244573760,False,,367
train/Dusty/Dust (122).jpg,train,Dusty,Dust (122).jpg,77201,False,,720,960,RGB,JPEG,0.000415219306685,False,False,c1f20cbfb97333d1c23ef86c8d982cc547dc2208e592d5e295efb21eecdb41b8,50528525,4548370705884319294,False,,33
train/Dusty/Dust (123).jpg,train,Dusty,Dust (123).jpg,82110,False,,514,960,RGB,JPEG,0.0088236963059637,False,False,eb4c9c12c56f803213a2f84af749367d16d8c73ba19bef62950bb2b25a6c175c,14154425229037113498,16140337027915756448,False,,368
train/Dusty/Dust (124).jpg,train,Dusty,Dust (124).jpg,531957,False,,1536,2048,RGB,JPEG,0.0013818732059013,False,False,2afd50ecc5c6e08ce3ea96ab78b00624d7776df574ece023da0bbffdb89dfea2,12448090254133789780,17982740275495108608,False,,369
train/Dusty/Dust (125).jpg,train,Dusty,Dust (125).jpg,119979,False,,720,960,RGB,JPEG,0.0855149225767902,False,False,c91f84412998a7a9edd2546a79b99e06eb55d0cb17fd4b4b8ab4802f27484b61,2765846253757761927,18429018428520989440,False,,370
train/Dusty/Dust (127).jpg,train,Dusty,Dust (127).jpg,711257,False,,1600,1200,RGB,JPEG,0.0048635366004827,False,False,9c96185c886f741038cc90cf9376748e97ca98f3f700baadbb34ca4b4bef141e,11060840660494548939,18446674254733834495,False,,371
train/Dusty/Dust (128).jpg,train,Dusty,Dust (128).jpg,618275,False,,2048,1536,RGB,JPEG,0.0130599256770288,False,False,70d5d34343d72bd3dfdbbc4a4b9a067e8de4e799d38861de2ffd8d0ae95c45ad,10337687454823136831,18445896285291544688,False,,372
train/Dusty/Dust (129).jpg,train,Dusty,Dust (129).jpg,79460,False,,960,720,RGB,JPEG,0.0156973152527267,False,False,1a89953e90be12c3b5f6d2bea1b367880ca5f41ad7450e5ba71b2d29cad243e8,8853898183860347270,16210846470807586591,False,,373
train/Dusty/Dust (13).jpg,train,Dusty,Dust (13).jpg,20422,False,,280,280,RGB,JPEG,0.0035714285714285,False,False,be3e3e279e1f1253f9b1603909202e62a43a848b3d91202704b176a1d5059458,4669351652146669206,18446670621088646144,False,,374
train/Dusty/Dust (130).jpg,train,Dusty,Dust (130).jpg,97187,False,,960,720,RGB,JPEG,0.0212166938415887,False,False,374661c571f1df4026e21fa518d474f6e82e5d3153ab853887f2e1374f4a6ee8,4136350734541841584,152840053083718113,False,,375
train/Dusty/Dust (131).jpg,train,Dusty,Dust (131).jpg,74178,False,,960,720,RGB,JPEG,0.0152719686458786,False,False,80dd799836aae9e5daedb14c67900149398efb9b420b7b981a17fdb2f1128c4a,18446496748534030706,18446743516169208775,False,,376
train/Dusty/Dust (132).jpg,train,Dusty,Dust (132).jpg,106305,False,,960,720,RGB,JPEG,0.0153934962478352,False,False,d8eda1f92634a966b9b8d91f804a23cc785fcfaa021a68fd8ad29c9726d2e22a,12894524600608486847,63613344669548776,False,,377
train/Dusty/Dust (135).jpg,train,Dusty,Dust (135).jpg,1653946,False,,1500,1101,RGB,JPEG,0.0207350516468937,False,False,d56477f4530613f23283d0f91ccfaef35f9523eb8b4349557267b1bbb97db763,6237022126552459593,18446744071561019136,False,,378
train/Dusty/Dust (136).jpg,train,Dusty,Dust (136).jpg,413784,False,,1440,1440,RGB,JPEG,0.0043311087030641,False,False,b8c1cca597de0b155399787343a86e325ed91ebb136d7f1947fcab5a6f1a2466,6007906389817616238,17748668808853242048,False,,379
train/Dusty/Dust (139).jpg,train,Dusty,Dust (139).jpg,236866,False,,1080,1080,RGB,JPEG,0.0001920434018088,False,False,2860452e67b26aa1e40fde734a88bdb37e29b6759339c31d525e6669a9c37eb2,10240753444560158061,4575653856301547520,False,,380
train/Dusty/Dust (14).jpg,train,Dusty,Dust (14).jpg,320537,False,,1920,1280,RGB,JPEG,0.0343647995078129,False,False,321063e608ed8f6a52f957e519d3dbb1a0eec7ccffa57a2f75575b79d9c9118e,4512955298260113,18392453552539762946,False,,381
train/Dusty/Dust (140).jpg,train,Dusty,Dust (140).jpg,274269,False,,1080,1080,RGB,JPEG,0.0361521703905082,False,False,4e526d643ca84b635c5d95d2b39f1e56071f87d3a275cb687072094c494259a0,17728147045684340711,8866461763026944,False,,382
train/Dusty/Dust (141).jpg,train,Dusty,Dust (141).jpg,213021,False,,1080,1080,RGB,JPEG,0.0018724231676358,False,False,7fc637efa4cdecd5bc8e4aa3a9028c7776b90bedcd4a305697bc3fe15381e930,18412687115610755279,18230570531520774144,False,,383
train/Dusty/Dust (142).jpg,train,Dusty,Dust (142).jpg,2368051,False,,1500,1225,RGB,JPEG,0.0269485714285714,False,False,fba2a706f9e65b78b64e61907e3382ad20cd3edb841830da2d9c0ca50c4ff0ec,1089624197241454429,18446742961180901376,False,,384
train/Dusty/Dust (143).jpg,train,Dusty,Dust (143).jpg,289595,False,,1080,1080,RGB,JPEG,0.0052631894808226,False,False,71d1ca3383f557a02dd670e75937fe8d6f900c690862516b811bdfbd39a91a18,6583994387280167112,16208736530108449152,False,,385
train/Dusty/Dust (144).jpg,train,Dusty,Dust (144).jpg,262066,False,,2048,1152,RGB,JPEG,0.0112478229780769,False,False,f14cffade603d6d0200e22fa2ec75cf46b14773cd365207193ef66e24ded6371,14128576671125651608,18446638001019879681,False,,386
train/Dusty/Dust (145).jpg,train,Dusty,Dust (145).jpg,279121,False,,1080,1080,RGB,JPEG,0.014019168332043,False,False,a5d927a71d45ab9edbacd83743c8ab01f22107971b409f4f6fde688745fc50c4,16781259006925964703,58054209096841728,False,,387
train/Dusty/Dust (146).jpg,train,Dusty,Dust (146).jpg,485610,False,,2048,1152,RGB,JPEG,0.0017386505579406,False,False,2ef52d41411b0d66ecb17e47fbd430e5765467d686aabd2a7835e926d746dca1,5660757794964994442,7946702907765511,False,,388
train/Dusty/Dust (147).jpg,train,Dusty,Dust (147).jpg,427603,False,,2048,1152,RGB,JPEG,0.0032310417365143,False,False,b851c50dd308e4f9b2439fc734a032bba9c12a9a92d2ec37180c4ea20e1e0605,13600042695560200961,17361654727007018510,False,,389
train/Dusty/Dust (148).jpg,train,Dusty,Dust (148).jpg,498137,False,,2048,1152,RGB,JPEG,0.0046284895399103,False,False,11f44f2e95518ee850a547337c594ac09eec2e58ef278dd00cbf7a530b0d0fdd,5660300580404459260,18391574214860603393,False,,390
train/Dusty/Dust (149).jpg,train,Dusty,Dust (149).jpg,443456,False,,2048,1152,RGB,JPEG,0.016149274721623,False,False,8f9b2d47fa16ce46e12a5262c3ef1cc7c32fb0b852f37d118493af8c9af70c8b,12751255715004187521,126378961704911102,False,,391
train/Dusty/Dust (15).jpg,train,Dusty,Dust (15).jpg,129097,False,,660,440,RGB,JPEG,0.0190907776117244,False,False,b4bd893496f0b3deacfcfe91e9214be0b66ec2e666e823f03d16f3f54bea4565,1082568355969438557,18445896337292525568,False,,392
train/Dusty/Dust (150).jpg,train,Dusty,Dust (150).jpg,639789,False,,2048,1152,RGB,JPEG,0.0341469782787359,False,False,fcf8b68ab29c7610b927cf5a1f1da87d655d0841beef2464071a76151194e0bc,14780574749921797534,810223492231843839,False,,393
train/Dusty/Dust (151).jpg,train,Dusty,Dust (151).jpg,564685,False,,2048,1152,RGB,JPEG,0.0153333550911901,False,False,46b05e9b99b8dc3bbecfa2f959db98172399b52d37dcce5dbccea0f854ecb9ab,10129868995443870056,794636011262050303,False,,394
train/Dusty/Dust (152).jpg,train,Dusty,Dust (152).jpg,331823,False,,2048,1152,RGB,JPEG,0.0142563411790187,False,False,5c20a071e682e30cd608ad372ab2f1d380f8266adf381e13b3f750b4331597f9,177582729148334529,18445830084252012038,False,,395
train/Dusty/Dust (153).jpg,train,Dusty,Dust (153).jpg,506690,False,,2048,1152,RGB,JPEG,0.0048005744074198,False,False,85c0d445c8eb20db0e49d8e3396ae857ed49a4f0c6814e5d30d1fbbb2478f3a8,14267615009418821640,15996520958861050113,False,,396
train/Dusty/Dust (154).jpg,train,Dusty,Dust (154).jpg,808756,False,,1536,2048,RGB,JPEG,0.0254767573822292,False,False,84e5bf0d97dcd27d29f2d4d210247607649a7c2c9666d50d664055bc41fe2ffc,5122896475323149491,1116891607589715968,False,,397
train/Dusty/Dust (156).jpg,train,Dusty,Dust (156).jpg,94046,False,,720,960,RGB,JPEG,0.004101556566035,False,False,4f699565ad77cefff06dcb11f589749e5d252691f533af91fd537fb410c56d3b,1907296817270901128,17650732804944753152,False,,398
train/Dusty/Dust (157).jpg,train,Dusty,Dust (157).jpg,181652,False,,960,960,RGB,JPEG,0.0128970514514879,False,False,e3e97dc6affc43df8fd1f9af1c492ccd19ad759985ef436b84fef4dc5f86d8d2,7207196945968654843,1089658890957734598,False,,399
train/Dusty/Dust (158).jpg,train,Dusty,Dust (158).jpg,609375,False,,2048,1536,RGB,JPEG,0.0055341685395758,False,False,e40970a88031c81c39d9076f680689351b72be686c25ba4fc2b00fb67494a23b,3679027071457690320,4557395497257732039,False,,400
train/Dusty/Dust (16).jpg,train,Dusty,Dust (16).jpg,85548,False,,800,533,RGB,JPEG,0.0096856275137486,False,False,30999f263f76052d0789c764d81b2894084d753271d7474ced288e988c03a7ac,9119570432317762889,17942340891821735936,False,,38
train/Dusty/Dust (160).jpg,train,Dusty,Dust (160).jpg,673965,False,,2048,1536,RGB,JPEG,0.0069716727118983,False,False,3e7afec50f2de685355d710631370fc40883732dfdeb44bb416caa2df9f31c65,17573574769473790096,17277781806866826023,False,,401
train/Dusty/Dust (162).jpg,train,Dusty,Dust (162).jpg,719707,False,,2048,1536,RGB,JPEG,0.0006030396760052,False,False,dd88ccad15972175ea17e2a104de6928e5ce797516423c7ef2c6e679c394160a,16062079794278755788,18446431543980228816,False,,402
train/Dusty/Dust (163).jpg,train,Dusty,Dust (163).jpg,92716,False,,626,417,RGB,JPEG,0.00222567842969,False,False,c0d87ac0423e2d6271f15f5e942a5934aafcdcc60829a6befe49901ee3e50b94,7863029016767698695,18374403348921843712,False,,403
train/Dusty/Dust (164).jpg,train,Dusty,Dust (164).jpg,8056,False,,285,177,RGB,JPEG,0.0013875398917718,False,False,55dd0177f7d033b7764cb5b3eb76b295d434d497d4fc6617d3e0fd8fa3c9b3bc,11031666576352611851,3674926299091638272,False,,404
train/Dusty/Dust (165).jpg,train,Dusty,Dust (165).jpg,101393,False,,1200,787,RGB,JPEG,0.0243709001964199,False,False,430afd50e324c1a563c388e0bdbadb3637beebffb56cec5291173f5b3775af27,11664350185836390673,18430700000047464448,False,,405
train/Dusty/Dust (166).jpg,train,Dusty,Dust (166).jpg,85548,False,,800,533,RGB,JPEG,0.0096856275137486,False,False,30999f263f76052d0789c764d81b2894084d753271d7474ced288e988c03a7ac,9119570432317762889,17942340891821735936,False,,38
train/Dusty/Dust (167).jpg,train,Dusty,Dust (167).jpg,71893,False,,612,459,RGB,JPEG,0.1203588337901819,False,False,f0e857b12b5075bf0fe810cb94e084d61032a57536b41d9300ea3ddfa0dfc70d,1091217531081089433,2053641152779191072,False,,406
train/Dusty/Dust (168).jpg,train,Dusty,Dust (168).jpg,1862134,False,,1500,1101,RGB,JPEG,0.0667446562313238,False,False,6e72f3df424fc28ee23a2f234bf71e5653d6c9afb393f73c4a1c294c26823d59,7948704572557244512,18446743945130016768,False,,407
train/Dusty/Dust (169).jpg,train,Dusty,Dust (169).jpg,19543,False,,500,332,RGB,JPEG,0.0930634619439173,False,False,f66a900f76bc41400d8b69de0dd11da6dc4d79c1845a3370f610777e4516b066,2251614339004705639,18446743107812720640,False,,39
train/Dusty/Dust (17).jpg,train,Dusty,Dust (17).jpg,5425115,False,,4032,2268,RGB,JPEG,0.0098854227905153,False,False,c3a2b5bd2e4e831827ee4b25714b96ecd3137c7f5268704f843f6f7c74c1c074,8667277370288888283,16199677592365744320,False,,408
train/Dusty/Dust (170).jpg,train,Dusty,Dust (170).jpg,6131,False,,299,168,RGB,JPEG,0.0020903010033444,False,False,a47783d234ef97bb76320ff3639e88a8761597a788174688799d302252aab797,7709466339850,18410500317922721792,False,,351
train/Dusty/Dust (171).jpg,train,Dusty,Dust (171).jpg,188813,False,,1200,675,RGB,JPEG,0.0005617249276239,False,False,89f1f516a793ec0ca4451840944019f7b7c660ace0f86d3b75ea4e156696600a,2238131580643521555,18446743523953762423,False,,409
train/Dusty/Dust (173).jpg,train,Dusty,Dust (173).jpg,89142,False,,800,600,RGB,JPEG,0.0205914950708744,False,False,b351fa1d3a231b8fe39f4fdb64ee430677f89c50488934df356bcf9b0e329412,217090906990517272,18410468020238811393,False,,410
train/Dusty/Dust (176).jpg,train,Dusty,Dust (176).jpg,38490,False,,474,355,RGB,JPEG,0.0058238695453221,False,False,a49eb5181327af4a043773af6bbf7d1d370ca62624895b1ae662a64c8f455027,12464976540528238748,54290572759753713,False,,411
train/Dusty/Dust (177).jpg,train,Dusty,Dust (177).jpg,353468,False,,1305,734,RGB,JPEG,0.0003507771907131,False,False,1522ce0f8f8a9b35bf30d606ae34f05c0e91cb452375d9d6083d493567ca1332,15598784958588699530,18446744071545783820,False,,412
train/Dusty/Dust (178).jpg,train,Dusty,Dust (178).jpg,29286,False,,474,355,RGB,JPEG,0.0326552685219851,False,False,5e942c8a324cf0967269d4147a8231fb378e009fed886c531546e7abf0b35c44,6800012047773584374,17357120323817624768,False,,413
train/Dusty/Dust (179).jpg,train,Dusty,Dust (179).jpg,140748,False,,620,464,RGB,JPEG,4.866416857267994e-05,False,False,895c1406a939d523b3a5b6b28ff9e6caa62c1426ea2e8d0a57354666503b2b6f,79777459274475279,18446708871929004032,False,,414
train/Dusty/Dust (18).jpg,train,Dusty,Dust (18).jpg,165806,False,,640,480,RGB,JPEG,0.0041243221072779,False,False,62f1f575148aca955aba63f9857051209e27c833f37c27533254ec342024413f,2743592808815846641,9169327727756509442,False,,415
train/Dusty/Dust (180).jpg,train,Dusty,Dust (180).jpg,851259,False,,1920,2560,RGB,JPEG,0.0342394740889696,False,False,78572a5faec293089eddf666e747aad0d9db3eb5ad6560783f43d03d084a3a64,4576652865820944696,18230289812526202880,False,,416
train/Dusty/Dust (182).jpg,train,Dusty,Dust (182).jpg,8191,False,,273,184,RGB,JPEG,0.0016722408026755,False,False,566ecf1cc7b951639a296ff847b9c993c40b118795ebbbbf4807d8877b381715,1802462810702104640,18446742987082825729,False,,417
train/Dusty/Dust (183).jpg,train,Dusty,Dust (183).jpg,10559,False,,259,194,RGB,JPEG,0.0427695736974087,False,False,87074bfeaebfa2294ff0e7386bfec3302ed801ed9b9d57420f53ef0567a460fb,14305807880814645472,15996785874289295360,False,,418
train/Dusty/Dust (184).jpg,train,Dusty,Dust (184).jpg,10559,False,,259,194,RGB,JPEG,0.0427695736974087,False,False,87074bfeaebfa2294ff0e7386bfec3302ed801ed9b9d57420f53ef0567a460fb,14305807880814645472,15996785874289295360,False,,418
train/Dusty/Dust (185).jpg,train,Dusty,Dust (185).jpg,8704,False,,265,190,RGB,JPEG,0.1249826219936049,False,False,59e2e6284fca25fbda589aa6cca93a071ec738e2564f825a7de3484b6b41384c,9238918587076108419,18374932904963735743,False,,419
train/Dusty/Dust (186).jpg,train,Dusty,Dust (186).jpg,11372,False,,201,251,RGB,JPEG,0.0174805771365149,False,False,b34a681de2fcba79f0dc6039309d7670195e9a48f447f597a53e34014fe17f5f,6308029433769404457,18230569603791126592,False,,41
train/Dusty/Dust (188).jpg,train,Dusty,Dust (188).jpg,67719,False,,612,459,RGB,JPEG,0.1409917767256416,False,False,e40abac9c74d2989cc93593b541928f9deb9ea2e81c65759235e69c9af319726,10314589567927202201,1765410776631673616,False,,406
train/Dusty/Dust (189).jpg,train,Dusty,Dust (189).jpg,56109,False,,612,408,RGB,JPEG,0.0005606795436068,False,False,60438d2d694558663b095d2fe748e919cf21326a710a7cdeba5aef611adfa3ef,13099764511091812825,18446459289477513730,False,,420
train/Dusty/Dust (2).jpg,train,Dusty,Dust (2).jpg,636669,False,,2000,1333,RGB,JPEG,0.0937252204233598,False,False,0a2c965a6a7faa00a7cf9e4a1582e0200bc1fd31f2a5e6c2e785247cb3a17b2f,5968061986142986912,18446743572054474752,False,,421
train/Dusty/Dust (20).jpg,train,Dusty,Dust (20).jpg,198898,False,,343,280,RGBA,PNG,0.0639941690962099,False,False,9ec3cf4a30b2a67e2b72efe3b022ed534a646251d09e9b5e8f64c4bfb0a8f43d,3979382801881180264,9007199258935551,False,,422
train/Dusty/Dust (22).jpg,train,Dusty,Dust (22).jpg,58665,False,,641,360,RGB,JPEG,0.0047624825577868,False,False,a55cae9034f9774d2f49b2c9407c5c51721a2f2deb42b5efbda461e8b44bd298,9133158754900936421,18446742961181949952,False,,423
train/Dusty/Dust (23).jpg,train,Dusty,Dust (23).jpg,979025,False,,1848,832,RGB,JPEG,0.0047803758741258,False,False,c51bfc47d381db655f2e54b3b7f056536717d5955bad2c32566dc216bca87459,13302670916194581301,17870179005779435775,False,,355
train/Dusty/Dust (24).jpg,train,Dusty,Dust (24).jpg,888273,False,,887,675,RGBA,PNG,0.0107443910537453,False,False,ed9986ad9b709fb1ca126013f11ef76eea97970f6f7564b19b4ab2e96f22c3bd,3185195258301845815,18120514577522163200,False,,424
train/Dusty/Dust (25).jpg,train,Dusty,Dust (25).jpg,3427228,False,,3648,2056,RGB,JPEG,0.0693925168226828,False,False,57c3c285908783bc66aba5277b009bf102953779ca4540be08528b3a1870ab7d,18410535286169721317,18446744069968232448,False,,425
train/Dusty/Dust (26).jpg,train,Dusty,Dust (26).jpg,2781221,False,,3648,2056,RGB,JPEG,0.0029296200546912,False,False,ba70074c054e6f911dfb6daf696872e45c92c245b6d95d6e6d44a90627438a03,7709466339850,18410500317922721792,False,,351
train/Dusty/Dust (27).jpg,train,Dusty,Dust (27).jpg,358705,False,,768,427,RGBA,PNG,0.0009818989071038,False,False,98acb0e53a0c926522e8fb089009a48cdda6db606b440b9796a140d13ae8ef0d,7709466339882,18410465133550632960,False,,351
train/Dusty/Dust (28).jpg,train,Dusty,Dust (28).jpg,146472,False,,855,689,RGB,JPEG,0.0014140237888708,False,False,02d4ca5e027860359f6fae9484f9fe5fc8bbb0c2e73b95be3b1096a0032d1d97,18130573679881577833,17361922887193247936,False,,426
train/Dusty/Dust (29).jpg,train,Dusty,Dust (29).jpg,129744,False,,1024,538,RGB,JPEG,0.0178648573098523,False,False,289d4d0e634f99653714d50592f3ea4780812617cd26223fdb6d477d7b190e13,10606311513113543892,520025019469725696,False,,427
train/Dusty/Dust (3).jpg,train,Dusty,Dust (3).jpg,569732,False,,1536,2048,RGB,JPEG,0.0330648212020739,False,False,019c82683f7a4e35e05a71ee3e9fda1e0045c1b2acc429e075d167a6f49d865f,4576652865820944696,18230289812526202880,False,,416
train/Dusty/Dust (30).jpg,train,Dusty,Dust (30).jpg,383162,False,,1300,955,RGB,JPEG,0.1404503884797979,False,False,830f0f8a4a5ebeb3571f72c70a172a255d8fab0281ad8dfbbdfaa97cc00e1045,16850980434974816982,15632243865021771776,False,,428
train/Dusty/Dust (31).jpg,train,Dusty,Dust (31).jpg,163022,False,,720,960,RGB,JPEG,0.0402560181481218,False,False,f9b663f7031e8793f384c7b7924c9b4e19dc7683299f9284847c86f68964cba8,505248545840432704,18383446301711859969,False,,429
train/Dusty/Dust (32).jpg,train,Dusty,Dust (32).jpg,121743,False,,720,960,RGB,JPEG,0.0363570075853478,False,False,dcbccbe12a01944a225bf75e6edafd64c30580706d4f492748f38425c39c6b1b,14485910344716663559,18446462598748634940,False,,430
train/Dusty/Dust (33).jpg,train,Dusty,Dust (33).jpg,82598,False,,720,960,RGB,JPEG,0.0068156730097323,False,False,516237a63f22d7d378e280485d095e33e14b3febcc25637f0c473d58874b3c4d,3483252840804649837,71810208199933690,False,,431
train/Dusty/Dust (35).jpg,train,Dusty,Dust (35).jpg,636669,False,,2000,1333,RGB,JPEG,0.0937252204233598,False,False,0a2c965a6a7faa00a7cf9e4a1582e0200bc1fd31f2a5e6c2e785247cb3a17b2f,5968061986142986912,18446743572054474752,False,,421
train/Dusty/Dust (36).jpg,train,Dusty,Dust (36).jpg,153295,False,,350,467,RGB,JPEG,0.0125481798715203,False,False,91fc7b063e85d97ba1ff17be55fad4764a8849707b6ad181b9b2b16ee8c8d733,16237682945292835871,18446389748337619056,False,,40
train/Dusty/Dust (37).jpg,train,Dusty,Dust (37).jpg,1672318,False,,1200,675,RGBA,PNG,0.0401849371300177,False,False,2c8ebb8b5f1d1153c8755792fc5b9c0c97aee16207b215a367e8abd6bc3ae2d2,4548498486349907127,18374403958615574532,False,,432
train/Dusty/Dust (38).jpg,train,Dusty,Dust (38).jpg,305003,False,,332,453,RGBA,PNG,0.0,False,False,83fe56c3dca3f67d0086bb5bb68e55a3fae7d4fa4df4a6536f1cb04d3947e5da,5219309896903471290,18446722238112407584,False,,433
train/Dusty/Dust (4).jpg,train,Dusty,Dust (4).jpg,434968,False,,1600,1200,RGB,JPEG,0.0104963432329757,False,False,d1941c6e81800fbba746d7186e482acb496456fda1658454976cec52c4e02b90,18014398509448429567,16210971810435481792,False,,434
train/Dusty/Dust (41).jpg,train,Dusty,Dust (41).jpg,62346,False,,720,960,RGB,JPEG,0.0143706389313672,False,False,db53fc4ca84de8bc2664d6a0b37f1d1b61b78a63f2bd283f6e149274d469ac0b,10125788515711646968,18428587967049105536,False,,435
train/Dusty/Dust (42).jpg,train,Dusty,Dust (42).jpg,110391,False,,720,960,RGB,JPEG,0.019849508319577,False,False,4de497ad914f4a2cba7e6a077a350b0046226fafdd2765bddf38db677f2945aa,14348336219721578136,15923880416191308016,False,,436
train/Dusty/Dust (44).jpg,train,Dusty,Dust (44).jpg,110527,False,,720,960,RGB,JPEG,0.1610544544929767,False,False,0242abd0015a8cd78470e93bd28d5a81048c6e6a5c87ad05a750c2f7d89e0012,10162107828030599923,1891229259945607686,False,,437
train/Dusty/Dust (45).jpg,train,Dusty,Dust (45).jpg,86646,False,,720,960,RGB,JPEG,0.0123755607992465,False,False,9243568516aa2e69ff944ea28af3149a3d7f055ce8a3f2eb035c7798eef9cc35,4894986208125411888,36302022428983295,False,,438
train/Dusty/Dust (47).jpg,train,Dusty,Dust (47).jpg,90207,False,,720,960,RGB,JPEG,0.0779397020548292,False,False,22df82e8d1fa28c00760d8624ebc4d8d0b8d20e35108a73b03aa16baa7c8a097,3102083881712282980,9223372034707292160,False,,439
train/Dusty/Dust (48).jpg,train,Dusty,Dust (48).jpg,97262,False,,720,960,RGB,JPEG,0.0899810619486951,False,False,d9601b4228bdc95176392ddb803ded2b02b0089f3f7884c8d021d87de2b699ad,16036202254015200344,17877601666505695743,False,,440
train/Dusty/Dust (49).jpg,train,Dusty,Dust (49).jpg,89272,False,,720,960,RGB,JPEG,0.0869935084005954,False,False,ac78ce462c5886d919f8564de6d9859b46306397e1077bfde99c0b1e611c53d0,18356398374856636012,70085343441740025,False,,441
train/Dusty/Dust (5).jpg,train,Dusty,Dust (5).jpg,35709,False,,165,220,RGB,JPEG,0.001735441573467,False,False,5eb658a6668ac1ecfe790a1ec64be0cb80a72d4846500a9efb01a9d29a21be3f,11306504601895425685,1002754604437504,False,,442
train/Dusty/Dust (50).jpg,train,Dusty,Dust (50).jpg,107164,False,,960,720,RGB,JPEG,0.0828615699340712,False,False,651b87094a4019c92432894dc79a48a088a4f1c3938b0a4232558990d2d3ffef,1393654717310142881,8574571225555370496,False,,443
train/Dusty/Dust (51).jpg,train,Dusty,Dust (51).jpg,107047,False,,720,960,RGB,JPEG,0.0312528483031708,False,False,f76c09afb88237b79bb1f6fcb6a242f2e003629a8f4ee0ea5fb1987a89a91d0f,2034231785877341936,35746768419032327,False,,444
train/Dusty/Dust (52).jpg,train,Dusty,Dust (52).jpg,104627,False,,720,960,RGB,JPEG,0.1147625654476773,False,False,bee814d89f5023b083663c6d4b64f1ae2b35214b7d8fab3b995ef9ca4c23aa1b,13513476749132861584,17347794912761970816,False,,445
train/Dusty/Dust (53).jpg,train,Dusty,Dust (53).jpg,90142,False,,960,720,RGB,JPEG,0.0639032640288425,False,False,2249b1ea70d977ba6c9a0d6f401c40812902df5fecd62b83672754b3b276447f,1600521296188457180,610800691895567232,False,,446
train/Dusty/Dust (54).jpg,train,Dusty,Dust (54).jpg,155136,False,,720,960,RGB,JPEG,0.0219154775528391,False,False,85457784111c5b3c7f586820dc1b8a693780ef532b6907514756b4a8ee29a103,7379706308337249323,9223231299366420736,False,,447
train/Dusty/Dust (55).jpg,train,Dusty,Dust (55).jpg,88982,False,,720,960,RGB,JPEG,0.0264322534255592,False,False,76696a2d0ec0f367418e64b376f88f1af6125894bc1004db9f75cc9b32244168,10986521381816627890,12682383807698159615,False,,448
train/Dusty/Dust (56).jpg,train,Dusty,Dust (56).jpg,1161292,False,,2048,1536,RGB,JPEG,0.0285943167404704,False,False,d628106a3fb6512e5b347400ba8241396e4a7b72bc157ebe11e38c5ee8de9c82,17511935855566020688,18374685959997358080,False,,449
train/Dusty/Dust (57).jpg,train,Dusty,Dust (57).jpg,46788,False,,720,960,RGB,JPEG,4.050920065219813e-05,False,False,996c29c214215bd778bbb707ac9382b75c58e4a454b469adddf8bf5fc4f393e6,18014397405658149351,18444704206918092686,False,,450
train/Dusty/Dust (58).jpg,train,Dusty,Dust (58).jpg,1353901,False,,2048,1536,RGB,JPEG,0.0217784107345512,False,False,9de067b1bc6321cd849b8a593ed20db8ddb7c71071a04e9bbc437fc4aab1b422,9241457286768001216,18446470308249666311,False,,451
train/Dusty/Dust (59).jpg,train,Dusty,Dust (59).jpg,78298,False,,720,960,RGB,JPEG,0.0371064277974134,False,False,4e35c10b92e1e96ec698eaf12dd74cc71e4a4f48266d710cccdb997300038780,12727614005441519864,18424154637432193411,False,,452
train/Dusty/Dust (6).jpg,train,Dusty,Dust (6).jpg,3428307,False,,4032,3024,RGB,JPEG,0.0061716912845385,False,False,2a7cc7d6a05f59b68c2155add7bd2a1e51eb02c44cc8173f4d6e6f0c4a899d35,12403147358776385733,18013973425622815,False,,453
train/Dusty/Dust (60).jpg,train,Dusty,Dust (60).jpg,674860,False,,1536,2048,RGB,JPEG,0.0036093371014041,False,False,00477c945cfa0fa757ba492619b8df43c373e511aad15d77458d009b92254a31,18374685377855021266,18374686204793766112,False,,454
train/Dusty/Dust (61).jpg,train,Dusty,Dust (61).jpg,1106285,False,,2048,1536,RGB,JPEG,0.0175326553772892,False,False,1a2431a16425ad9302f136b96876444228d8c6f60363f94da05a5d1eb9932861,17107311331635130616,18013007760937123840,False,,455
train/Dusty/Dust (62).jpg,train,Dusty,Dust (62).jpg,82534,False,,720,960,RGB,JPEG,0.0148972585398458,False,False,d1e399a37af2ef30d75ae65d8f857eade788b21b90e819fb483655acef5e9465,7097884964218009848,17275671285707407843,False,,456
train/Dusty/Dust (63).jpg,train,Dusty,Dust (63).jpg,109372,False,,720,960,RGB,JPEG,0.0157175698530528,False,False,33d49d248d088a50121edb681c2fd8aaab2c6de0d85af3b23e1a826e9b0d97d0,11024265982439907490,9791102733405767679,False,,457
train/Dusty/Dust (64).jpg,train,Dusty,Dust (64).jpg,107992,False,,720,960,RGB,JPEG,0.0162036802608792,False,False,522ef03b4101c6f86b40b49fec44712fdc1fac8d6c7efd11c4f59b04bf51f7d3,18201414785294032967,13848709041829838847,False,,458
train/Dusty/Dust (65).jpg,train,Dusty,Dust (65).jpg,113176,False,,720,960,RGB,JPEG,0.0516188489310634,False,False,7edd41ef3d86fe5c71c63dc4d87d7d1d928ea55ca6efa9f7daf83a628d8ef084,14715830136128433008,11034665970617679871,False,,459
train/Dusty/Dust (66).jpg,train,Dusty,Dust (66).jpg,589083,False,,1536,2048,RGB,JPEG,0.0039052938427646,False,False,80ab7631c736198d0a634985c3df395a54fce6e2202650b1bb04d7af3265199b,78657935836893851,18410713636029923328,False,,460
train/Dusty/Dust (69).jpg,train,Dusty,Dust (69).jpg,116739,False,,720,960,RGB,JPEG,0.015747951753542,False,False,e4dd6e9c622afcefb6e39b830263235e2ad26ca602742784f6988554e614166e,11281347083631045289,7019273618718974,False,,461
train/Dusty/Dust (7).jpg,train,Dusty,Dust (7).jpg,61361,False,,576,323,RGB,JPEG,0.0046653372963617,False,False,095ec07f558f8c9d9bbea70ab65d3f685c816315332bbe002c1bd423084557b0,5554087421293704593,18375033092795596799,False,,462
train/Dusty/Dust (70).jpg,train,Dusty,Dust (70).jpg,100564,False,,960,720,RGB,JPEG,0.0034432820554368,False,False,2eda3f834e9605ca25de1bd14ea2c820a514ef9a18f2aa1cee2cc36297ad92c5,13128282219309297919,18223286464405241856,False,,463
train/Dusty/Dust (71).jpg,train,Dusty,Dust (71).jpg,1048791,False,,2048,1536,RGB,JPEG,0.0064665435367943,False,False,963fe77cde47d06fedf7f66596d1ce22713041f8865fbc2ffb3570b301d657d6,15661576770212826886,17365879269787437064,False,,464
train/Dusty/Dust (72).jpg,train,Dusty,Dust (72).jpg,109173,False,,720,960,RGB,JPEG,0.0023191517373383,False,False,ce72410bfe40bf7056c8e443a251b6a074dce0eb4cf1a87a08a4d6ab5bcdc8c1,3725559690780803491,7216736762730055431,False,,465
train/Dusty/Dust (73).jpg,train,Dusty,Dust (73).jpg,101952,False,,720,960,RGB,JPEG,0.0084259137356572,False,False,c22326135ee099a6d4e885ae3d50e6aed0ed520d5cb35d1db0c671d987a59772,7921137991785462075,18431855669224350466,False,,466
train/Dusty/Dust (74).jpg,train,Dusty,Dust (74).jpg,1186157,False,,2048,1536,RGB,JPEG,0.0059769910322882,False,False,73f8b668580d8bd06b1c0bcb08a9577624c125407208a8a66efcc13c791fdc80,14186612586479652326,9331952104336080847,False,,467
train/Dusty/Dust (75).jpg,train,Dusty,Dust (75).jpg,97159,False,,720,960,RGB,JPEG,0.0637716091267229,False,False,b644b3a54e636c4019b7260fa7affb00f5f96b48afce00712a2fa74c81c87e4d,14827754060093900848,11136703166891425791,False,,468
train/Dusty/Dust (76).jpg,train,Dusty,Dust (76).jpg,151087,False,,720,960,RGB,JPEG,0.0009722208156527,False,False,f2c91ded20372fe4f5c4ab7bc5524d0e7e7315f7443c01340cbf380fba41207f,10150153151785861120,9507583268762354435,False,,469
train/Dusty/Dust (77).jpg,train,Dusty,Dust (77).jpg,110611,False,,720,960,RGB,JPEG,0.0056409061908185,False,False,cb056a3a75770f63c9b64995ed327686a71db61f0e9bf55aa6f59f4e5f2df389,5538801665756814,18410431669271035935,False,,470
train/Dusty/Dust (78).jpg,train,Dusty,Dust (78).jpg,1212569,False,,2048,1536,RGB,JPEG,0.0208504862146465,False,False,1303460cb637de2e67375054b841e9b10c50a7472a24725623ee444000422c39,14952798490630029312,17941847299265595137,False,,471
train/Dusty/Dust (8).jpg,train,Dusty,Dust (8).jpg,26169,False,,376,250,RGB,JPEG,0.0740189142899694,False,False,b5aa9f0c04c21d73ca40ec65be49bb1259e7c317deca676a90283ea9414bfad0,3906419626198767885,7813744829539690299,False,,472
train/Dusty/Dust (80).jpg,train,Dusty,Dust (80).jpg,390211,False,,2048,1152,RGB,JPEG,0.0254003198404951,False,False,8dab2095503ced06373aabc977e0291f30f9fecef34ee07428daa06d85d785ab,17635567210921035489,137438953414535,False,,473
train/Dusty/Dust (81).jpg,train,Dusty,Dust (81).jpg,429348,False,,2048,1152,RGB,JPEG,0.0367935248618128,False,False,35070098e951545190a3440176ddedc810a396f91f36e7a4b46de31950a8e3a8,7113576378883370584,504407006539217399,False,,474
train/Dusty/Dust (82).jpg,train,Dusty,Dust (82).jpg,274453,False,,2048,1152,RGB,JPEG,0.003975753835564,False,False,4e9f178cfbff80b9fae3efe8c7e33922fd588d45d150f800157364c1befbec88,2233010599615061453,54316967468670858,False,,475
train/Dusty/Dust (83).jpg,train,Dusty,Dust (83).jpg,3427228,False,,3648,2056,RGB,JPEG,0.0693925168226828,False,False,57c3c285908783bc66aba5277b009bf102953779ca4540be08528b3a1870ab7d,18410535286169721317,18446744069968232448,False,,425
train/Dusty/Dust (84).jpg,train,Dusty,Dust (84).jpg,321256,False,,2048,1152,RGB,JPEG,0.0243144049869007,False,False,952561cc6e91fe9a74e3026a242b988cc262b10a42f6a5b124d935a9d73fb011,6960625927702036734,13848701882135871936,False,,476
train/Dusty/Dust (85).jpg,train,Dusty,Dust (85).jpg,237471,False,,2048,1152,RGB,JPEG,0.0411015805104986,False,False,5751853d55e3b114094bf905aed8e49a7fb43084062ecef521e1c02756b7c0df,15924595928063538099,17363908734375460864,False,,477
train/Dusty/Dust (86).jpg,train,Dusty,Dust (86).jpg,273232,False,,2048,1152,RGB,JPEG,0.0796752936568924,False,False,aa21162eef15debabe89961bc428a19765bf8efc3614d88d7eef41bf9cb28bf2,17632117551103306233,13872198428437955456,False,,478
train/Dusty/Dust (87).jpg,train,Dusty,Dust (87).jpg,268387,False,,2048,1152,RGB,JPEG,0.0325299739202416,False,False,bc4c1fb4adefe362525ee259aebb2ddab760f4a4254bf8e04304d6d05153f40c,17635774517095918032,13871358431638504064,False,,479
train/Dusty/Dust (88).jpg,train,Dusty,Dust (88).jpg,292086,False,,2048,1152,RGB,JPEG,0.0243351738502208,False,False,11fc6cf6da115800a0e0883934a68628fc066e9ff499f82201eaf7d200fa3c19,17439374742844885089,14342399108919024591,False,,480
train/Dusty/Dust (89).jpg,train,Dusty,Dust (89).jpg,458260,False,,2048,1152,RGB,JPEG,0.0025278673641048,False,False,e157efaf029f5d0c5c66e5d6f4fec028025c5a612234719504c8168eaf6a9092,16771687036362742053,2040689252366287,False,,481
train/Dusty/Dust (9).jpg,train,Dusty,Dust (9).jpg,289770,False,,800,450,RGB,JPEG,0.0233720274553267,False,False,fbf0e91717ea60d9d4e9b27949aa23e04f6ea4b357c9b1183545a43f16bd5739,1802644510736437215,17363767724286908656,False,,482
train/Dusty/Dust (90).jpg,train,Dusty,Dust (90).jpg,403124,False,,2048,1152,RGB,JPEG,0.0114733134941238,False,False,f2bdbaf3b185fcf305461a633336628be8def1e29463b7f797be3150b2c2d5dd,14254079444131832515,612773992099594750,False,,483
train/Dusty/Dust (92).jpg,train,Dusty,Dust (92).jpg,465279,False,,2048,1152,RGB,JPEG,0.0033942256626009,False,False,04a46c80e37ae78c441c2ac7ea9558e96fd2a0984e6a0e4dd80001f7fa90666a,1841064892087419662,17562240314851446591,False,,484
train/Dusty/Dust (93).jpg,train,Dusty,Dust (93).jpg,398167,False,,2048,921,RGB,JPEG,0.0024716190589291,False,False,ff12ca593858afc3cc0b8c989faf28a5859b3de58cb960028be6c047cc09bdef,7449923452205931339,18230368444602122240,False,,44
train/Dusty/Dust (95).jpg,train,Dusty,Dust (95).jpg,382063,False,,2048,921,RGB,JPEG,0.012179960587696,False,False,91be7312bd86641404ed59f0f11a9377e60a5f626501a16c3f12aaa26b2b99b1,3690290479116763328,2657403874823868295,False,,485
train/Dusty/Dust (96).jpg,train,Dusty,Dust (96).jpg,433774,False,,2048,1152,RGB,JPEG,0.0148141335081873,False,False,bf3a76a2ffa54c2b085c96c3339abadf99f1d0ba18e23b038c359f466e6b1c8b,17290887081374023934,13898362642327863776,False,,45
train/Dusty/Dust (97).jpg,train,Dusty,Dust (97).jpg,408285,False,,2048,921,RGB,JPEG,0.0026683094645196,False,False,799f4236e8b4df73841066bdae2c20244980e449e2b4f8046185e2a1a365693a,14114135470471975703,11529215013590007808,False,,486
train/Dusty/Dust (99).jpg,train,Dusty,Dust (99).jpg,231480,False,,2048,921,RGB,JPEG,0.035649208228339,False,False,eb6dc82d64d509131af2047f519d8a65dcf8f78ead8fff16ead47f3837dcf412,7550995887451001560,9223265998525071747,False,,46
train/Electrical-damage/Electrical (1).jpg,train,Electrical-damage,Electrical (1).jpg,12775,False,,318,158,RGB,JPEG,0.0502925606018389,False,False,53c1fe99f67a27503feb5fae255269d7b1d147197104d7bf663e559b128228b8,5412443163031140472,18444933759059911008,False,,487
train/Electrical-damage/Electrical (1).png,train,Electrical-damage,Electrical (1).png,288961,False,,400,288,RGB,PNG,0.0027342325920524,False,False,f69922e031ad52ccd452d5139dc0ae4176a847532955292c9bb1682fc646974f,2768672316855006115,6983352118321227310,False,,488
train/Electrical-damage/Electrical (10).jpg,train,Electrical-damage,Electrical (10).jpg,36891,False,,474,355,RGB,JPEG,0.0016639627272349,False,False,598ef680fbc173585a7ae1e265f805c55cb464382dea6f333ad2cdde9b587681,2820136288045445923,866395436155274255,False,,489
train/Electrical-damage/Electrical (101).jpg,train,Electrical-damage,Electrical (101).jpg,31836,False,,333,250,RGB,JPEG,0.356428151013201,False,False,13818afffa4b657bfd86cfc114cdd4d55754f382602b81f5719972c48da922bf,8246779634686550758,16556891173155815628,False,,490
train/Electrical-damage/Electrical (102).jpg,train,Electrical-damage,Electrical (102).jpg,31836,False,,333,250,RGB,JPEG,0.356428151013201,False,False,13818afffa4b657bfd86cfc114cdd4d55754f382602b81f5719972c48da922bf,8246779634686550758,16556891173155815628,False,,490
train/Electrical-damage/Electrical (103).jpg,train,Electrical-damage,Electrical (103).jpg,243007,False,,1625,916,RGB,JPEG,0.0151004265364954,False,False,c222d133cf051dc58dca00c9dd054a0d23b5c9bd7d416147a2361ac672a882cf,7702435531138027841,18440437655100456963,False,,47
train/Electrical-damage/Electrical (106).jpg,train,Electrical-damage,Electrical (106).jpg,52163,False,,384,512,RGB,JPEG,0.0035959696656816,False,False,de2390a17dc4bd755d19350407541446faea2356dc94a355949a28e299c8b69d,10851025925846253242,18445821277314806000,False,,491
train/Electrical-damage/Electrical (108).jpg,train,Electrical-damage,Electrical (108).jpg,501400,False,,2400,1600,RGB,JPEG,0.0110669155552962,False,False,138183ebf954e0a4a25f4d3b7c4dff37fbd58b9abd22b6726291f7b55e5f2bd5,1089641997466027823,2034567363230989948,False,,492
train/Electrical-damage/Electrical (109).jpg,train,Electrical-damage,Electrical (109).jpg,60331,False,,622,415,RGB,JPEG,0.0202841956828289,False,False,596982d4c6bb62082802e1fbbc5a50506808689bb818bb0ab6f7cc113599e557,4693094998204330393,506381209866536707,False,,493
train/Electrical-damage/Electrical (11).jpg,train,Electrical-damage,Electrical (11).jpg,111401,False,,1200,800,RGB,JPEG,0.0098437397461044,False,False,1c18753d2788338cf6eefa600dc900eec52a1fc88549dbb7eb9ef4e144144ef4,9034568728416763554,8345012604496769063,False,,494
train/Electrical-damage/Electrical (110).jpg,train,Electrical-damage,Electrical (110).jpg,3378867,False,,3024,4032,RGB,JPEG,0.0049373530276308,False,False,5761859b24cd45fa3e2cb16999542e2d391573db34085ce8262bafc1441a8e34,2942795782863975201,216454257560045439,False,,495
train/Electrical-damage/Electrical (111).jpg,train,Electrical-damage,Electrical (111).jpg,60331,False,,622,415,RGB,JPEG,0.0202841956828289,False,False,596982d4c6bb62082802e1fbbc5a50506808689bb818bb0ab6f7cc113599e557,4693094998204330393,506381209866536707,False,,493
train/Electrical-damage/Electrical (112).jpg,train,Electrical-damage,Electrical (112).jpg,15053,False,,320,157,RGB,JPEG,0.0016717748676511,False,False,9497e62e7db539f40ca22a028de01728f5ca5a956dbf89b8c0b0c91d9cbd16a6,2387863705028414841,220411459820782082,False,,496
train/Electrical-damage/Electrical (113).jpg,train,Electrical-damage,Electrical (113).jpg,19311,False,,474,231,RGB,JPEG,0.0006393044367727,False,False,267580a653ee99ca73911507760da47f9b84bc0e58083eb90a7ee11139dd395f,17036110509335527038,264952178604256,False,,497
train/Electrical-damage/Electrical (114).jpg,train,Electrical-damage,Electrical (114).jpg,19311,False,,474,231,RGB,JPEG,0.0006393044367727,False,False,267580a653ee99ca73911507760da47f9b84bc0e58083eb90a7ee11139dd395f,17036110509335527038,264952178604256,False,,497
train/Electrical-damage/Electrical (116).jpg,train,Electrical-damage,Electrical (116).jpg,311432,False,,1200,806,RGB,JPEG,0.0280954173059664,False,False,da979cc7b5ec5808f83aa9906335c038607aa8ed6ba54648869034969818c521,8212519723387965399,18443331706770429952,False,,498
train/Electrical-damage/Electrical (117).jpg,train,Electrical-damage,Electrical (117).jpg,78215,False,,730,317,RGB,JPEG,0.0142170059590429,False,False,3769be651aacd65cf34f53b43cdd573896dd182518456126d0fd0fa6a1429b49,2856598046604077481,3390941150113169920,False,,499
train/Electrical-damage/Electrical (118).jpg,train,Electrical-damage,Electrical (118).jpg,12918,False,,272,204,RGB,JPEG,0.0085782767755771,False,False,639bf01779ec4738c3758d035c1203011a3bc626474e56d73e4a721305142430,10857816638845285026,13655337938389680513,False,,500
train/Electrical-damage/Electrical (119).jpg,train,Electrical-damage,Electrical (119).jpg,14924,False,,300,200,RGB,JPEG,0.0043163789080727,False,False,151557af791c3d33fa98cb8bc50d1651563f1766ffc7e53b73e0eab5495c8bb7,9088307118522245415,8074742472384655230,False,,501
train/Electrical-damage/Electrical (120).jpg,train,Electrical-damage,Electrical (120).jpg,61089,False,,474,631,RGB,JPEG,0.0009127504212694,False,False,957ce8c3e780570d4e6b63328e2114bb06f274bd390630e72145e6c1c86d9eec,4991470822003720771,242984374454148959,False,,502
train/Electrical-damage/Electrical (121).jpg,train,Electrical-damage,Electrical (121).jpg,512903,False,,3024,2592,RGB,JPEG,0.3556009230681298,False,False,327224d60900d7cd268322e9e9bd6eb51b4630730a612545b7cf03c685b1e3fc,15914868930894158040,15263758807659168707,False,,48
train/Electrical-damage/Electrical (122).jpg,train,Electrical-damage,Electrical (122).jpg,61089,False,,474,631,RGB,JPEG,0.0009127504212694,False,False,957ce8c3e780570d4e6b63328e2114bb06f274bd390630e72145e6c1c86d9eec,4991470822003720771,242984374454148959,False,,502
train/Electrical-damage/Electrical (123).jpg,train,Electrical-damage,Electrical (123).jpg,8585,False,,246,301,RGB,JPEG,0.0216487048591416,False,False,eb5e83b64ac28ebcda4fa51db110974b56468e6d8134c33d008ff0768fc411e9,11918043337347847382,18446545376933642497,False,,503
train/Electrical-damage/Electrical (124).jpg,train,Electrical-damage,Electrical (124).jpg,8585,False,,246,301,RGB,JPEG,0.0216487048591416,False,False,eb5e83b64ac28ebcda4fa51db110974b56468e6d8134c33d008ff0768fc411e9,11918043337347847382,18446545376933642497,False,,503
train/Electrical-damage/Electrical (125).jpg,train,Electrical-damage,Electrical (125).jpg,73403,False,,600,450,RGB,JPEG,0.00176293684538,False,False,8892e6942bbaeacab6597914881c9a3a988f832f5460c755fc75665565fd5ced,15821583706718234722,13168454113768259648,False,,504
train/Electrical-damage/Electrical (126).jpg,train,Electrical-damage,Electrical (126).jpg,73403,False,,600,450,RGB,JPEG,0.00176293684538,False,False,8892e6942bbaeacab6597914881c9a3a988f832f5460c755fc75665565fd5ced,15821583706718234722,13168454113768259648,False,,504
train/Electrical-damage/Electrical (127).jpg,train,Electrical-damage,Electrical (127).jpg,37873,False,,384,402,RGB,JPEG,0.0002267265224685,False,False,4cf55bd27f478caf1e049831e2ec44f3015fb3f83ed5e0b75d0b567a001841f4,10199714905575495062,18415774370345253893,False,,505
train/Electrical-damage/Electrical (128).jpg,train,Electrical-damage,Electrical (128).jpg,37873,False,,384,402,RGB,JPEG,0.0002267265224685,False,False,4cf55bd27f478caf1e049831e2ec44f3015fb3f83ed5e0b75d0b567a001841f4,10199714905575495062,18415774370345253893,False,,505
train/Electrical-damage/Electrical (129).jpg,train,Electrical-damage,Electrical (129).jpg,9038,False,,259,194,RGB,JPEG,0.0009752020061298,False,False,1763d11c6e27223eea84c22730fdd9491f5e4eddef58095733a203ebb81422d4,5139578263600443442,2020995024503956463,False,,506
train/Electrical-damage/Electrical (13).jpg,train,Electrical-damage,Electrical (13).jpg,40694,False,,460,345,RGB,JPEG,0.0190102328863796,False,False,a22112dde466ebc14b8e3059a924132c855eeb1f33c5a2e38d66a5050f33cf87,8840621397812335298,18228038314505863311,False,,507
train/Electrical-damage/Electrical (130).jpg,train,Electrical-damage,Electrical (130).jpg,122927,False,,564,770,RGB,JPEG,0.0013217279174725,False,False,83ac6eafdd1f39a57b6caa32871ce552d6fb0ce404c61c1721d7af1d965956e0,14178669469559341248,9358200206434340751,False,,508
train/Electrical-damage/Electrical (131).jpg,train,Electrical-damage,Electrical (131).jpg,122927,False,,564,770,RGB,JPEG,0.0013217279174725,False,False,83ac6eafdd1f39a57b6caa32871ce552d6fb0ce404c61c1721d7af1d965956e0,14178669469559341248,9358200206434340751,False,,508
train/Electrical-damage/Electrical (132).jpg,train,Electrical-damage,Electrical (132).jpg,512903,False,,3024,2592,RGB,JPEG,0.3556009230681298,False,False,327224d60900d7cd268322e9e9bd6eb51b4630730a612545b7cf03c685b1e3fc,15914868930894158040,15263758807659168707,False,,48
train/Electrical-damage/Electrical (133).jpg,train,Electrical-damage,Electrical (133).jpg,27546,False,,474,317,RGB,JPEG,0.0057299916146464,False,False,31e24c7b5ef26762739ee2ba30068e0476cea5c1d285f4dfd735d7abf49ebd3a,14766437265168034924,10989304048989555663,False,,509
train/Electrical-damage/Electrical (134).jpg,train,Electrical-damage,Electrical (134).jpg,27546,False,,474,317,RGB,JPEG,0.0057299916146464,False,False,31e24c7b5ef26762739ee2ba30068e0476cea5c1d285f4dfd735d7abf49ebd3a,14766437265168034924,10989304048989555663,False,,509
train/Electrical-damage/Electrical (135).jpg,train,Electrical-damage,Electrical (135).jpg,22575,False,,443,222,RGB,JPEG,0.0004982206405693,False,False,9967442e897c80c988e44d7960d8544acb48899050910884d8395d7e6f91957c,9838263230022569420,18401460803738311192,False,,510
train/Electrical-damage/Electrical (136).jpg,train,Electrical-damage,Electrical (136).jpg,22575,False,,443,222,RGB,JPEG,0.0004982206405693,False,False,9967442e897c80c988e44d7960d8544acb48899050910884d8395d7e6f91957c,9838263230022569420,18401460803738311192,False,,510
train/Electrical-damage/Electrical (137).jpg,train,Electrical-damage,Electrical (137).jpg,348753,False,,4000,3000,RGB,JPEG,0.2104724649212558,False,False,f9ce754df6f586eb14b99def19332687f07f0b0ce861d64d7c7ead43d6065422,3110631712047738671,4334776755664979976,False,,511
train/Electrical-damage/Electrical (138).jpg,train,Electrical-damage,Electrical (138).jpg,80058,False,,513,405,RGB,JPEG,0.0163067282099659,False,False,4d6df6db7539a122a2db12049e316068179a7c8e88198ad0aa3fbf32ce09ecf8,11936133911762574954,9552028287290847316,False,,512
train/Electrical-damage/Electrical (139).jpg,train,Electrical-damage,Electrical (139).jpg,47285,False,,492,364,RGB,JPEG,0.0014462163852407,False,False,e15a5d4273290a01166a1ec7d3730d5f52a8715acb5dc12a74bea0319183627f,1245331085216276186,2811162060669317136,False,,513
train/Electrical-damage/Electrical (140).jpg,train,Electrical-damage,Electrical (140).jpg,68087,False,,482,230,RGB,JPEG,0.0002525571410531,False,False,63374881f770a19fc1daf2be7b93bd5cdf3e1406306a5a154e86783a3b17c0ae,16423267914473888091,14913369926261588208,False,,58
train/Electrical-damage/Electrical (141).jpg,train,Electrical-damage,Electrical (141).jpg,229901,False,,850,566,RGB,JPEG,0.004670517539903,False,False,66eb16748ebd8dd82ef44028dd1eb3bba37752d1e3382a4231f36cea79c6cc8f,8861599993249611583,17362767415405474016,False,,514
train/Electrical-damage/Electrical (143).jpg,train,Electrical-damage,Electrical (143).jpg,481896,False,,1536,2048,RGB,JPEG,0.0008122121097487,False,False,e56e864f856b321860d1706c212d77d968aea3e609fbd7076e00229a8d589c8c,7395123780212794528,72056494568276099,False,,52
train/Electrical-damage/Electrical (146).jpg,train,Electrical-damage,Electrical (146).jpg,5140873,False,,3024,5376,RGB,JPEG,0.0210275263172398,False,False,cb074141f8b39c364a820d66dda367c81322e07757667ecfb0fca6345f78d1bb,14549973067341898418,16125076634495026180,False,,515
train/Electrical-damage/Electrical (147).jpg,train,Electrical-damage,Electrical (147).jpg,35651,False,,430,205,RGB,JPEG,7.940919558484873e-05,False,False,d5001ed10c3e73adc1a18a80ed9d85ef780b0f7d5dbf10ecd918772ea285b860,16423267914473888091,14913369926261588208,False,,58
train/Electrical-damage/Electrical (148).jpg,train,Electrical-damage,Electrical (148).jpg,68422,False,,474,632,RGB,JPEG,0.00252360033648,False,False,0b1c663fc85fe9d2b48fa6b3d25304c6b1b901c918848c3a24eaa89083b0aff4,3227525186,508641840132981504,False,,516
train/Electrical-damage/Electrical (149).jpg,train,Electrical-damage,Electrical (149).jpg,85252,False,,640,450,RGB,JPEG,0.0280485137204384,False,False,9a7932dbab6d7f4d1900f1c73e9e4ae925cc6cad4e77768b44c0a180d9fb5290,12964394832387662048,18439710527941968643,False,,57
train/Electrical-damage/Electrical (15).jpg,train,Electrical-damage,Electrical (15).jpg,40694,False,,460,345,RGB,JPEG,0.0190102328863796,False,False,a22112dde466ebc14b8e3059a924132c855eeb1f33c5a2e38d66a5050f33cf87,8840621397812335298,18228038314505863311,False,,507
train/Electrical-damage/Electrical (150).jpg,train,Electrical-damage,Electrical (150).jpg,47759,False,,387,275,RGB,JPEG,0.0019073927913706,False,False,198444bce6ace0ea24d4888158d004966dc43fef83c7157b1259cde89e78609c,2768813054410470307,6974344644171802223,False,,488
train/Electrical-damage/Electrical (151).jpg,train,Electrical-damage,Electrical (151).jpg,69315,False,,530,785,RGB,JPEG,0.0014132848778518,False,False,fa0c3cc3dee515894c6931883f9397371846942c5c464c71585394f21195bcdc,13308295849454899344,2531870726982664963,False,,517
train/Electrical-damage/Electrical (152).jpg,train,Electrical-damage,Electrical (152).jpg,92763,False,,578,778,RGB,JPEG,0.0012141778614903,False,False,7474f871ddae20aa6aa879baa80a6eedfe37b35a799ad72db4745fc1516802fd,2966231010446106976,9223212913949902595,False,,518
train/Electrical-damage/Electrical (153).jpg,train,Electrical-damage,Electrical (153).jpg,157823,False,,589,769,RGB,JPEG,0.0085463480975489,False,False,b0ba086419208d0e193fb6d5b978f2d5c697b10ba0604f4840e9cd6ebf1f7aed,17333337423135106798,16661083395916613848,False,,519
train/Electrical-damage/Electrical (16).jpg,train,Electrical-damage,Electrical (16).jpg,34342,False,,474,297,RGB,JPEG,0.0011933174224343,False,False,df255af64d1806348db7770b3b4ee550f48c68aaabf45fd6c20976dce5b41e5f,2378288949952079463,3971971491989752904,False,,520
train/Electrical-damage/Electrical (17).jpg,train,Electrical-damage,Electrical (17).jpg,34342,False,,474,297,RGB,JPEG,0.0011933174224343,False,False,df255af64d1806348db7770b3b4ee550f48c68aaabf45fd6c20976dce5b41e5f,2378288949952079463,3971971491989752904,False,,520
train/Electrical-damage/Electrical (18).jpg,train,Electrical-damage,Electrical (18).jpg,25752,False,,300,300,RGB,JPEG,0.0142323845076994,False,False,ef66c457ffdf52232fae619da9750988372dafc5b3fb64c0571b97e7ca3309b5,4078044154749332709,2386961678037678351,False,,49
train/Electrical-damage/Electrical (19).jpg,train,Electrical-damage,Electrical (19).jpg,66496,False,,677,332,RGB,JPEG,0.0023357209592027,False,False,cdcd8bbb50e010dad71991ca4854675a75925f2f9acf63efb1bf17c83d89a8c4,1888035058374259651,18446479121606182663,False,,50
train/Electrical-damage/Electrical (2).jpg,train,Electrical-damage,Electrical (2).jpg,32605,False,,390,310,RGB,JPEG,0.0031843446039833,False,False,46bd3f75e97ed4b8e50c19ec4ecf9e7eecdbdd8e19413546896fef888a53ea41,14612714917604346586,9279526846624481729,False,,56
train/Electrical-damage/Electrical (2).png,train,Electrical-damage,Electrical (2).png,95547,False,,564,734,RGB,JPEG,0.1788806222522827,False,False,896f2ef5904d66b871d3703b538ce187875c84792d5d77811ad2e69105334702,11723638056798562994,18411139144890810879,False,,521
train/Electrical-damage/Electrical (20).jpg,train,Electrical-damage,Electrical (20).jpg,75333,False,,456,398,RGB,JPEG,0.0048597986654838,False,False,7768663c182cf43bbc386c604fec6bdcd07621dc7657afc2473eb894b54a0f73,11818619858143676685,219273400760341275,False,,522
train/Electrical-damage/Electrical (21).jpg,train,Electrical-damage,Electrical (21).jpg,1783231,False,,4032,3024,RGB,JPEG,0.0003875248015873,False,False,ea9ce0512a7a505c2a6a2282b5f82ca6d76604ee532d319f8a1fa416f94432bd,11827600864105869906,9155579470281768708,False,,523
train/Electrical-damage/Electrical (22).jpg,train,Electrical-damage,Electrical (22).jpg,7650,False,,221,136,RGB,JPEG,0.0111783884489986,False,False,637dc47764a117264d9cbf787ccebf0049e2734626f4bc2748de9c7c5759f202,14863644922183618309,56537008630954751,False,,524
train/Electrical-damage/Electrical (23).jpg,train,Electrical-damage,Electrical (23).jpg,8619,False,,240,175,RGB,JPEG,0.0001666666666666,False,False,5734725aac953b347a82f4d5e07a6498679d7e6c78d29a590aa2778c4cb771ab,12385976439464173479,18222908781987631104,False,,525
train/Electrical-damage/Electrical (24).jpg,train,Electrical-damage,Electrical (24).jpg,9600,False,,259,195,RGB,JPEG,0.0085932085932085,False,False,0b528975f3c0ae67c9f0df9db9d2bede736d106b9f3eb7fa4e4f0170461111b0,4190219772500029100,18392700367214739456,False,,526
train/Electrical-damage/Electrical (26).jpg,train,Electrical-damage,Electrical (26).jpg,106264,False,,602,561,RGB,JPEG,0.082328068648178,False,False,46a336c2bb3a1ffa7df60361edee44e561ab1ffd8b4d991c20cda4e65028b81a,12315843772359044750,18446743530413031424,False,,527
train/Electrical-damage/Electrical (28).jpg,train,Electrical-damage,Electrical (28).jpg,168128,False,,1034,466,RGB,JPEG,0.0599113822909856,False,False,12fa30583c2d638068a511f63a6b8ddf8a6c11feca5a34432b69d428bb1546eb,10199823352546987220,1880816326847052281,False,,51
train/Electrical-damage/Electrical (29).jpg,train,Electrical-damage,Electrical (29).jpg,168128,False,,1034,466,RGB,JPEG,0.0599113822909856,False,False,12fa30583c2d638068a511f63a6b8ddf8a6c11feca5a34432b69d428bb1546eb,10199823352546987220,1880816326847052281,False,,51
train/Electrical-damage/Electrical (3).jpg,train,Electrical-damage,Electrical (3).jpg,481896,False,,1536,2048,RGB,JPEG,0.0008122121097487,False,False,e56e864f856b321860d1706c212d77d968aea3e609fbd7076e00229a8d589c8c,7395123780212794528,72056494568276099,False,,52
train/Electrical-damage/Electrical (3).png,train,Electrical-damage,Electrical (3).png,288961,False,,400,288,RGB,PNG,0.0027342325920524,False,False,f69922e031ad52ccd452d5139dc0ae4176a847532955292c9bb1682fc646974f,2768672316855006115,6983352118321227310,False,,488
train/Electrical-damage/Electrical (30).jpg,train,Electrical-damage,Electrical (30).jpg,71476,False,,474,632,RGB,JPEG,0.0178287690438358,False,False,3d107ed74f29c261c02f8d503a39e575ac87668c4d8bd7b9fe6eb15e2254a290,3104481615342363491,18446721538636923972,False,,53
train/Electrical-damage/Electrical (31).jpg,train,Electrical-damage,Electrical (31).jpg,71476,False,,474,632,RGB,JPEG,0.0178287690438358,False,False,3d107ed74f29c261c02f8d503a39e575ac87668c4d8bd7b9fe6eb15e2254a290,3104481615342363491,18446721538636923972,False,,53
train/Electrical-damage/Electrical (32).jpg,train,Electrical-damage,Electrical (32).jpg,10357,False,,450,125,RGB,JPEG,0.0001244400199104,False,False,0a5479c6f9953f90dd9aeff5f56a190a89d0365c4b9dd7e25f4b20b1a2604cb6,14757819120969735774,18012385135935156464,False,,528
train/Electrical-damage/Electrical (33).jpg,train,Electrical-damage,Electrical (33).jpg,10357,False,,450,125,RGB,JPEG,0.0001244400199104,False,False,0a5479c6f9953f90dd9aeff5f56a190a89d0365c4b9dd7e25f4b20b1a2604cb6,14757819120969735774,18012385135935156464,False,,528
train/Electrical-damage/Electrical (34).jpg,train,Electrical-damage,Electrical (34).jpg,30694,False,,474,316,RGB,JPEG,0.0126647350219646,False,False,7be9bc4860a7ecbcc962e560b3679aa85530f4fb738a3b9b0b3ab09ea8c60687,8746338386490572450,8345012604496769319,False,,494
train/Electrical-damage/Electrical (35).jpg,train,Electrical-damage,Electrical (35).jpg,30694,False,,474,316,RGB,JPEG,0.0126647350219646,False,False,7be9bc4860a7ecbcc962e560b3679aa85530f4fb738a3b9b0b3ab09ea8c60687,8746338386490572450,8345012604496769319,False,,494
train/Electrical-damage/Electrical (36).jpg,train,Electrical-damage,Electrical (36).jpg,26878,False,,474,316,RGB,JPEG,0.0026170670156089,False,False,1b15776aea048ee10c0bc6de8e1e70006778c820d2b6576ac093a0dc74a8bf43,8800076742370537511,8074742472384524158,False,,501
train/Electrical-damage/Electrical (37).jpg,train,Electrical-damage,Electrical (37).jpg,48793,False,,600,280,RGB,JPEG,0.1526666666666666,False,False,a145fdc4ec61399f98457e9ff7b528ddcf5caeb87a2e09a0304ede7462e97db4,16495819912912039109,2236890470507088895,False,,529
train/Electrical-damage/Electrical (38).jpg,train,Electrical-damage,Electrical (38).jpg,48793,False,,600,280,RGB,JPEG,0.1526666666666666,False,False,a145fdc4ec61399f98457e9ff7b528ddcf5caeb87a2e09a0304ede7462e97db4,16495819912912039109,2236890470507088895,False,,529
train/Electrical-damage/Electrical (39).jpg,train,Electrical-damage,Electrical (39).jpg,75333,False,,456,398,RGB,JPEG,0.0048597986654838,False,False,7768663c182cf43bbc386c604fec6bdcd07621dc7657afc2473eb894b54a0f73,11818619858143676685,219273400760341275,False,,522
train/Electrical-damage/Electrical (4).jpg,train,Electrical-damage,Electrical (4).jpg,113151,False,,1038,785,RGB,JPEG,0.0066148361324685,False,False,d006bceacf7e2e08599b1f5399e4fcebf19e119c60d2ae859449bd2f7b0fa909,10708712125542753408,18442800675256532992,False,,530
train/Electrical-damage/Electrical (40).jpg,train,Electrical-damage,Electrical (40).jpg,1783231,False,,4032,3024,RGB,JPEG,0.0003875248015873,False,False,ea9ce0512a7a505c2a6a2282b5f82ca6d76604ee532d319f8a1fa416f94432bd,11827600864105869906,9155579470281768708,False,,523
train/Electrical-damage/Electrical (41).jpg,train,Electrical-damage,Electrical (41).jpg,7650,False,,221,136,RGB,JPEG,0.0111783884489986,False,False,637dc47764a117264d9cbf787ccebf0049e2734626f4bc2748de9c7c5759f202,14863644922183618309,56537008630954751,False,,524
train/Electrical-damage/Electrical (42).jpg,train,Electrical-damage,Electrical (42).jpg,29059,False,,458,191,RGB,JPEG,0.0051212290949827,False,False,cbea0340a96ba2630293d35511c497d14169b1e52ce3352c29875911fdbe5c01,8897837323413382244,18229723551992057097,False,,531
train/Electrical-damage/Electrical (43).jpg,train,Electrical-damage,Electrical (43).jpg,31427,False,,474,316,RGB,JPEG,0.010608468081129,False,False,5a010aba5df328011f984b69a41fe3102ad0bed31cd3b2f0efc1e7ce7a14d1d1,8746338386490572450,7189839300076236839,False,,494
train/Electrical-damage/Electrical (45).jpg,train,Electrical-damage,Electrical (45).jpg,33299,False,,474,305,RGB,JPEG,0.0058587130199002,False,False,0689646e66f6c4654cc9db18529d5af6e5b18000d0ed939e58f4476ad3f51e72,2265838429890423820,18374632603601864704,False,,532
train/Electrical-damage/Electrical (46).jpg,train,Electrical-damage,Electrical (46).jpg,24259,False,,474,226,RGB,JPEG,0.0001306847882906,False,False,7422b21020c7f1a1c555a43d9c7db69fbbe0636558e4115c33e4cb007c63e3bb,16423259118380865883,14913369926261588208,False,,58
train/Electrical-damage/Electrical (47).jpg,train,Electrical-damage,Electrical (47).jpg,26878,False,,474,316,RGB,JPEG,0.0026170670156089,False,False,1b15776aea048ee10c0bc6de8e1e70006778c820d2b6576ac093a0dc74a8bf43,8800076742370537511,8074742472384524158,False,,501
train/Electrical-damage/Electrical (48).jpg,train,Electrical-damage,Electrical (48).jpg,24259,False,,474,226,RGB,JPEG,0.0001306847882906,False,False,7422b21020c7f1a1c555a43d9c7db69fbbe0636558e4115c33e4cb007c63e3bb,16423259118380865883,14913369926261588208,False,,58
train/Electrical-damage/Electrical (49).jpg,train,Electrical-damage,Electrical (49).jpg,102892,False,,300,450,RGB,JPEG,0.0130146220055999,False,False,9423b74fe2ac91b6cc4098aca8e7a3517027fde6844ea4e6804a939b7d3eea20,7730366971432798750,3411900780788797,False,,55
train/Electrical-damage/Electrical (5).jpg,train,Electrical-damage,Electrical (5).jpg,113151,False,,1038,785,RGB,JPEG,0.0066148361324685,False,False,d006bceacf7e2e08599b1f5399e4fcebf19e119c60d2ae859449bd2f7b0fa909,10708712125542753408,18442800675256532992,False,,530
train/Electrical-damage/Electrical (50).jpg,train,Electrical-damage,Electrical (50).jpg,102892,False,,300,450,RGB,JPEG,0.0130146220055999,False,False,9423b74fe2ac91b6cc4098aca8e7a3517027fde6844ea4e6804a939b7d3eea20,7730366971432798750,3411900780788797,False,,55
train/Electrical-damage/Electrical (51).jpg,train,Electrical-damage,Electrical (51).jpg,42744,False,,384,512,RGB,JPEG,0.0036671769857941,False,False,3a3916ab580ffbc1538a34674e66dfa3af2a7962a08385518e1f75a5c4ff5d91,10851025925846253242,18445821277314806000,False,,491
train/Electrical-damage/Electrical (52).jpg,train,Electrical-damage,Electrical (52).jpg,42744,False,,384,512,RGB,JPEG,0.0036671769857941,False,False,3a3916ab580ffbc1538a34674e66dfa3af2a7962a08385518e1f75a5c4ff5d91,10851025925846253242,18445821277314806000,False,,491
train/Electrical-damage/Electrical (53).jpg,train,Electrical-damage,Electrical (53).jpg,36486,False,,384,402,RGB,JPEG,0.0003627624359497,False,False,2d192fd3335534cbeba1fabd0efdf8917075520d6ddd6c10bf628f8d4072d205,10199714905575495062,18415774370345249797,False,,505
train/Electrical-damage/Electrical (54).jpg,train,Electrical-damage,Electrical (54).jpg,36486,False,,384,402,RGB,JPEG,0.0003627624359497,False,False,2d192fd3335534cbeba1fabd0efdf8917075520d6ddd6c10bf628f8d4072d205,10199714905575495062,18415774370345249797,False,,505
train/Electrical-damage/Electrical (55).jpg,train,Electrical-damage,Electrical (55).jpg,65337,False,,334,499,RGB,JPEG,0.0039479210415791,False,False,14bf258c3d9c0d38009d73f549051ce2a3fb21ef9131ff12ba9be709022ae12e,12261694691444750840,10760603464911209089,False,,533
train/Electrical-damage/Electrical (57).jpg,train,Electrical-damage,Electrical (57).jpg,78215,False,,730,317,RGB,JPEG,0.0142170059590429,False,False,3769be651aacd65cf34f53b43cdd573896dd182518456126d0fd0fa6a1429b49,2856598046604077481,3390941150113169920,False,,499
train/Electrical-damage/Electrical (58).jpg,train,Electrical-damage,Electrical (58).jpg,20363,False,,400,269,RGB,JPEG,0.0047488940931563,False,False,69bfd382dcde4ccff6c0046fec59004b1239b6adda71f8dd7d9a880720726bbc,14766437265168034924,10989022574012845007,False,,509
train/Electrical-damage/Electrical (59).jpg,train,Electrical-damage,Electrical (59).jpg,78215,False,,730,317,RGB,JPEG,0.0142170059590429,False,False,3769be651aacd65cf34f53b43cdd573896dd182518456126d0fd0fa6a1429b49,2856598046604077481,3390941150113169920,False,,499
train/Electrical-damage/Electrical (6).jpg,train,Electrical-damage,Electrical (6).jpg,85375,False,,768,366,RGB,JPEG,0.000348640302819,False,False,b0949946108d26e65bcccf8d8658f036e4b98e5290a74ad113360e51c6eea7d7,6689699799692487960,1809809527502760763,False,,534
train/Electrical-damage/Electrical (60).jpg,train,Electrical-damage,Electrical (60).jpg,23018,False,,411,313,RGB,JPEG,0.0069104363913374,False,False,0c7c2251c6a3b5b372322e5b633fe6b9c967a63e3616455209c83f87477ce435,7873917075918319171,4648431679746735366,False,,535
train/Electrical-damage/Electrical (61).jpg,train,Electrical-damage,Electrical (61).jpg,276425,False,,690,345,RGB,JPEG,0.0033227475888026,False,False,037a04612ca21bd7a9710453b6073ecbff3a6d6a6170d6c678d75115aac7ae61,3651765562648213297,2348865767635483648,False,,536
train/Electrical-damage/Electrical (63).jpg,train,Electrical-damage,Electrical (63).jpg,35469,False,,456,398,RGB,JPEG,0.0023141898407065,False,False,2ea87ee73bc6bcce45dbad9fb484f9c31381d7bdd4cbf74e24c17141a178943a,11818619858143676685,219273400760341275,False,,522
train/Electrical-damage/Electrical (64).jpg,train,Electrical-damage,Electrical (64).jpg,35469,False,,456,398,RGB,JPEG,0.0023141898407065,False,False,2ea87ee73bc6bcce45dbad9fb484f9c31381d7bdd4cbf74e24c17141a178943a,11818619858143676685,219273400760341275,False,,522
train/Electrical-damage/Electrical (65).jpg,train,Electrical-damage,Electrical (65).jpg,24853,False,,474,266,RGB,JPEG,0.0047745947146346,False,False,31108ea9a488b37e75449116a124609a0e99e871a10ad948e9864d8817e43b7d,4738281044944586486,853221006377184,False,,537
train/Electrical-damage/Electrical (66).jpg,train,Electrical-damage,Electrical (66).jpg,32605,False,,390,310,RGB,JPEG,0.0031843446039833,False,False,46bd3f75e97ed4b8e50c19ec4ecf9e7eecdbdd8e19413546896fef888a53ea41,14612714917604346586,9279526846624481729,False,,56
train/Electrical-damage/Electrical (67).jpg,train,Electrical-damage,Electrical (67).jpg,24853,False,,474,266,RGB,JPEG,0.0047745947146346,False,False,31108ea9a488b37e75449116a124609a0e99e871a10ad948e9864d8817e43b7d,4738281044944586486,853221006377184,False,,537
train/Electrical-damage/Electrical (69).jpg,train,Electrical-damage,Electrical (69).jpg,38385,False,,334,499,RGB,JPEG,0.0015959680806383,False,False,5da669b9c137d8ab37602c802ecf253f28047bd90cc9e8ee00f36a9e7d147573,12261694691444750840,10760744202401661569,False,,533
train/Electrical-damage/Electrical (70).jpg,train,Electrical-damage,Electrical (70).jpg,27199,False,,474,266,RGB,JPEG,0.011714412613813,False,False,1cfcdbb70de44a630bd5ce98d885761caf0034a9a1d73fe4d679dbe7f6c8b8d0,6184731700647835170,18411187654393425152,False,,538
train/Electrical-damage/Electrical (72).jpg,train,Electrical-damage,Electrical (72).jpg,25382,False,,474,266,RGB,JPEG,0.0034421496779924,False,False,cc1b2a8c5cc9da2ea775f529476c983601d223c1cbbcce2778f846eaf9b8a003,10417550108804587809,217060101134946175,False,,539
train/Electrical-damage/Electrical (74).jpg,train,Electrical-damage,Electrical (74).jpg,478642,False,,3840,2592,RGB,JPEG,0.1301999158870748,False,False,6939783b9264288e2ae0ef27a31d67d0d9f9b1c27089881665ab71c20d280908,14900865814156185230,11061271175963974033,False,,540
train/Electrical-damage/Electrical (75).jpg,train,Electrical-damage,Electrical (75).jpg,31082,False,,489,367,RGB,JPEG,0.0010531242686637,False,False,274e77bf9ce204a0c9268bbb8a8d0368c33474d1f53e3821b65a14a58f6b652c,10468703192938045082,2811091691925139472,False,,513
train/Electrical-damage/Electrical (77).jpg,train,Electrical-damage,Electrical (77).jpg,119462,False,,940,627,RGB,JPEG,0.005095132901019,False,False,a60cfca73d517c435d2b6467ae4122026db69a70664a04475fe6ae9cc1526158,9088307118522380583,8074742472384655230,False,,501
train/Electrical-damage/Electrical (78).jpg,train,Electrical-damage,Electrical (78).jpg,103402,False,,1024,766,RGB,JPEG,0.0018562313149792,False,False,88f24114baf14cad6f947e73e812cd791019cf8316e5644dd096a95b4067f0cf,14621578752752896200,15704563108862284043,False,,541
train/Electrical-damage/Electrical (79).jpg,train,Electrical-damage,Electrical (79).jpg,111465,False,,1024,682,RGB,JPEG,0.0155863161165515,False,False,066043f4c38010d8e5ef6ca3293f596551159a6122cf56415b4b39e6ae939323,4123389800301275433,18406882793087836907,False,,542
train/Electrical-damage/Electrical (8).jpg,train,Electrical-damage,Electrical (8).jpg,12846,False,,318,159,RGB,JPEG,0.0001384274640088,False,False,c0b45581fb247665d92029091a0779f7c10b6aa9905e23cbc75b6e63c145d2fd,3651765562648213297,2348795396743822336,False,,536
train/Electrical-damage/Electrical (80).jpg,train,Electrical-damage,Electrical (80).jpg,111465,False,,1024,682,RGB,JPEG,0.0155863161165515,False,False,066043f4c38010d8e5ef6ca3293f596551159a6122cf56415b4b39e6ae939323,4123389800301275433,18406882793087836907,False,,542
train/Electrical-damage/Electrical (81).jpg,train,Electrical-damage,Electrical (81).jpg,226912,False,,1920,1200,RGB,JPEG,0.0164973886730083,False,False,193b1e47d367f82c03ed5ac4f14e6b953d3bd42ce08b183f1f913c1316b89d79,5136146346571002108,13893481223285752000,False,,543
train/Electrical-damage/Electrical (82).jpg,train,Electrical-damage,Electrical (82).jpg,226912,False,,1920,1200,RGB,JPEG,0.0164973886730083,False,False,193b1e47d367f82c03ed5ac4f14e6b953d3bd42ce08b183f1f913c1316b89d79,5136146346571002108,13893481223285752000,False,,543
train/Electrical-damage/Electrical (83).jpg,train,Electrical-damage,Electrical (83).jpg,24259,False,,474,226,RGB,JPEG,0.0001306847882906,False,False,7422b21020c7f1a1c555a43d9c7db69fbbe0636558e4115c33e4cb007c63e3bb,16423259118380865883,14913369926261588208,False,,58
train/Electrical-damage/Electrical (84).jpg,train,Electrical-damage,Electrical (84).jpg,24259,False,,474,226,RGB,JPEG,0.0001306847882906,False,False,7422b21020c7f1a1c555a43d9c7db69fbbe0636558e4115c33e4cb007c63e3bb,16423259118380865883,14913369926261588208,False,,58
train/Electrical-damage/Electrical (85).jpg,train,Electrical-damage,Electrical (85).jpg,14975,False,,164,300,RGB,JPEG,0.0054061744202589,False,False,6d30ac036403f6abdeff03c9347cb348feb53c3054c9b078a3489eee0b80a07c,2088765221235387560,8787036914094539137,False,,544
train/Electrical-damage/Electrical (86).jpg,train,Electrical-damage,Electrical (86).jpg,14975,False,,164,300,RGB,JPEG,0.0054061744202589,False,False,6d30ac036403f6abdeff03c9347cb348feb53c3054c9b078a3489eee0b80a07c,2088765221235387560,8787036914094539137,False,,544
train/Electrical-damage/Electrical (87).jpg,train,Electrical-damage,Electrical (87).jpg,65337,False,,334,499,RGB,JPEG,0.0039479210415791,False,False,14bf258c3d9c0d38009d73f549051ce2a3fb21ef9131ff12ba9be709022ae12e,12261694691444750840,10760603464911209089,False,,533
train/Electrical-damage/Electrical (88).jpg,train,Electrical-damage,Electrical (88).jpg,114139,False,,602,564,RGB,JPEG,0.0564489526636978,False,False,c140e80fa89fd3da5c13220d6ae98aa2d4dbdc9aadc21ca5a61733397472eb44,9405918079728791208,18428623578787283201,False,,59
train/Electrical-damage/Electrical (89).jpg,train,Electrical-damage,Electrical (89).jpg,65337,False,,334,499,RGB,JPEG,0.0039479210415791,False,False,14bf258c3d9c0d38009d73f549051ce2a3fb21ef9131ff12ba9be709022ae12e,12261694691444750840,10760603464911209089,False,,533
train/Electrical-damage/Electrical (9).jpg,train,Electrical-damage,Electrical (9).jpg,36891,False,,474,355,RGB,JPEG,0.0016639627272349,False,False,598ef680fbc173585a7ae1e265f805c55cb464382dea6f333ad2cdde9b587681,2820136288045445923,866395436155274255,False,,489
train/Electrical-damage/Electrical (90).jpg,train,Electrical-damage,Electrical (90).jpg,174204,False,,640,480,RGB,JPEG,0.0005924440596089,False,False,33535943c1711a2785a024921c5247df6d2c753f92bceeb406aefac083377a30,10849974810936972693,13093287931500556979,False,,545
train/Electrical-damage/Electrical (91).jpg,train,Electrical-damage,Electrical (91).jpg,174204,False,,640,480,RGB,JPEG,0.0005924440596089,False,False,33535943c1711a2785a024921c5247df6d2c753f92bceeb406aefac083377a30,10849974810936972693,13093287931500556979,False,,545
train/Electrical-damage/Electrical (92).jpg,train,Electrical-damage,Electrical (92).jpg,46998,False,,474,632,RGB,JPEG,0.0015655668754089,False,False,dc5da332712c148d57cca304a65a8af8b44fb2bc7ed5c4c3722777b388e932a8,3146373896012456160,9223212913949902595,False,,546
train/Electrical-damage/Electrical (93).jpg,train,Electrical-damage,Electrical (93).jpg,31082,False,,489,367,RGB,JPEG,0.0010531242686637,False,False,274e77bf9ce204a0c9268bbb8a8d0368c33474d1f53e3821b65a14a58f6b652c,10468703192938045082,2811091691925139472,False,,513
train/Electrical-damage/Electrical (94).jpg,train,Electrical-damage,Electrical (94).jpg,784765,False,,2560,1536,RGB,JPEG,0.0427654885373608,False,False,e80b8c63cd84373bbaaf9d229aa930ce1527b218c714a0505bb15184ac8e863e,8922425618467107594,17636365469592122431,False,,547
train/Electrical-damage/Electrical (95).jpg,train,Electrical-damage,Electrical (95).jpg,60331,False,,622,415,RGB,JPEG,0.0202841956828289,False,False,596982d4c6bb62082802e1fbbc5a50506808689bb818bb0ab6f7cc113599e557,4693094998204330393,506381209866536707,False,,493
train/Electrical-damage/Electrical (97).jpg,train,Electrical-damage,Electrical (97).jpg,28012,False,,448,336,RGB,JPEG,0.0012555803571428,False,False,76d8ba0eb1d238b8741b1c123e2d20cb2dac8ae64dbfa7da80b7e5d528252f5e,9542122443946823378,18435863860289142784,False,,548
train/Electrical-damage/Electrical (98).jpg,train,Electrical-damage,Electrical (98).jpg,28530,False,,482,279,RGB,JPEG,0.006350197793046,False,False,46483cbf0452f029fd8bb652812ffc63a21aaeac726be724713d9d0fc8a9228e,9223361312688100050,18446744009016606720,False,,549
train/Electrical-damage/Electrical (99).jpg,train,Electrical-damage,Electrical (99).jpg,50684,False,,474,435,RGB,JPEG,0.0088946224877783,False,False,b27377e4f9f92cac75e3a0bc6402ff6e6561399ece34735a319a1abde1e92141,1537368720433095203,18446653523000885248,False,,550
train/Physical-Damage/Physical (10).jpg,train,Physical-Damage,Physical (10).jpg,170680,False,,1000,667,RGB,JPEG,0.0014377767982704,False,False,2d835a268675d9bec8ba5aee35a3e843dce372420646c48f0f5b8b78b1b8b055,11839202125377921893,871473123145605312,False,,60
train/Physical-Damage/Physical (100).jpg,train,Physical-Damage,Physical (100).jpg,33664,False,,474,228,RGB,JPEG,0.0046635144763261,False,False,6c3d54227eb2a168d854ec8aa1a4f3864da6c15b2e941adccafae8a159a54233,7660147347609298489,4636557351424911715,False,,74
train/Physical-Damage/Physical (101).jpg,train,Physical-Damage,Physical (101).jpg,33664,False,,474,228,RGB,JPEG,0.0046635144763261,False,False,6c3d54227eb2a168d854ec8aa1a4f3864da6c15b2e941adccafae8a159a54233,7660147347609298489,4636557351424911715,False,,74
train/Physical-Damage/Physical (102).jpg,train,Physical-Damage,Physical (102).jpg,99810,False,,430,700,RGB,JPEG,0.0147674418604651,False,False,8e4a8abbd2b9c784ad16e84852fa62c82bc96f6c9bab2201475873ff400d01b0,16829828270023324212,16336979786331531049,False,,551
train/Physical-Damage/Physical (103).jpg,train,Physical-Damage,Physical (103).jpg,99810,False,,430,700,RGB,JPEG,0.0147674418604651,False,False,8e4a8abbd2b9c784ad16e84852fa62c82bc96f6c9bab2201475873ff400d01b0,16829828270023324212,16336979786331531049,False,,551
train/Physical-Damage/Physical (104).jpg,train,Physical-Damage,Physical (104).jpg,91984,False,,474,632,RGB,JPEG,0.0024768669969155,False,False,48c871417542efbb21ff65f9ee41c626ecc0d1c79dce7e7cb2f13da25ff49540,15804069340238716699,18430700002209771632,False,,552
train/Physical-Damage/Physical (105).jpg,train,Physical-Damage,Physical (105).jpg,91984,False,,474,632,RGB,JPEG,0.0024768669969155,False,False,48c871417542efbb21ff65f9ee41c626ecc0d1c79dce7e7cb2f13da25ff49540,15804069340238716699,18430700002209771632,False,,552
train/Physical-Damage/Physical (107).jpg,train,Physical-Damage,Physical (107).jpg,40289,False,,474,406,RGB,JPEG,0.0032373053979339,False,False,c69a39368f5495e96de8eef6db3f6cb4837ff3881a565cf47434c7070a7dad6e,2760597845544524499,872634519891525760,False,,553
train/Physical-Damage/Physical (108).jpg,train,Physical-Damage,Physical (108).jpg,35426,False,,474,324,RGB,JPEG,0.0005013673655423,False,False,ce9a1a624ed52e8a7176cc332cb38ac35c072072ba011d263fec5dd3628cdd00,508092256660954654,9005212301619114032,False,,62
train/Physical-Damage/Physical (109).jpg,train,Physical-Damage,Physical (109).jpg,37652,False,,300,200,RGB,JPEG,0.0095660289314045,False,False,efee92390a07028a63f4f14247194352c97bbf4e9c9756d08c3c170765c7aa86,16185023384615585671,14407313188545564430,False,,63
train/Physical-Damage/Physical (11).jpg,train,Physical-Damage,Physical (11).jpg,170680,False,,1000,667,RGB,JPEG,0.0014377767982704,False,False,2d835a268675d9bec8ba5aee35a3e843dce372420646c48f0f5b8b78b1b8b055,11839202125377921893,871473123145605312,False,,60
train/Physical-Damage/Physical (110).jpg,train,Physical-Damage,Physical (110).jpg,37652,False,,300,200,RGB,JPEG,0.0095660289314045,False,False,efee92390a07028a63f4f14247194352c97bbf4e9c9756d08c3c170765c7aa86,16185023384615585671,14407313188545564430,False,,63
train/Physical-Damage/Physical (111).jpg,train,Physical-Damage,Physical (111).jpg,230534,False,,1024,768,RGB,JPEG,0.0007654786912094,False,False,900fff29c672868c6003b603c4525ba1bc53379844de4a6f1e5fb05d51ebef3f,3128714512579053582,7368586968861507328,False,,554
train/Physical-Damage/Physical (112).jpg,train,Physical-Damage,Physical (112).jpg,93433,False,,600,600,RGB,JPEG,0.010830465301678,False,False,1c86af2ba5070f44d74701f752c6ff174f1ca0970018b9c1eb467592dd69647c,2971541401523267881,2484437209013319170,False,,555
train/Physical-Damage/Physical (113).jpg,train,Physical-Damage,Physical (113).jpg,33664,False,,474,228,RGB,JPEG,0.0046635144763261,False,False,6c3d54227eb2a168d854ec8aa1a4f3864da6c15b2e941adccafae8a159a54233,7660147347609298489,4636557351424911715,False,,74
train/Physical-Damage/Physical (114).jpg,train,Physical-Damage,Physical (114).jpg,39069,False,,474,316,RGB,JPEG,0.0114964015328535,False,False,bc2a9c890fadf23ab6fa660e9af33204d2dd1133a8dc0324758db5f16df089d6,1804877824391309034,17814970767730067664,False,,64
train/Physical-Damage/Physical (115).jpg,train,Physical-Damage,Physical (115).jpg,39069,False,,474,316,RGB,JPEG,0.0114964015328535,False,False,bc2a9c890fadf23ab6fa660e9af33204d2dd1133a8dc0324758db5f16df089d6,1804877824391309034,17814970767730067664,False,,64
train/Physical-Damage/Physical (116).jpg,train,Physical-Damage,Physical (116).jpg,40376,False,,474,279,RGB,JPEG,0.0033874980151378,False,False,bc1f55ba6e5e648b2639ad9731942ae5c2e3349fe1370b52f8e7444a828f0665,5912820157809887155,7947528758427136,False,,556
train/Physical-Damage/Physical (117).jpg,train,Physical-Damage,Physical (117).jpg,126900,False,,1280,720,RGB,JPEG,0.0030761518479697,False,False,b06fc39c1853b27e12a8d8d78816d4f6956acfc0eeca642c662533be146ca827,12453679081477870228,9259671762246182041,False,,557
train/Physical-Damage/Physical (118).jpg,train,Physical-Damage,Physical (118).jpg,40289,False,,474,406,RGB,JPEG,0.0032373053979339,False,False,c69a39368f5495e96de8eef6db3f6cb4837ff3881a565cf47434c7070a7dad6e,2760597845544524499,872634519891525760,False,,553
train/Physical-Damage/Physical (119).jpg,train,Physical-Damage,Physical (119).jpg,126900,False,,1280,720,RGB,JPEG,0.0030761518479697,False,False,b06fc39c1853b27e12a8d8d78816d4f6956acfc0eeca642c662533be146ca827,12453679081477870228,9259671762246182041,False,,557
train/Physical-Damage/Physical (12).jpg,train,Physical-Damage,Physical (12).jpg,322287,False,,406,406,RGB,JPEG,0.0066247664345167,False,False,e56942fac64ec000f40855f594c893a939786df9729f1c2c43cdf5400e64fa97,5213649475375137732,17863826935503,False,,558
train/Physical-Damage/Physical (120).jpg,train,Physical-Damage,Physical (120).jpg,126900,False,,1280,720,RGB,JPEG,0.0030761518479697,False,False,b06fc39c1853b27e12a8d8d78816d4f6956acfc0eeca642c662533be146ca827,12453679081477870228,9259671762246182041,False,,557
train/Physical-Damage/Physical (122).jpg,train,Physical-Damage,Physical (122).jpg,200254,False,,1600,900,RGB,JPEG,0.0036604039569307,False,False,1c7e3d587cc2c0a04c97da24ae9ddc528be68b94dc5d97d2f02e8b9ccfb7e861,15647420728772682118,15450997619513427724,False,,65
train/Physical-Damage/Physical (123).jpg,train,Physical-Damage,Physical (123).jpg,200254,False,,1600,900,RGB,JPEG,0.0036604039569307,False,False,1c7e3d587cc2c0a04c97da24ae9ddc528be68b94dc5d97d2f02e8b9ccfb7e861,15647420728772682118,15450997619513427724,False,,65
train/Physical-Damage/Physical (125).jpg,train,Physical-Damage,Physical (125).jpg,40245,False,,474,352,RGB,JPEG,0.0011327403926833,False,False,b131a978b3b52879e6ffaa87dc5e56711520e9b48a0c28148ac7099e226817bd,17249314929528342471,13907049158981848716,False,,559
train/Physical-Damage/Physical (126).jpg,train,Physical-Damage,Physical (126).jpg,19161,False,,302,227,RGB,JPEG,0.0049009597712885,False,False,7759978dc60b79b78edfbe13a33cdc9cdf01cecc563cb8f0d4424870d1cc9d7b,13034146461806420603,16213379206664405184,False,,560
train/Physical-Damage/Physical (127).jpg,train,Physical-Damage,Physical (127).jpg,19161,False,,302,227,RGB,JPEG,0.0049009597712885,False,False,7759978dc60b79b78edfbe13a33cdc9cdf01cecc563cb8f0d4424870d1cc9d7b,13034146461806420603,16213379206664405184,False,,560
train/Physical-Damage/Physical (129).jpg,train,Physical-Damage,Physical (129).jpg,30446,False,,474,248,RGB,JPEG,0.0016077170418006,False,False,dc4eb3ad619256cb4da192122a6540997074d7d45f61ce94bbdbb1c4a8641832,1311201784119364491,18159644013068426782,False,,561
train/Physical-Damage/Physical (13).jpg,train,Physical-Damage,Physical (13).jpg,322287,False,,406,406,RGB,JPEG,0.0066247664345167,False,False,e56942fac64ec000f40855f594c893a939786df9729f1c2c43cdf5400e64fa97,5213649475375137732,17863826935503,False,,558
train/Physical-Damage/Physical (130).jpg,train,Physical-Damage,Physical (130).jpg,143824,False,,1000,720,RGB,JPEG,0.0085943728246709,False,False,951bf052406473f41e36a94067b32e1590e9b465bb38e5a716b2b823fe33ca5f,8458158460288050233,4629771165189564791,False,,562
train/Physical-Damage/Physical (131).jpg,train,Physical-Damage,Physical (131).jpg,78761,False,,592,400,RGB,JPEG,0.0047001093736143,False,False,093fb42890550d085c434686479a88d1e8026426f67895cc786db5e2429e8a37,7551512184707516132,72341117966552527,False,,563
train/Physical-Damage/Physical (132).jpg,train,Physical-Damage,Physical (132).jpg,78761,False,,592,400,RGB,JPEG,0.0047001093736143,False,False,093fb42890550d085c434686479a88d1e8026426f67895cc786db5e2429e8a37,7551512184707516132,72341117966552527,False,,563
train/Physical-Damage/Physical (133).jpg,train,Physical-Damage,Physical (133).jpg,114164,False,,825,547,RGB,JPEG,0.009849847986598,False,False,01f207cceebec3e8057bf9af8ae376dae82be7ddbb6f07bca064c7c82084a1f7,8386668214249924156,4629771165189564523,False,,564
train/Physical-Damage/Physical (135).jpg,train,Physical-Damage,Physical (135).jpg,59640,False,,500,391,RGB,JPEG,0.0007877116975187,False,False,cfa55a1e40b2a7459e99b0a7d3fed6f9444be056a148e6935c8a23cce51a5303,4632314130807493654,18446707837070475264,False,,565
train/Physical-Damage/Physical (136).jpg,train,Physical-Damage,Physical (136).jpg,59640,False,,500,391,RGB,JPEG,0.0007877116975187,False,False,cfa55a1e40b2a7459e99b0a7d3fed6f9444be056a148e6935c8a23cce51a5303,4632314130807493654,18446707837070475264,False,,565
train/Physical-Damage/Physical (137).jpg,train,Physical-Damage,Physical (137).jpg,126900,False,,1280,720,RGB,JPEG,0.0030761518479697,False,False,b06fc39c1853b27e12a8d8d78816d4f6956acfc0eeca642c662533be146ca827,12453679081477870228,9259671762246182041,False,,557
train/Physical-Damage/Physical (138).jpg,train,Physical-Damage,Physical (138).jpg,126900,False,,1280,720,RGB,JPEG,0.0030761518479697,False,False,b06fc39c1853b27e12a8d8d78816d4f6956acfc0eeca642c662533be146ca827,12453679081477870228,9259671762246182041,False,,557
train/Physical-Damage/Physical (139).jpg,train,Physical-Damage,Physical (139).jpg,40376,False,,474,279,RGB,JPEG,0.0033874980151378,False,False,bc1f55ba6e5e648b2639ad9731942ae5c2e3349fe1370b52f8e7444a828f0665,5912820157809887155,7947528758427136,False,,556
train/Physical-Damage/Physical (14).jpg,train,Physical-Damage,Physical (14).jpg,41474,False,,300,200,RGB,JPEG,0.0017498833411105,False,False,fb796c6950c1d487934678c700faf52b4878eaaeb353fd87a7a088ca34fa95e3,9241898277396875572,4548361909691224833,False,,566
train/Physical-Damage/Physical (140).jpg,train,Physical-Damage,Physical (140).jpg,30446,False,,474,248,RGB,JPEG,0.0016077170418006,False,False,dc4eb3ad619256cb4da192122a6540997074d7d45f61ce94bbdbb1c4a8641832,1311201784119364491,18159644013068426782,False,,561
train/Physical-Damage/Physical (142).jpg,train,Physical-Damage,Physical (142).jpg,126900,False,,1280,720,RGB,JPEG,0.0030761518479697,False,False,b06fc39c1853b27e12a8d8d78816d4f6956acfc0eeca642c662533be146ca827,12453679081477870228,9259671762246182041,False,,557
train/Physical-Damage/Physical (143).jpg,train,Physical-Damage,Physical (143).jpg,916035,False,,1280,1280,RGB,JPEG,0.0033325073272436,False,False,a7118dea0f87c3dfc28178c5c4085ecf4375665377ed91d4e42bd3c22a30fd47,10054718885213274257,18392440427523016455,False,,567
train/Physical-Damage/Physical (144).jpg,train,Physical-Damage,Physical (144).jpg,200254,False,,1600,900,RGB,JPEG,0.0036604039569307,False,False,1c7e3d587cc2c0a04c97da24ae9ddc528be68b94dc5d97d2f02e8b9ccfb7e861,15647420728772682118,15450997619513427724,False,,65
train/Physical-Damage/Physical (145).jpg,train,Physical-Damage,Physical (145).jpg,71025,False,,640,480,RGB,JPEG,0.0072460465752176,False,False,47065ebe86720b2cc834e0962c206bb48eaf8095eadf003a4b9b09b2d613ace3,9187329391245384695,18228584235722113152,False,,568
train/Physical-Damage/Physical (146).jpg,train,Physical-Damage,Physical (146).jpg,229197,False,,700,525,RGB,JPEG,0.0849523809523809,False,False,cd87e9d1645e752bfe505cda42c842af46e9cbe611e762c251896852367ad55f,18012146970396251083,18446532903606157316,False,,66
train/Physical-Damage/Physical (147).jpg,train,Physical-Damage,Physical (147).jpg,32040,False,,340,327,RGB,JPEG,0.0006296039790971,False,False,5745d63c66d454ecd026ee270bd0616c9d3708d89452da9b039ef3f4b674ba24,15180378244510046553,18411843379932495619,False,,569
train/Physical-Damage/Physical (148).jpg,train,Physical-Damage,Physical (148).jpg,32040,False,,340,327,RGB,JPEG,0.0006296039790971,False,False,5745d63c66d454ecd026ee270bd0616c9d3708d89452da9b039ef3f4b674ba24,15180378244510046553,18411843379932495619,False,,569
train/Physical-Damage/Physical (149).jpg,train,Physical-Damage,Physical (149).jpg,82345,False,,565,319,RGB,JPEG,0.0104862513593288,False,False,bb5e98ed2d34b033b4b44412bc500fd145bd794d093435888a9e2b78c5915e7d,12865142680686836791,18382595264530096254,False,,67
train/Physical-Damage/Physical (15).jpg,train,Physical-Damage,Physical (15).jpg,77469,False,,768,512,RGB,JPEG,0.0013885427421938,False,False,1bb0a55262b26b9ac1346ef438adbabd6158438978da264391ee39d0a8058a7c,9223883878887393596,4548361909758333441,False,,566
train/Physical-Damage/Physical (150).jpg,train,Physical-Damage,Physical (150).jpg,82345,False,,565,319,RGB,JPEG,0.0104862513593288,False,False,bb5e98ed2d34b033b4b44412bc500fd145bd794d093435888a9e2b78c5915e7d,12865142680686836791,18382595264530096254,False,,67
train/Physical-Damage/Physical (16).jpg,train,Physical-Damage,Physical (16).jpg,77469,False,,768,512,RGB,JPEG,0.0013885427421938,False,False,1bb0a55262b26b9ac1346ef438adbabd6158438978da264391ee39d0a8058a7c,9223883878887393596,4548361909758333441,False,,566
train/Physical-Damage/Physical (17).jpg,train,Physical-Damage,Physical (17).jpg,220903,False,,849,450,RGB,JPEG,0.0228842595137323,False,False,36c38b22d4eb3f242926f2094e7f5ac6e9abe5bf767c41aaddf264e307cb7237,15115685113086827877,216223494092281416,False,,68
train/Physical-Damage/Physical (19).jpg,train,Physical-Damage,Physical (19).jpg,278582,False,,1024,768,RGB,JPEG,0.0016021647025314,False,False,09c8ec711dd3dbb465450d3f7a62712e0f2ad825c785f57ef96ff34d325fb650,2241445940980838174,17938102162438289456,False,,570
train/Physical-Damage/Physical (2).jpg,train,Physical-Damage,Physical (2).jpg,104019,False,,768,480,RGB,JPEG,0.0049180639158422,False,False,47187ebf2be44f2d793cdae4b072fbe31e87a948ebf2193dbc3a29fad4415f36,14901839298178695834,15620947241887204615,False,,571
train/Physical-Damage/Physical (20).jpg,train,Physical-Damage,Physical (20).jpg,166215,False,,1200,630,RGB,JPEG,0.0101296296296296,False,False,a51b7eb3063e4a061dc291dedc5072c9ddbfae68c34436127ab36e353eefd79b,10206719907032108188,18390510892572252288,False,,69
train/Physical-Damage/Physical (21).jpg,train,Physical-Damage,Physical (21).jpg,32040,False,,340,327,RGB,JPEG,0.0006296039790971,False,False,5745d63c66d454ecd026ee270bd0616c9d3708d89452da9b039ef3f4b674ba24,15180378244510046553,18411843379932495619,False,,569
train/Physical-Damage/Physical (22).jpg,train,Physical-Damage,Physical (22).jpg,93277,False,,720,473,RGB,JPEG,0.0087971717503905,False,False,12771595c002bfc420020ff917cbb3e3adcf566a4d063d7d3f912bde272afb8d,1016504400440655357,4609138177280704256,False,,572
train/Physical-Damage/Physical (23).jpg,train,Physical-Damage,Physical (23).jpg,322287,False,,406,406,RGB,JPEG,0.0066247664345167,False,False,e56942fac64ec000f40855f594c893a939786df9729f1c2c43cdf5400e64fa97,5213649475375137732,17863826935503,False,,558
train/Physical-Damage/Physical (24).jpg,train,Physical-Damage,Physical (24).jpg,322287,False,,406,406,RGB,JPEG,0.0066247664345167,False,False,e56942fac64ec000f40855f594c893a939786df9729f1c2c43cdf5400e64fa97,5213649475375137732,17863826935503,False,,558
train/Physical-Damage/Physical (25).jpg,train,Physical-Damage,Physical (25).jpg,727740,False,,1536,2048,RGB,JPEG,0.0030018469480851,False,False,266bee8e953bdd3fdcaef3b83b5168f95b7faf25c5f5827f6f654a4ef9c56054,17795607458842602475,18445799476150927360,False,,71
train/Physical-Damage/Physical (26).jpg,train,Physical-Damage,Physical (26).jpg,20630,False,,300,159,RGB,JPEG,0.0239178283198826,False,False,72e11f7359ccf1355e72a2ab86e7609629d00a8549a16d56fccdb1485de789a2,15115685113086827877,218475293906490952,False,,68
train/Physical-Damage/Physical (27).jpg,train,Physical-Damage,Physical (27).jpg,20630,False,,300,159,RGB,JPEG,0.0239178283198826,False,False,72e11f7359ccf1355e72a2ab86e7609629d00a8549a16d56fccdb1485de789a2,15115685113086827877,218475293906490952,False,,68
train/Physical-Damage/Physical (28).jpg,train,Physical-Damage,Physical (28).jpg,41474,False,,300,200,RGB,JPEG,0.0017498833411105,False,False,fb796c6950c1d487934678c700faf52b4878eaaeb353fd87a7a088ca34fa95e3,9241898277396875572,4548361909691224833,False,,566
train/Physical-Damage/Physical (29).jpg,train,Physical-Damage,Physical (29).jpg,41474,False,,300,200,RGB,JPEG,0.0017498833411105,False,False,fb796c6950c1d487934678c700faf52b4878eaaeb353fd87a7a088ca34fa95e3,9241898277396875572,4548361909691224833,False,,566
train/Physical-Damage/Physical (3).jpg,train,Physical-Damage,Physical (3).jpg,41474,False,,300,200,RGB,JPEG,0.0017498833411105,False,False,fb796c6950c1d487934678c700faf52b4878eaaeb353fd87a7a088ca34fa95e3,9241898277396875572,4548361909691224833,False,,566
train/Physical-Damage/Physical (30).jpg,train,Physical-Damage,Physical (30).jpg,126921,False,,780,585,RGB,JPEG,0.0085601202712238,False,False,67fbfbd0667236a0d8a80fe4cdc66d3f34121a0556272a6a9ac30085851d5c7a,9408724031186039892,18446531872260358144,False,,70
train/Physical-Damage/Physical (31).jpg,train,Physical-Damage,Physical (31).jpg,288958,False,,1000,720,RGB,JPEG,0.0123665636119699,False,False,897169f0fa2d22325bb6b0294e9e995c0186dcf47cad460faa7ad2c51d8884b9,8386100866250122297,4629771165189564791,False,,562
train/Physical-Damage/Physical (32).jpg,train,Physical-Damage,Physical (32).jpg,43413,False,,400,300,RGB,JPEG,0.0,False,False,1b3505a34392390f0a769b74d98a8fef05e6a838b7f5237131ffb22a8e616747,15188438562088008040,11464805436089377539,False,,573
train/Physical-Damage/Physical (33).jpg,train,Physical-Damage,Physical (33).jpg,10972,False,,266,190,RGB,JPEG,0.0198060941828254,False,False,aaaa54fdd331d604cd385a63a04f7509c3091fa00a34837f1f1e0bb9375bd849,536263520219792003,18446575861365997568,False,,574
train/Physical-Damage/Physical (35).jpg,train,Physical-Damage,Physical (35).jpg,11716,False,,275,183,RGB,JPEG,0.0025034770514603,False,False,fb67a4639417a1263738a05f6c810b7640407210df15f076001810efc16eff4e,1011742446713432871,18392490111403065344,False,,575
train/Physical-Damage/Physical (36).jpg,train,Physical-Damage,Physical (36).jpg,727740,False,,1536,2048,RGB,JPEG,0.0030018469480851,False,False,266bee8e953bdd3fdcaef3b83b5168f95b7faf25c5f5827f6f654a4ef9c56054,17795607458842602475,18445799476150927360,False,,71
train/Physical-Damage/Physical (38).jpg,train,Physical-Damage,Physical (38).jpg,9672,False,,275,183,RGB,JPEG,0.0004172461752433,False,False,0d7e174f059310a3142a24a59e25150d62f76021857376d4d1056524d906dceb,3219077903245254312,18086737647231893503,False,,576
train/Physical-Damage/Physical (39).jpg,train,Physical-Damage,Physical (39).jpg,14292,False,,300,168,RGB,JPEG,0.0023611111111111,False,False,56e467cdde4269f159c3fb3a0fc38c4bc0a7f84250ed43d685f662610b558255,11104286087791969059,3490307373712482062,False,,577
train/Physical-Damage/Physical (4).jpg,train,Physical-Damage,Physical (4).jpg,2800649,False,,3024,4032,RGB,JPEG,1.1482216343327457e-06,False,False,7d05d73a5f9e3a95e0774c7de5db4c38eab608b7a069815b24d02a3f31126082,5280828202020588905,217046941153035075,False,,578
train/Physical-Damage/Physical (40).jpg,train,Physical-Damage,Physical (40).jpg,15297,False,,262,192,RGB,JPEG,0.0808404062891331,False,False,a324e44daa0508f02eb8c9a6d5eb05d33590a47efa3cd4dd9989923c114abd86,5778964437345584102,506381296507232000,False,,579
train/Physical-Damage/Physical (41).jpg,train,Physical-Damage,Physical (41).jpg,10916,False,,259,194,RGB,JPEG,0.1056004458066313,False,False,b963550c8186785fcacc92218f6f423035092ad0553f077304eb4789307a4cb4,18012146970387338187,18446532903606157316,False,,66
train/Physical-Damage/Physical (42).jpg,train,Physical-Damage,Physical (42).jpg,10472,False,,300,168,RGB,JPEG,0.0238888888888888,False,False,de7ee35a04368f8bac7947ba5b8cdffe228664939ff5814224309746d968e052,12793754626979305885,2321667422021484832,False,,580
train/Physical-Damage/Physical (43).jpg,train,Physical-Damage,Physical (43).jpg,12623,False,,324,155,RGB,JPEG,0.0167247386759581,False,False,7b6e4e9d8d6ec428a67983ecbddb56e9cb19e69fb8fd62c650e1fea32b642c57,17767596005887039152,13907115648792706048,False,,581
train/Physical-Damage/Physical (44).jpg,train,Physical-Damage,Physical (44).jpg,6491,False,,308,164,RGB,JPEG,0.0435144124168514,False,False,bd548afc538d1bf8e71a257293708ba477ebe607cde385ddcdd95127277d858c,1808490065944989784,18446743451794931712,False,,582
train/Physical-Damage/Physical (45).jpg,train,Physical-Damage,Physical (45).jpg,14526,False,,330,153,RGB,JPEG,0.0072092056009981,False,False,eb52fc599d4d36d9d073ada9a9a7f6430ae53f817733a45d480446728fe42dbd,17059849584604047239,13961586554347519007,False,,583
train/Physical-Damage/Physical (46).jpg,train,Physical-Damage,Physical (46).jpg,13790,False,,300,168,RGB,JPEG,0.0056944444444444,False,False,16b9c103e746a5ca908e65d098d258ec6acdeb2a6f0ffedced570de2f7cd5bb3,16712848211752925069,18229723293388908600,False,,584
train/Physical-Damage/Physical (47).jpg,train,Physical-Damage,Physical (47).jpg,132065,False,,846,476,RGB,JPEG,0.0033548880545125,False,False,7f7be6b68e77ac731b8d8e8c72ec10f407aa12b3c06da8ddc40096d94d167806,5027299895557392016,16068905284637883431,False,,73
train/Physical-Damage/Physical (48).jpg,train,Physical-Damage,Physical (48).jpg,13795,False,,317,159,RGB,JPEG,0.0,False,False,4c2a7bdba0ab00d0dbe12bfb86f0203d9abbad92f672635bd1db4433bc12068e,14317852758819671855,15901778151426553856,False,,585
train/Physical-Damage/Physical (5).jpg,train,Physical-Damage,Physical (5).jpg,2800649,False,,3024,4032,RGB,JPEG,1.1482216343327457e-06,False,False,7d05d73a5f9e3a95e0774c7de5db4c38eab608b7a069815b24d02a3f31126082,5280828202020588905,217046941153035075,False,,578
train/Physical-Damage/Physical (50).jpg,train,Physical-Damage,Physical (50).jpg,9759,False,,299,168,RGB,JPEG,0.0002787068004459,False,False,06fe59516fd978aff6c54c9a31fa8306cacaabb66dd1d0c0bb4c4356fd20ea9b,3074458405818846049,4128576,False,,586
train/Physical-Damage/Physical (51).jpg,train,Physical-Damage,Physical (51).jpg,14907,False,,306,165,RGB,JPEG,0.0004159157077498,False,False,426041ecd9629acc9a77ab95e7ac097c2b4437e670eb2e2c9be7b84fadb00d2e,3349828187067817694,18294044450773121279,False,,587
train/Physical-Damage/Physical (52).jpg,train,Physical-Damage,Physical (52).jpg,9999,False,,350,144,RGB,JPEG,0.0247222222222222,False,False,3a991969ae10dd07a32c4a4f98b9c3ff88dc6a0a865225f6c5adc9cad5591a1b,10962114509350963481,74062137940451135,False,,588
train/Physical-Damage/Physical (54).jpg,train,Physical-Damage,Physical (54).jpg,14308,False,,300,168,RGB,JPEG,0.0015277777777777,False,False,ca70d81bf148a7835ca2ff5bbc5c89f6e811e484c1ac33e10c5eb3effd4ed72e,12453960556454580884,36299725391406217,False,,557
train/Physical-Damage/Physical (55).jpg,train,Physical-Damage,Physical (55).jpg,14308,False,,300,168,RGB,JPEG,0.0015277777777777,False,False,ca70d81bf148a7835ca2ff5bbc5c89f6e811e484c1ac33e10c5eb3effd4ed72e,12453960556454580884,36299725391406217,False,,557
train/Physical-Damage/Physical (56).jpg,train,Physical-Damage,Physical (56).jpg,16722,False,,265,190,RGB,JPEG,0.0070902266092033,False,False,d7e216d338432444809f534f4af874752063dfd3feb0d7a76e751a7cb7b55739,6081388154989782073,4629771165189564791,False,,562
train/Physical-Damage/Physical (57).jpg,train,Physical-Damage,Physical (57).jpg,16722,False,,265,190,RGB,JPEG,0.0070902266092033,False,False,d7e216d338432444809f534f4af874752063dfd3feb0d7a76e751a7cb7b55739,6081388154989782073,4629771165189564791,False,,562
train/Physical-Damage/Physical (59).jpg,train,Physical-Damage,Physical (59).jpg,151538,False,,746,559,RGB,JPEG,0.0012925101554369,False,False,786972dada7393b7ac269105f80602ffaaa7c49330aaed5d239b41c23c771e2d,1053390495588013077,18392682419453297672,False,,589
train/Physical-Damage/Physical (60).jpg,train,Physical-Damage,Physical (60).jpg,151538,False,,746,559,RGB,JPEG,0.0012925101554369,False,False,786972dada7393b7ac269105f80602ffaaa7c49330aaed5d239b41c23c771e2d,1053390495588013077,18392682419453297672,False,,589
train/Physical-Damage/Physical (61).jpg,train,Physical-Damage,Physical (61).jpg,122024,False,,1024,576,RGB,JPEG,0.0030381789914669,False,False,bcb3a0bed1f9ad74c4102d45163593c3135cf2472c87a1339b1bec641fc90951,12453679081477870292,9259671762246182025,False,,557
train/Physical-Damage/Physical (62).jpg,train,Physical-Damage,Physical (62).jpg,170035,False,,768,1024,RGB,JPEG,0.0274059173283013,False,False,e651a046f667c58fa4a73c8b1e82ba08b7e34d2d2a7dfb50b5bd13bfb4199aa4,3984228362458683579,17293822712975716862,False,,590
train/Physical-Damage/Physical (63).jpg,train,Physical-Damage,Physical (63).jpg,104019,False,,768,480,RGB,JPEG,0.0049180639158422,False,False,47187ebf2be44f2d793cdae4b072fbe31e87a948ebf2193dbc3a29fad4415f36,14901839298178695834,15620947241887204615,False,,571
train/Physical-Damage/Physical (65).jpg,train,Physical-Damage,Physical (65).jpg,635872,False,,1024,768,RGB,JPEG,0.0407839925944387,False,False,a0e1f9acd3344c4f045bb48d9c14368967dee4d2030b3bbd7c666dece8648983,10653706448507286160,18376712892536914211,False,,591
train/Physical-Damage/Physical (66).jpg,train,Physical-Damage,Physical (66).jpg,78181,False,,370,160,RGB,JPEG,0.0010640813431071,False,False,e14cb6dc7804386aff6e80a82aabce99efadd0e0df4ef06d015ee6a8eb5e5f9a,3653249390270129894,16565863981546325441,False,,592
train/Physical-Damage/Physical (67).jpg,train,Physical-Damage,Physical (67).jpg,69813,False,,768,521,RGB,JPEG,0.0013120604597459,False,False,1c9d272f501ef125fdcbd419cd23b3fd9b8636aaf417a8f1df0f4ffd2a5819c7,9223883947598481716,4548361875398595329,False,,566
train/Physical-Damage/Physical (68).jpg,train,Physical-Damage,Physical (68).jpg,548415,False,,1400,1008,RGB,JPEG,0.0140575396825396,False,False,e3515c69c15800371477990cefb7b0f044434fa103a3f9fe1a56908745d14c2a,8387226766156964921,4629771165189564791,False,,562
train/Physical-Damage/Physical (69).jpg,train,Physical-Damage,Physical (69).jpg,452769,False,,705,529,RGB,JPEG,0.0039791283456586,False,False,e2f25fa5bdaff51e0c3a645d08cee32a4040b993f498a80d593d97ccb8355511,1053390495588013077,18392682419453297672,False,,589
train/Physical-Damage/Physical (7).jpg,train,Physical-Damage,Physical (7).jpg,138396,False,,638,406,RGB,JPEG,0.0063236406874932,False,False,c289df57c5df688ec0ce5060cdcb516199a733d1a561af78c70976cd7e300eb6,13190990315271790194,17363835177142325248,False,,593
train/Physical-Damage/Physical (70).jpg,train,Physical-Damage,Physical (70).jpg,332984,False,,1024,737,RGB,JPEG,0.0121970448832701,False,False,22cde3f67fa29d40334722b72a6b0dc5f9db84dc3b94cccacff7f09f72f6ee56,8387226766156964921,4629771165189564791,False,,562
train/Physical-Damage/Physical (71).jpg,train,Physical-Damage,Physical (71).jpg,332984,False,,1024,737,RGB,JPEG,0.0121970448832701,False,False,22cde3f67fa29d40334722b72a6b0dc5f9db84dc3b94cccacff7f09f72f6ee56,8387226766156964921,4629771165189564791,False,,562
train/Physical-Damage/Physical (72).jpg,train,Physical-Damage,Physical (72).jpg,79881,False,,445,784,RGB,JPEG,0.0126003210272873,False,False,31f2b9429ea2b4eac219a6f0020030d9236b3cb5ed58c2c4550b72279efb1e56,14296729846509858366,18446498023765754096,False,,594
train/Physical-Damage/Physical (73).jpg,train,Physical-Damage,Physical (73).jpg,79881,False,,445,784,RGB,JPEG,0.0126003210272873,False,False,31f2b9429ea2b4eac219a6f0020030d9236b3cb5ed58c2c4550b72279efb1e56,14296729846509858366,18446498023765754096,False,,594
train/Physical-Damage/Physical (74).jpg,train,Physical-Damage,Physical (74).jpg,19633,False,,260,136,RGB,JPEG,0.0007917656373713,False,False,9480dafe087cea2d5bac8ff3ab29ac11131fc2c54d023c1f5e2595362ea9d424,3180161121030999185,9160356964926503743,False,,61
train/Physical-Damage/Physical (75).jpg,train,Physical-Damage,Physical (75).jpg,241143,False,,1168,769,RGB,JPEG,0.0058450363950932,False,False,a4286571087a346009b183f9cb9e3c177aa3d79040cda2d4cdf4d955a467f913,13893702071925152670,9476648222851216956,False,,595
train/Physical-Damage/Physical (76).jpg,train,Physical-Damage,Physical (76).jpg,241143,False,,1168,769,RGB,JPEG,0.0058450363950932,False,False,a4286571087a346009b183f9cb9e3c177aa3d79040cda2d4cdf4d955a467f913,13893702071925152670,9476648222851216956,False,,595
train/Physical-Damage/Physical (77).jpg,train,Physical-Damage,Physical (77).jpg,104627,False,,1030,687,RGB,JPEG,0.0027698638809749,False,False,cec547b6ba7dd5390acb87e1a7ec0262c139c6beacd1a40668f0190b1938c227,8933384525376184338,14332423854251770117,False,,596
train/Physical-Damage/Physical (78).jpg,train,Physical-Damage,Physical (78).jpg,104627,False,,1030,687,RGB,JPEG,0.0027698638809749,False,False,cec547b6ba7dd5390acb87e1a7ec0262c139c6beacd1a40668f0190b1938c227,8933384525376184338,14332423854251770117,False,,596
train/Physical-Damage/Physical (79).jpg,train,Physical-Damage,Physical (79).jpg,126921,False,,780,585,RGB,JPEG,0.0085601202712238,False,False,67fbfbd0667236a0d8a80fe4cdc66d3f34121a0556272a6a9ac30085851d5c7a,9408724031186039892,18446531872260358144,False,,70
train/Physical-Damage/Physical (80).jpg,train,Physical-Damage,Physical (80).jpg,126921,False,,780,585,RGB,JPEG,0.0085601202712238,False,False,67fbfbd0667236a0d8a80fe4cdc66d3f34121a0556272a6a9ac30085851d5c7a,9408724031186039892,18446531872260358144,False,,70
train/Physical-Damage/Physical (81).jpg,train,Physical-Damage,Physical (81).jpg,119336,False,,500,241,RGB,JPEG,0.0098751089166424,False,False,d45877f705e134c3397f6f430cd4956195f7171903ff56b2961d059beb3c2294,7660182531981387321,4636557351424911715,False,,74
train/Physical-Damage/Physical (82).jpg,train,Physical-Damage,Physical (82).jpg,119336,False,,500,241,RGB,JPEG,0.0098751089166424,False,False,d45877f705e134c3397f6f430cd4956195f7171903ff56b2961d059beb3c2294,7660182531981387321,4636557351424911715,False,,74
train/Physical-Damage/Physical (83).jpg,train,Physical-Damage,Physical (83).jpg,122445,False,,768,576,RGB,JPEG,0.0039875941515285,False,False,b0717fe7c29ae39706b0088687fff83b5b6dc8d48023f3610abee3f191315752,11300876750190073042,18446742140974268416,False,,597
train/Physical-Damage/Physical (84).jpg,train,Physical-Damage,Physical (84).jpg,122445,False,,768,576,RGB,JPEG,0.0039875941515285,False,False,b0717fe7c29ae39706b0088687fff83b5b6dc8d48023f3610abee3f191315752,11300876750190073042,18446742140974268416,False,,597
train/Physical-Damage/Physical (86).jpg,train,Physical-Damage,Physical (86).jpg,54881,False,,450,253,RGB,JPEG,0.0034429757147248,False,False,33879f322755eeb0aa400367447ecb9556ddb227dcca75aa5e10f7de9f4ab9b9,5027299895825829552,5692611760356129799,False,,73
train/Physical-Damage/Physical (87).jpg,train,Physical-Damage,Physical (87).jpg,54881,False,,450,253,RGB,JPEG,0.0034429757147248,False,False,33879f322755eeb0aa400367447ecb9556ddb227dcca75aa5e10f7de9f4ab9b9,5027299895825829552,5692611760356129799,False,,73
train/Physical-Damage/Physical (88).jpg,train,Physical-Damage,Physical (88).jpg,18952,False,,300,201,RGB,JPEG,0.0011607661056297,False,False,31e40afd617a9d276e5f18d1db71162b58a78bf87a0d7aea7ba8cf68e6fdd3f5,11356830259569551049,10447849210055855491,False,,598
train/Physical-Damage/Physical (89).jpg,train,Physical-Damage,Physical (89).jpg,18952,False,,300,201,RGB,JPEG,0.0011607661056297,False,False,31e40afd617a9d276e5f18d1db71162b58a78bf87a0d7aea7ba8cf68e6fdd3f5,11356830259569551049,10447849210055855491,False,,598
train/Physical-Damage/Physical (9).jpg,train,Physical-Damage,Physical (9).jpg,153060,False,,600,600,RGB,JPEG,0.0069610531023352,False,False,975b5c7f176ca7e88652165ee701ab8650c15720360d67b3420a64727c78b021,2971541401523267881,2484437209013319170,False,,555
train/Physical-Damage/Physical (90).jpg,train,Physical-Damage,Physical (90).jpg,155474,False,,1280,720,RGB,JPEG,0.0070257789120296,False,False,e87d7009de48f1aa9f67df9dddd45aa833997f4cc29e3abe6de1e122960cca9d,9933121745811274217,9476562882306212739,False,,599
train/Physical-Damage/Physical (91).jpg,train,Physical-Damage,Physical (91).jpg,155474,False,,1280,720,RGB,JPEG,0.0070257789120296,False,False,e87d7009de48f1aa9f67df9dddd45aa833997f4cc29e3abe6de1e122960cca9d,9933121745811274217,9476562882306212739,False,,599
train/Physical-Damage/Physical (92).jpg,train,Physical-Damage,Physical (92).jpg,272925,False,,500,261,RGB,JPEG,0.0083141125355361,False,False,f374921f57ddf1dbde0e626bcd47f51741c81605257c334711d951c27ee830bc,3180161121030999185,9160356964926503743,False,,61
train/Physical-Damage/Physical (93).jpg,train,Physical-Damage,Physical (93).jpg,272925,False,,500,261,RGB,JPEG,0.0083141125355361,False,False,f374921f57ddf1dbde0e626bcd47f51741c81605257c334711d951c27ee830bc,3180161121030999185,9160356964926503743,False,,61
train/Physical-Damage/Physical (95).jpg,train,Physical-Damage,Physical (95).jpg,230534,False,,1024,768,RGB,JPEG,0.0007654786912094,False,False,900fff29c672868c6003b603c4525ba1bc53379844de4a6f1e5fb05d51ebef3f,3128714512579053582,7368586968861507328,False,,554
train/Physical-Damage/Physical (96).jpg,train,Physical-Damage,Physical (96).jpg,179048,False,,750,1000,RGB,JPEG,0.0033599955200059,False,False,5816db351197871da90f9a7f327a867886a5c6401d8ed6cd72c784f7f89459c3,15804069340238716699,18430700002209771632,False,,552
train/Physical-Damage/Physical (97).jpg,train,Physical-Damage,Physical (97).jpg,230534,False,,1024,768,RGB,JPEG,0.0007654786912094,False,False,900fff29c672868c6003b603c4525ba1bc53379844de4a6f1e5fb05d51ebef3f,3128714512579053582,7368586968861507328,False,,554
train/Physical-Damage/Physical (98).jpg,train,Physical-Damage,Physical (98).jpg,230534,False,,1024,768,RGB,JPEG,0.0007654786912094,False,False,900fff29c672868c6003b603c4525ba1bc53379844de4a6f1e5fb05d51ebef3f,3128714512579053582,7368586968861507328,False,,554
train/Physical-Damage/Physical (99).jpg,train,Physical-Damage,Physical (99).jpg,33664,False,,474,228,RGB,JPEG,0.0046635144763261,False,False,6c3d54227eb2a168d854ec8aa1a4f3864da6c15b2e941adccafae8a159a54233,7660147347609298489,4636557351424911715,False,,74
train/Snow-Covered/Snow (1).jpg,train,Snow-Covered,Snow (1).jpg,339669,False,,3000,2250,RGB,JPEG,0.0258502145628993,False,False,f6f4a25fd1e0962e1ff8f757e60f4c4a7fe5b76cda76a08165d26f039d0da2f1,234464581378054799,432592951380967423,False,,600
train/Snow-Covered/Snow (10).jpg,train,Snow-Covered,Snow (10).jpg,640259,False,,1920,1280,RGB,JPEG,0.0082002700193115,False,False,0a620b4a159b6d2cf45ca14ad97c3f0a61b57b6d8c22578c2ca93adc39cd71e2,1866592551806120741,3660568324428428392,False,,601
train/Snow-Covered/Snow (100).jpg,train,Snow-Covered,Snow (100).jpg,38833,False,,474,465,RGB,JPEG,0.0071138211382113,False,False,8d0259ea2ddbebc0bc66bfa1213e2c76d2baeafd58b5c01a347f5b436e704306,10517015741249270938,54254817157054208,False,,602
train/Snow-Covered/Snow (101).jpg,train,Snow-Covered,Snow (101).jpg,98829,False,,800,600,RGB,JPEG,0.0019833168056932,False,False,120a2c52a8978db2b2922f8aa06b5ba922cc749f168128630b48997c5ec09fb3,1612817733133660529,18428887217968562431,False,,603
train/Snow-Covered/Snow (102).jpg,train,Snow-Covered,Snow (102).jpg,336273,False,,1228,816,RGB,MPO,0.0172616136919315,False,False,9c44c286e53f204c073db421c5f295b7969d0298ccac4ca09817ceae207aa863,2969569529677302813,71845971351894128,False,,604
train/Snow-Covered/Snow (103).jpg,train,Snow-Covered,Snow (103).jpg,23961,False,,320,480,RGB,JPEG,0.0020963405186164,False,False,7ef2af4b41e9c2f4ebd1f653aa18ed647f3ca3b2edec842528ca5e594a38ab4a,3619222576326184761,18293901030530809087,False,,605
train/Snow-Covered/Snow (104).jpg,train,Snow-Covered,Snow (104).jpg,84392,False,,768,554,RGB,JPEG,0.0047217926359777,False,False,5236897193ac086fe77fbaa8ed8890e00974e99be21c19adfc130d643470f285,1080871744200284400,18392435332189762307,False,,606
train/Snow-Covered/Snow (106).jpg,train,Snow-Covered,Snow (106).jpg,225165,False,,660,440,RGB,JPEG,0.0105818830448826,False,False,1b9f21c84826577aede4306152b7534205416c3371a24048254468456de0887e,892868351796972556,18446602507711938560,False,,607
train/Snow-Covered/Snow (107).jpg,train,Snow-Covered,Snow (107).jpg,90281,False,,300,200,RGB,JPEG,0.0195986934204386,False,False,c910e207ec37cd80bcfa49ee8db1236e2aa3e032bcb92e65c20fde29c2ba0c82,15097641063487022328,18446462598739132864,False,,608
train/Snow-Covered/Snow (108).jpg,train,Snow-Covered,Snow (108).jpg,217947,False,,1000,668,RGB,JPEG,0.0003562858250636,False,False,30c3938eceedcecfde3995be90b0b7f09fdc4ed1bb1ab3c23dd8578a4879846a,18410715252925598160,18373825548929474049,False,,609
train/Snow-Covered/Snow (109).jpg,train,Snow-Covered,Snow (109).jpg,188519,False,,1200,797,RGB,JPEG,1.463818076689429e-05,False,False,0d4b60b0f48a3c4760f4f4c3ff5a036c60c7c1f6f7dc4ac519bc9beb82c46e9a,3679176049611987065,8475280313741555,False,,75
train/Snow-Covered/Snow (11).jpg,train,Snow-Covered,Snow (11).jpg,528414,False,,1000,665,RGB,JPEG,0.3562315789473684,False,False,d431fdc6b363c8a9098fed9defc271d7f1e99828327be5ac7c512184fdb4a5d0,5131364809203723011,485243224063,False,,76
train/Snow-Covered/Snow (111).jpg,train,Snow-Covered,Snow (111).jpg,78927,False,,1106,830,RGB,JPEG,0.0200167759646179,False,False,af53f2c66990eb09002b643973e0251117b1bc049ed8f30bbc3324e346293a09,9365970297657340386,2270079134130694087,False,,610
train/Snow-Covered/Snow (113).jpg,train,Snow-Covered,Snow (113).jpg,89248,False,,1018,393,RGB,JPEG,0.0041816845715085,False,False,897b4f3ca7b95180c1edc6a28adc388dc5a7843589ae2974dd7e86a407b18af4,5967959408566670109,37417345990737727,False,,611
train/Snow-Covered/Snow (114).jpg,train,Snow-Covered,Snow (114).jpg,48591,False,,900,554,RGB,JPEG,0.0,False,False,3651bb5bb528a70571e631480a517c2593aed1e423cb9b6ad393a3a07c859291,1089659728633405191,18445654323484489982,False,,612
train/Snow-Covered/Snow (115).jpg,train,Snow-Covered,Snow (115).jpg,116290,False,,626,417,RGB,JPEG,0.0032982945403839,False,False,384806c3ae6cb110516510d543200bd01f9c0574e2575c86b00693630bbabda5,7941649081793971079,14475919462845259583,False,,613
train/Snow-Covered/Snow (116).jpg,train,Snow-Covered,Snow (116).jpg,118351,False,,1000,667,RGB,JPEG,0.0011124404424574,False,False,342ad9165838c17a414fd87718ad94f3e9ef217011b5515eec3682f846805c68,1387108420723348251,18445758914528869630,False,,614
train/Snow-Covered/Snow (119).jpg,train,Snow-Covered,Snow (119).jpg,46569,False,,821,285,RGB,JPEG,0.1501480838842851,False,False,bd4acdbf86d314a54b3084f0e7f248fe6b90b3d1b4dbcf8bb798091a19fe6a93,16041715370777064436,9275229405389422080,False,,615
train/Snow-Covered/Snow (12).jpg,train,Snow-Covered,Snow (12).jpg,107317,False,,1000,665,RGB,JPEG,0.2541684210526316,False,False,4abd97a6028fb7c9edf80b752a0886107d1b6f6f363d1fe3d21e471391feb6f2,5059307215165795083,485243224063,False,,76
train/Snow-Covered/Snow (120).jpg,train,Snow-Covered,Snow (120).jpg,37664,False,,450,300,RGB,JPEG,0.2472778181063984,False,False,bc73cf291ab3b2c7ec5177b3e3ee227f4912ced4506d9ba733dc23f97796a4a4,16731323750339655481,18111356534014,False,,616
train/Snow-Covered/Snow (121).jpg,train,Snow-Covered,Snow (121).jpg,64551,False,,800,392,RGB,JPEG,0.0471205357142857,False,False,9dc310b6addc9e9f59087a337e8d384d90f869a6735a26b8d3a6b1711c87981e,4755918379940797138,821399781376,False,,77
train/Snow-Covered/Snow (123).jpg,train,Snow-Covered,Snow (123).jpg,74375,False,,616,777,RGB,JPEG,0.0003802503802503,False,False,843dac21e07f2a53f28cb5ac5f423ed335295901078901920aa9e43cf57a9293,15176338530926525583,13808310170964521208,False,,617
train/Snow-Covered/Snow (124).jpg,train,Snow-Covered,Snow (124).jpg,84288,False,,784,560,RGB,JPEG,0.0239317602040816,False,False,a801c5c80268807491024babc359cfcabb31464e13ecd8ede832e0c4c462ae42,72344872720241431,2242580818303918080,False,,618
train/Snow-Covered/Snow (125).jpg,train,Snow-Covered,Snow (125).jpg,152310,False,,1280,720,RGB,JPEG,0.0653131598535599,False,False,12dfb8b9ee6c57088fd1e6f46d7b0de9e4ec771cd0c88d350b2afa28764f9089,3208923184720277833,18427549929288353538,False,,619
train/Snow-Covered/Snow (126).jpg,train,Snow-Covered,Snow (126).jpg,37443,False,,768,432,RGB,JPEG,0.0031014621178555,False,False,1929aef39b9c8fba04bf3384e9d8305fe946a8bd4c64efc386d070ae11d6ccdd,1425895937016665895,4504023495579009023,False,,620
train/Snow-Covered/Snow (127).jpg,train,Snow-Covered,Snow (127).jpg,30890,False,,486,323,RGB,JPEG,0.1104075626504949,False,False,0a200aa3dfe237ef0b47751f2cef4d854b463954d51d164564f9c604cdfc82d5,4195991250514266712,280371035897856,False,,621
train/Snow-Covered/Snow (128).jpg,train,Snow-Covered,Snow (128).jpg,839443,False,,2100,1575,RGB,JPEG,0.001068783068783,False,False,bde8500896dbf3072ee7747f486c5e27ade921da6c4accd9bcb97aaeea531635,9155540312986856525,18410450324453064924,False,,622
train/Snow-Covered/Snow (129).jpg,train,Snow-Covered,Snow (129).jpg,77641,False,,800,553,RGB,JPEG,0.3782436708860759,False,False,2d753a343d232369de52c29ae28a3a9ca1fdb4bbf8ab1a3a828ef8427d693843,4331626119924337363,18410466851613147328,False,,623
train/Snow-Covered/Snow (13).jpg,train,Snow-Covered,Snow (13).jpg,71381,False,,600,400,RGB,JPEG,0.0028291430904742,False,False,f2c3f141b35a90a810e52a4fd19affbbcc6c6b829fc4697ad29a71d68a8e62fa,16212692136909306887,71776115571556352,False,,624
train/Snow-Covered/Snow (130).jpg,train,Snow-Covered,Snow (130).jpg,79959,False,,1000,592,RGB,JPEG,0.0,False,False,709bd37dac6b6598aa2ce611ba7128116c0d69c41a2ef8a1f44a34455a06d9a7,7173840244945773981,4768478326218751,False,,88
train/Snow-Covered/Snow (131).jpg,train,Snow-Covered,Snow (131).jpg,15688,False,,270,194,RGB,JPEG,0.0370172390752372,False,False,483bd29dfe8ea73865e0061de4298d577ca29b03658441d1743352d5960ab51b,1954293052213565497,17328864550728040695,False,,625
train/Snow-Covered/Snow (132).jpg,train,Snow-Covered,Snow (132).jpg,69494,False,,768,576,RGB,JPEG,0.0001582378631558,False,False,e98418ddc86a3e511e7b35d589a8e079283fd1fc3c76df23217b5f8cd8367a01,9155540278627249229,18410450324453064924,False,,622
train/Snow-Covered/Snow (133).jpg,train,Snow-Covered,Snow (133).jpg,40972,False,,474,315,RGB,JPEG,0.0063291139240506,False,False,a73edcfa4638ff56b814657fd237b8620ca1b8a8c192819a327ab6aab4bf6fb7,8027428099483006026,15888257994190946560,False,,626
train/Snow-Covered/Snow (136).jpg,train,Snow-Covered,Snow (136).jpg,120379,False,,1043,468,RGB,JPEG,0.0046750415877932,False,False,67874c3f12a5895e48d48bfb28917a61343a0c6a48fa888ec95f1df7f6c7e896,2608271854924627006,4710874892973760893,False,,627
train/Snow-Covered/Snow (137).jpg,train,Snow-Covered,Snow (137).jpg,8714,False,,262,192,RGB,JPEG,0.0871017114234033,False,False,1460e1a704c881577b74cab976d6692eb399a184df6749ecc8be9dffb6b40272,937610242144362724,252200752243769600,False,,628
train/Snow-Covered/Snow (138).jpg,train,Snow-Covered,Snow (138).jpg,6244,False,,275,183,RGB,JPEG,0.0001390820584144,False,False,529ed575ebf5bf0593be8beb2b191acf2870375108a1fa41c4b4ce503830ed5e,2034774880953131891,18010391353363730183,False,,80
train/Snow-Covered/Snow (14).jpg,train,Snow-Covered,Snow (14).jpg,20916,False,,474,326,RGB,JPEG,0.0106908267270668,False,False,14521e1776111a35e85ebc22b66bdc5f0797dd1dd8c9a029be3d8efa1f6006db,13977515576453083634,1063115533507028967,False,,610
train/Snow-Covered/Snow (140).jpg,train,Snow-Covered,Snow (140).jpg,6177,False,,278,181,RGB,JPEG,0.0,False,False,fdfb55cd5ffc28a8b24dc61614fcb2e328f7ad49cb2a9cde277e1c764b4944bb,9187265985181007676,17357137881645775096,False,,629
train/Snow-Covered/Snow (141).jpg,train,Snow-Covered,Snow (141).jpg,13055,False,,324,155,RGB,JPEG,0.0001393728222996,False,False,d2a8e07c6c4cc218fd456145756746b8674414e8da40c2a286bb176cbe793e12,9221678232614353347,17933611827952906255,False,,630
train/Snow-Covered/Snow (142).jpg,train,Snow-Covered,Snow (142).jpg,8084,False,,275,183,RGB,JPEG,0.0304589707927677,False,False,841bb46c0c13f340f9e3522d17fc1a7389e5087f83677751ae9fa809d1d997ec,1801722988933121799,4557430677284732799,False,,631
train/Snow-Covered/Snow (144).jpg,train,Snow-Covered,Snow (144).jpg,100079,False,,1013,754,RGB,JPEG,0.0670851853549008,False,False,d36f1b43bcd284041d9d7ac5b6803ec55b71ddc25627df84a561b10084d7ae21,17284604123731008307,17937961357708161278,False,,632
train/Snow-Covered/Snow (145).jpg,train,Snow-Covered,Snow (145).jpg,32388,False,,660,373,RGB,JPEG,0.0099235121840257,False,False,81187f9428ffe883429cb068efe68d134d7b3d8b4e19baa8bf2271329b44c002,10296161790235825384,18442001953357156803,False,,633
train/Snow-Covered/Snow (146).jpg,train,Snow-Covered,Snow (146).jpg,8494,False,,265,190,RGB,JPEG,0.1347143055748644,False,False,837d18df9846d833af16ffdaa6727126a4c02de4f0df68b77374a9a96ad2a63b,18311356692741871209,13905997453645053951,False,,634
train/Snow-Covered/Snow (147).jpg,train,Snow-Covered,Snow (147).jpg,10898,False,,248,203,RGB,JPEG,0.0743882091212458,False,False,4c03adff6fc2f5211593a20f3eeabde6a08b5bb75920182232a2cc06034ecadf,1085101692476851940,18229724637309991936,False,,635
train/Snow-Covered/Snow (148).jpg,train,Snow-Covered,Snow (148).jpg,16031,False,,275,183,RGB,JPEG,0.0216968011126564,False,False,243446fd5b4ce3fd3893345e8bc4dfdbbe21ecdea7e4a68ac6f56ab94c3a1b96,6220893628212900960,18406281075631120640,False,,636
train/Snow-Covered/Snow (149).jpg,train,Snow-Covered,Snow (149).jpg,132581,False,,1024,568,RGB,JPEG,0.0156936370966771,False,False,1a620e0df419edad4a08f504d0227d17193c45382cdefd83ab3a5746f249450d,8506516941843866445,18446515375307751168,False,,637
train/Snow-Covered/Snow (150).jpg,train,Snow-Covered,Snow (150).jpg,99618,False,,900,640,RGB,JPEG,0.0131857181051454,False,False,113cbb2372f6643a3db7d9d0b1ade5bdc9d4b57cc63147d6996eaf63596aa176,15635568921949600262,17437937743756804351,False,,638
train/Snow-Covered/Snow (151).jpg,train,Snow-Covered,Snow (151).jpg,14595,False,,294,171,RGB,JPEG,0.005151768309663,False,False,7ace4092dfb3c2098f63f88560ff31f4859d6bd5ac006fd12841a858cf16b258,55266680393686108,9006990974554328,False,,639
train/Snow-Covered/Snow (153).jpg,train,Snow-Covered,Snow (153).jpg,621676,False,,900,600,RGB,JPEG,0.0544573065605434,False,False,2aee016e51464bde21eb596895b8d2af142986351b06f2c3df1f5e6bb478cfc2,824157898077675713,18373838755930014087,False,,640
train/Snow-Covered/Snow (154).jpg,train,Snow-Covered,Snow (154).jpg,9569,False,,262,192,RGB,JPEG,1.0,True,False,76a443eb7a8d7aea8353dbad955ff492df117ea1b7edde1f5964aebda477cf22,17702344850433317844,18374388447059116032,False,,641
train/Snow-Covered/Snow (155).jpg,train,Snow-Covered,Snow (155).jpg,201008,False,,2048,1536,RGB,JPEG,0.0034313180088564,False,False,3ce03cd0f0239bff0292b486360497ed7e8de121987d87ba500e36e2823ad5fe,560578384305633859,18446532036526080255,False,,642
train/Snow-Covered/Snow (156).jpg,train,Snow-Covered,Snow (156).jpg,9907,False,,275,183,RGB,JPEG,0.0083449235048678,False,False,f63023eef127f6ad910488c5365b3115ba8e57a2026583dbda0c29d86154452f,1866592551806120741,3660568324428424296,False,,601
train/Snow-Covered/Snow (157).jpg,train,Snow-Covered,Snow (157).jpg,11360,False,,275,183,RGB,JPEG,0.0107093184979137,False,False,d90ec9e00cb0bba35bec877c522b6882008446c600c3213b60badfc52602f6a2,12352190511257012553,141288854781951,False,,643
train/Snow-Covered/Snow (158).jpg,train,Snow-Covered,Snow (158).jpg,8907,False,,319,158,RGB,JPEG,0.1169282044160533,False,False,735ac1dd4099148e63bb4432df9069abe3c896a1692bd561c5d718b9494eb508,8063300138675836056,18445902977496514561,False,,644
train/Snow-Covered/Snow (159).jpg,train,Snow-Covered,Snow (159).jpg,8767,False,,259,194,RGB,JPEG,0.0018110894399554,False,False,ed4b722d49e7c790fe297740a8329a7897a28a6e01b2e740b7ac96b06e30b3b7,9183052460409849758,18158811936853016088,False,,81
train/Snow-Covered/Snow (16).jpg,train,Snow-Covered,Snow (16).jpg,34022,False,,570,371,RGB,JPEG,0.0615690168818272,False,False,3739d9692dd308dd6934bf87b7217215ef5a984b72d63d9a1a3cc6b1a057f6aa,38813664059371704,2238165353163646967,False,,82
train/Snow-Covered/Snow (160).jpg,train,Snow-Covered,Snow (160).jpg,16515,False,,354,188,RGB,JPEG,0.00115692048801,False,False,399b511b6bb9377569ec8dbe79e192f8c30938911d2319250a1eaa4fbee8ad6d,17374824834798511429,13906586848710459392,False,,645
train/Snow-Covered/Snow (161).jpg,train,Snow-Covered,Snow (161).jpg,8673,False,,225,225,RGB,JPEG,0.0004147656574035,False,False,53b903093744892c171b55f67d8f8a07c90a058b5134c89a1451ce6f7263a534,2278680620052683833,18374669853328970723,False,,646
train/Snow-Covered/Snow (162).jpg,train,Snow-Covered,Snow (162).jpg,11507,False,,275,183,RGB,JPEG,0.0027816411682892,False,False,6de19e4e2029cbd12e23a746cd6b27c661c682f506ceb8ffec880036a3fe2a21,2608159505433093222,1082842786938424269,False,,647
train/Snow-Covered/Snow (163).jpg,train,Snow-Covered,Snow (163).jpg,13094,False,,353,143,RGB,JPEG,0.0499168053244592,False,False,b870f990593d4dd5eb00f4fc5e18a868e6a9b8b50849c93b994de2506ed40f92,1988851420913138912,18375680171458949120,False,,648
train/Snow-Covered/Snow (165).jpg,train,Snow-Covered,Snow (165).jpg,13084,False,,329,153,RGB,JPEG,0.0,False,False,16b9640a9cb12cd87e3de7375b342fb8ef50eb6b2d0b6419c32883e67c0334f9,3687987385359065826,2594145411487231999,False,,649
train/Snow-Covered/Snow (166).jpg,train,Snow-Covered,Snow (166).jpg,324896,False,,2304,1728,RGB,JPEG,0.0192946397331734,False,False,1f79c90557f39712660046167f27ad3ec8def1c2f8bbd3fc96409104c77769db,73750328968973330,9160047876679606079,False,,650
train/Snow-Covered/Snow (167).jpg,train,Snow-Covered,Snow (167).jpg,11528,False,,301,167,RGB,JPEG,0.0043169475003481,False,False,813bfde62f712f17de8f0ee6fd13f2c012058a2cae98c5f95f225c0a6b8c2b47,7353595437237019397,18374457781269823232,False,,637
train/Snow-Covered/Snow (168).jpg,train,Snow-Covered,Snow (168).jpg,7387,False,,290,174,RGB,JPEG,0.0102649465945346,False,False,4c1ad1495dafe96a476baa940734d57da8baf63185fd90b2ceec327941a1f924,9295732101170757643,1081003821041192959,False,,651
train/Snow-Covered/Snow (169).jpg,train,Snow-Covered,Snow (169).jpg,68868,False,,800,533,RGB,JPEG,0.0316670770746121,False,False,a73fcc72836d85aa9f0816e1b42274c4296b76fd63a207113c5fb75a80d2e871,4387463910028938502,56010122928652287,False,,652
train/Snow-Covered/Snow (17).jpg,train,Snow-Covered,Snow (17).jpg,73465,False,,973,456,RGB,JPEG,0.0056165593840716,False,False,2faa57369b091e85f2d2f34c36a22411006288d480ace6eb99fa7b1a978a686b,2801183515669333923,18446633588921139200,False,,653
train/Snow-Covered/Snow (170).jpg,train,Snow-Covered,Snow (170).jpg,90053,False,,800,534,RGB,JPEG,0.0007701256779563,False,False,bd719ccff609ac0d6921399a58fc9a69a55cf27ff8502030ad30abbacc8ef3cf,18410710854879087056,18373825548929474049,False,,609
train/Snow-Covered/Snow (171).jpg,train,Snow-Covered,Snow (171).jpg,132581,False,,1024,568,RGB,JPEG,0.0156936370966771,False,False,1a620e0df419edad4a08f504d0227d17193c45382cdefd83ab3a5746f249450d,8506516941843866445,18446515375307751168,False,,637
train/Snow-Covered/Snow (173).jpg,train,Snow-Covered,Snow (173).jpg,28622,False,,320,241,RGB,JPEG,0.0001815211472136,False,False,7b47b7b72debbd5f599af3345f889919c16250a7c27a93075f2e883afa5c0293,16674014849172474937,18360897517283950591,False,,654
train/Snow-Covered/Snow (174).jpg,train,Snow-Covered,Snow (174).jpg,35143,False,,600,400,RGB,JPEG,0.0601994983375138,False,False,da7e104fc13138a21cfe1f2221986b0db3b5ea5b5b6d17fdacd9a91eca210115,12968084551499084711,54254316793364478,False,,655
train/Snow-Covered/Snow (175).jpg,train,Snow-Covered,Snow (175).jpg,93851,False,,1012,686,RGB,JPEG,0.0768431878680325,False,False,57aa302c90d85e1157c789f4df6e50a4d5151c23f26b23cd265b37d2d162f28f,6863239401757817651,17937961289526605054,False,,656
train/Snow-Covered/Snow (176).jpg,train,Snow-Covered,Snow (176).jpg,6960,False,,196,110,RGB,JPEG,0.009090909090909,False,False,b6fc87f369c2a5e42004a24d82c012b606ad4e03656188f2ded04be488c05381,3676640220338525715,2665560339343998951,False,,657
train/Snow-Covered/Snow (18).jpg,train,Snow-Covered,Snow (18).jpg,324896,False,,2304,1728,RGB,JPEG,0.0192946397331734,False,False,1f79c90557f39712660046167f27ad3ec8def1c2f8bbd3fc96409104c77769db,73750328968973330,9160047876679606079,False,,650
train/Snow-Covered/Snow (19).jpg,train,Snow-Covered,Snow (19).jpg,80630,False,,630,415,RGB,JPEG,0.1451137884872824,False,False,c89f5ed7bf79f0fc2f25174d2068cb79ffbd7cfb7133cd3140d0f69ed3dea706,7871009507169342259,17938051460858068863,False,,84
train/Snow-Covered/Snow (2).jpg,train,Snow-Covered,Snow (2).jpg,6536,False,,297,170,RGB,JPEG,0.2674338000831831,False,False,9636ccbb16cbb6cc8483af94943ed195a225456866866e635da2437952f1696a,1180590273299434134,80887992910075648,False,,658
train/Snow-Covered/Snow (20).jpg,train,Snow-Covered,Snow (20).jpg,143919,False,,871,550,RGB,JPEG,0.0009790168916944,False,False,57f2b807edac85109ca5b300a31ec6d1291aae2bd3d96e0291817fb9288db869,17293806898914459130,18372716089885884608,False,,659
train/Snow-Covered/Snow (21).jpg,train,Snow-Covered,Snow (21).jpg,80613,False,,354,188,RGB,JPEG,0.0030500631047538,False,False,42ac85b54ff43a2e7cadd08a25c4211834d0a6168537c359a08fc1e5a4863d85,17446882428832245061,13906586848710459392,False,,645
train/Snow-Covered/Snow (22).jpg,train,Snow-Covered,Snow (22).jpg,74389,False,,980,551,RGB,JPEG,0.0640134819808141,False,False,6607ffe5211090fcb49b3ecdd4ec49f1d03f95b9dec219d422c968621a5e53e9,37182372472381374,513184953290782960,False,,660
train/Snow-Covered/Snow (23).jpg,train,Snow-Covered,Snow (23).jpg,164522,False,,908,770,RGB,JPEG,0.0021425710853023,False,False,eaf0bfffe04a8ccf34896075ad19c6e3f992e9cc005a69a46180f9d138f5f540,16690187356615068619,9799833346558132223,False,,661
train/Snow-Covered/Snow (24).jpg,train,Snow-Covered,Snow (24).jpg,92251,False,,920,307,RGB,JPEG,0.0012391880839673,False,False,3bf5fa5656f2fe8978c1e4ef47981e99fe298f7595a05edba95182b5a25df4a1,13779937554024732985,4332851383078286323,False,,662
train/Snow-Covered/Snow (25).jpg,train,Snow-Covered,Snow (25).jpg,9631,False,,275,183,RGB,JPEG,0.0006954102920723,False,False,814697dc03fbc0d4eaef4dfdbec8cfd89397416a0f8e60500c15170922cc8507,16212692136909289543,71776115571556352,False,,624
train/Snow-Covered/Snow (26).jpg,train,Snow-Covered,Snow (26).jpg,213291,False,,920,690,RGB,JPEG,0.0098581920031757,False,False,5732147e3af04e3f880d8e73b5e4938883c9ef32d96478bc185084c803bd48a6,8357974377617846790,18446677828150750977,False,,663
train/Snow-Covered/Snow (27).jpg,train,Snow-Covered,Snow (27).jpg,770536,False,,2560,1709,RGB,JPEG,0.000575994470453,False,False,b5411e320800c1b6cafb67b0ec65d8dbef03c92a1b8ee17d86d7cb5266cdd2de,18410710854879087056,18373825548929474049,False,,609
train/Snow-Covered/Snow (28).jpg,train,Snow-Covered,Snow (28).jpg,199091,False,,1080,668,RGB,JPEG,9.702803139827096e-06,False,False,ea5b1279e40fa30f152afcc34ff3f4d78c42b5fe0691cf10d02c2db81963c2c8,8878096067558029220,18366312599131389951,False,,664
train/Snow-Covered/Snow (29).jpg,train,Snow-Covered,Snow (29).jpg,41273,False,,600,450,RGB,JPEG,0.0009592450482215,False,False,cf837e42d6d4d61264ccc3da3026453323f112e30a90b9a7aef193dc205b3d82,1081741216746785543,18446743850438426392,False,,665
train/Snow-Covered/Snow (3).jpg,train,Snow-Covered,Snow (3).jpg,18523,False,,369,312,RGB,JPEG,0.0005472122575545,False,False,1f926364cf558783f8e455f5a5d4d5e4103cc2044459a0abb57f3207542e2c6c,1853348790387588045,8070451085468565503,False,,666
train/Snow-Covered/Snow (30).jpg,train,Snow-Covered,Snow (30).jpg,68246,False,,550,413,RGB,JPEG,0.0120184899845916,False,False,63c56392dd3147f6402f8e86886a142e87f5f91d39e5dc533b2a88c260baaebb,16148997633009035665,17239530910806901511,False,,667
train/Snow-Covered/Snow (31).jpg,train,Snow-Covered,Snow (31).jpg,128536,False,,800,533,RGB,JPEG,0.0040219978658786,False,False,bbf5a405e0c9906283bd452bd8a6cb58340bbe130b30c510c03ebc8e6edc2881,3966291595410721485,9114783181919322304,False,,668
train/Snow-Covered/Snow (32).jpg,train,Snow-Covered,Snow (32).jpg,75705,False,,763,431,RGB,JPEG,0.0040869324591838,False,False,895644ca12b0baa981421f79beba62bae944c012381337cf0d4c8091efc164ed,846919655218923507,2292195337780595718,False,,669
train/Snow-Covered/Snow (33).jpg,train,Snow-Covered,Snow (33).jpg,62880,False,,768,512,RGB,JPEG,0.0001780183002812,False,False,3f9279538980d35d96ddf5557b1b1ccee396b0ca328efd1e3b9893b8803c21f3,4325005142510502855,18392453539839807247,False,,670
train/Snow-Covered/Snow (34).jpg,train,Snow-Covered,Snow (34).jpg,15637,False,,300,224,RGB,JPEG,0.006875,False,False,76843fef1f802d43cb9407c367aed367aa44e23cd104f9b53c52ffb702a7456a,508650597627741911,7036045489134844,False,,671
train/Snow-Covered/Snow (35).jpg,train,Snow-Covered,Snow (35).jpg,114253,False,,599,499,RGB,JPEG,0.0189691107936582,False,False,493065c62dda6805b1d2f0859faad7fe6c667597df16ccc08789de0fcc8bfcf3,4548643454430690876,18306920813979263040,False,,672
train/Snow-Covered/Snow (36).jpg,train,Snow-Covered,Snow (36).jpg,127349,False,,900,600,RGB,JPEG,0.0225684767250431,False,False,a817f210465622b0d1a9ba9b8621fadbebb0303bde18e6fbc52711637869d336,18409441468828470958,17942059439938865152,False,,87
train/Snow-Covered/Snow (37).jpg,train,Snow-Covered,Snow (37).jpg,114951,False,,1280,720,RGB,JPEG,0.0051497060566011,False,False,5e9a6be882663579f8fa0ca927e195c85ebd9d94b3f46055fe8e40f0b2963e6c,72354704347893411,702454817683967,False,,673
train/Snow-Covered/Snow (38).jpg,train,Snow-Covered,Snow (38).jpg,58499,False,,720,499,RGB,JPEG,0.1565483380742703,False,False,047d2fc15757645769a91cbab1dee9bc65f3a33926af539850680bdc9b38644e,5565166910272516919,17938051186116476799,False,,84
train/Snow-Covered/Snow (39).jpg,train,Snow-Covered,Snow (39).jpg,11375,False,,268,188,RGB,JPEG,0.0248680188941372,False,False,0102d1f23676b56e0cc4fc6b3d347a2e729fd1b31392fd59ec39637950a2e57e,14401513674623887015,18445021963736197183,False,,674
train/Snow-Covered/Snow (4).jpg,train,Snow-Covered,Snow (4).jpg,107978,False,,300,299,RGB,JPEG,0.0216933281310963,False,False,94ff5d6304d4c77491f02a9ab9b7b941c9e16807232416416d41722fc35dadaf,7796601683879557660,143973146805002360,False,,675
train/Snow-Covered/Snow (40).jpg,train,Snow-Covered,Snow (40).jpg,24547,False,,500,282,RGB,JPEG,0.0851908851710271,False,False,aa90cba16e16c6e3ea99d03ed67a3fb3446a389453f1d202beb91b8e71040f51,9390103985635452775,1081075585893060319,False,,676
train/Snow-Covered/Snow (41).jpg,train,Snow-Covered,Snow (41).jpg,94537,False,,1006,703,RGB,JPEG,0.0715020983450787,False,False,1a0fbd545b4bffbb6296bcda5f0d9bc6efeec5522860593f38ec2aa34a44c202,6854232202503068467,17937961289526604030,False,,656
train/Snow-Covered/Snow (42).jpg,train,Snow-Covered,Snow (42).jpg,103826,False,,792,591,RGB,JPEG,0.0079709277980498,False,False,84c7b7a4331f49749366e52d7960a75ad53ed4c1eb890810303f5e822411f012,8192862442516893166,515629038588459256,False,,677
train/Snow-Covered/Snow (43).jpg,train,Snow-Covered,Snow (43).jpg,959571,False,,2560,1707,RGB,JPEG,0.0102022345921268,False,False,dde8492795547d402235f20363b2537e20570080a4425f1aa916e133d148b7a7,1026883830984352293,18446709430503343104,False,,678
train/Snow-Covered/Snow (44).jpg,train,Snow-Covered,Snow (44).jpg,112911,False,,884,340,RGB,JPEG,0.0104336485164656,False,False,f030658ef1297b333620a9858030bd4682534a28e584596afa2a576fde15cbd3,72488637031289445,2238015249343514383,False,,679
train/Snow-Covered/Snow (45).jpg,train,Snow-Covered,Snow (45).jpg,11604,False,,265,190,RGB,JPEG,0.0841095509523147,False,False,3bbfaba797a389c9343306ea18e98bb8e9525120b265072edaec476d713aabdf,2044638576594792355,4362314545429759,False,,680
train/Snow-Covered/Snow (46).jpg,train,Snow-Covered,Snow (46).jpg,10888,False,,275,183,RGB,JPEG,0.0033379694019471,False,False,0b51b154e0c44a9346399b69eb6da389fa680388df7a6938116fff498241e55b,18225167019203283993,169044754668543,False,,681
train/Snow-Covered/Snow (47).jpg,train,Snow-Covered,Snow (47).jpg,100687,False,,1000,750,RGB,JPEG,0.0202066397244803,False,False,8a5a53b10cebe2a300b36e81c65f5b26e061519d9e9e57ad540449c591b462ba,15770122649570623242,17649871787757993983,False,,86
train/Snow-Covered/Snow (48).jpg,train,Snow-Covered,Snow (48).jpg,13017,False,,275,183,RGB,JPEG,0.0037552155771905,False,False,7c348f172efbd9fb6479d07161421ec9ce4886bf1b1c0e3f4dcc8cce26412086,1673120348181105673,4323737660817416191,False,,682
train/Snow-Covered/Snow (49).jpg,train,Snow-Covered,Snow (49).jpg,6687,False,,318,158,RGB,JPEG,0.0002786291446085,False,False,8b62e8f06ab9b6e9fc552df1f7ea50e053c71c09b6600c4bad7a4ef094925eb8,10307964386455860265,4069267180970140531,False,,683
train/Snow-Covered/Snow (5).jpg,train,Snow-Covered,Snow (5).jpg,143277,False,,680,671,RGB,JPEG,0.0302839697467131,False,False,c621d0f58e4ccd2f58cc66744d8da8f3535c8903b78bf97638bcbf8d8ee5d95a,14775223725784181450,6615323377663,False,,85
train/Snow-Covered/Snow (50).jpg,train,Snow-Covered,Snow (50).jpg,32350,False,,624,351,RGB,JPEG,0.0007350591243208,False,False,be8f9712a24a02b559109822e5716bef54ca71023356624b79c4534b851c3d41,447572765443196703,9184299895203766143,False,,684
train/Snow-Covered/Snow (51).jpg,train,Snow-Covered,Snow (51).jpg,12124,False,,301,167,RGB,JPEG,0.004734716613285,False,False,540ff91448c50e33719e1d0344e521de55fb35e77867ad66d7d864e46a078631,1106485963965282726,9223371480525447168,False,,685
train/Snow-Covered/Snow (52).jpg,train,Snow-Covered,Snow (52).jpg,7578,False,,276,183,RGB,JPEG,0.0939578713968957,False,False,1b81c995e9a7f2cc0a41e3f513d41155e7bec4be8ba579ca2cbb92dd05351e60,11019565408036446536,17868296438948546307,False,,686
train/Snow-Covered/Snow (53).jpg,train,Snow-Covered,Snow (53).jpg,10971,False,,259,194,RGB,JPEG,0.0,False,False,2471ead54920e050a2c48c3d3a456aafb1170178f7697ce4241afcad729c8321,366822813920619926,18446740675587227776,False,,687
train/Snow-Covered/Snow (55).jpg,train,Snow-Covered,Snow (55).jpg,10286,False,,269,187,RGB,JPEG,0.0123834701544455,False,False,16d9ff0a0c483faa7d05a794cfd00f8db9f8af3743cc538294dba82797eae3a1,8987112333581905463,18446743521739194400,False,,688
train/Snow-Covered/Snow (56).jpg,train,Snow-Covered,Snow (56).jpg,14595,False,,297,170,RGB,JPEG,0.0004159157077498,False,False,702ce55658e917ea098c27b6c9486ad16b7591531b1bd25dd970985390984796,17108851028203998482,18372699182742403132,False,,689
train/Snow-Covered/Snow (57).jpg,train,Snow-Covered,Snow (57).jpg,4329,False,,289,174,RGB,JPEG,0.0002783964365256,False,False,3ed0afe0e9713585c7b724d3016936041af4a2a68b1c0c535cb59a8effb97e76,6849419812117332682,8968984902403851523,False,,690
train/Snow-Covered/Snow (58).jpg,train,Snow-Covered,Snow (58).jpg,21209,False,,474,289,RGB,JPEG,0.000204394481349,False,False,9a9330fab95604e703aa3f47526a1addc49c6776956ef6c16a2f1b77f8b56e0f,15661598464818387867,18858819146416127,False,,691
train/Snow-Covered/Snow (59).jpg,train,Snow-Covered,Snow (59).jpg,11036,False,,286,176,RGB,JPEG,0.0107078292309831,False,False,795cc30617ee028f113534778d2e2230d58429166118e526e0ef3a0178d35f24,75459557377845787,18446742987146231584,False,,692
train/Snow-Covered/Snow (61).jpg,train,Snow-Covered,Snow (61).jpg,10410,False,,311,162,RGB,JPEG,0.0658516254515143,False,False,db7d85b49ee041b8045f3ae449050abb82243b34763718fcbbc3ef83fd2e02be,8009390297077256044,16175809489416453880,False,,693
train/Snow-Covered/Snow (62).jpg,train,Snow-Covered,Snow (62).jpg,9361,False,,265,190,RGB,JPEG,0.3948283052968163,False,False,9833ec831f3d5ad082f17c45744e841b733acb1d223a0c1d9cde67638b008baf,3812254967632038248,18442104099338911744,False,,694
train/Snow-Covered/Snow (63).jpg,train,Snow-Covered,Snow (63).jpg,5347,False,,308,163,RGB,JPEG,0.0058561070831009,False,False,3491d0e425410a5135da7f1ff63e0f415d90569e3acbe1681357ae616ea54ff5,1116035913202731927,18226561385692602175,False,,695
train/Snow-Covered/Snow (64).jpg,train,Snow-Covered,Snow (64).jpg,160425,False,,800,600,RGB,JPEG,0.0255643702969141,False,False,88a8072dc974c80da83788c81313cb07e3394da4a23ba988ec1d21dd51470585,304373074723879012,18407187931939299681,False,,696
train/Snow-Covered/Snow (65).jpg,train,Snow-Covered,Snow (65).jpg,7977,False,,306,165,RGB,JPEG,0.3258006377374186,False,False,54d219a8b487f17588087a617e55cf6997254b2024a157c7e15135c7b9f5f49b,1336076096158066290,361950362580140480,False,,697
train/Snow-Covered/Snow (66).jpg,train,Snow-Covered,Snow (66).jpg,11065,False,,300,168,RGB,JPEG,0.0698611111111111,False,False,1dece0c48e9dbc46ec78c30d0d94434d31ca62bc3940a537e3e6ca0590e5529f,17542700408815916678,13889101523541032445,False,,698
train/Snow-Covered/Snow (67).jpg,train,Snow-Covered,Snow (67).jpg,12960,False,,318,159,RGB,JPEG,0.0060908084163898,False,False,e492a0b09dcabb166bb0d9466c53d25bb255e5df2e30e046bc27dc4a1b807148,6508532078975786194,251650727837183,False,,699
train/Snow-Covered/Snow (68).jpg,train,Snow-Covered,Snow (68).jpg,8603,False,,263,192,RGB,JPEG,0.2156917105627945,False,False,9f6b9885a76bde281d37a1aa1b501b7c299c126d00544e21bb73a28fbcdf7722,14513755459981872951,9277450445746274046,False,,700
train/Snow-Covered/Snow (7).jpg,train,Snow-Covered,Snow (7).jpg,590653,False,,1000,750,RGB,JPEG,0.0133933154755793,False,False,ff7a92196527a9eedabf2be456f7cc71831b8b9ca60fd591680df213bd6bcfd2,15770122649570623242,17649871787757993983,False,,86
train/Snow-Covered/Snow (70).jpg,train,Snow-Covered,Snow (70).jpg,8473,False,,275,183,RGB,JPEG,0.0001390820584144,False,False,200ad8331514ab25cc6d87b296b0f2c0bae870d66a21f7642036ee815fc21f48,4354492216407499882,8140501102014463871,False,,701
train/Snow-Covered/Snow (71).jpg,train,Snow-Covered,Snow (71).jpg,7387,False,,290,174,RGB,JPEG,0.0102649465945346,False,False,4c1ad1495dafe96a476baa940734d57da8baf63185fd90b2ceec327941a1f924,9295732101170757643,1081003821041192959,False,,651
train/Snow-Covered/Snow (72).jpg,train,Snow-Covered,Snow (72).jpg,1739075,False,,2261,1507,RGB,JPEG,0.0550845281359846,False,False,a6f42b0cb8d82b8a3e258e18fe7c210e01831e3ced06d723b1b0f7c873eac9a2,513406784158244623,2304964512427491135,False,,702
train/Snow-Covered/Snow (73).jpg,train,Snow-Covered,Snow (73).jpg,65222,False,,600,380,RGB,JPEG,0.0012587498464939,False,False,2ac5294f0d1db03c23a5d1befe0dbf2cb92e4c8e0f2c8b55233dc7900d0c7377,2530758034314595481,9186841914544955199,False,,703
train/Snow-Covered/Snow (74).jpg,train,Snow-Covered,Snow (74).jpg,68548,False,,588,748,RGB,JPEG,0.000206900942195,False,False,6641c2ccaf6e6d248ee010543e5bb04d2cb2cfdf8bfb2e34b36a73db29b435cd,15825384647077133455,10858456813083357432,False,,704
train/Snow-Covered/Snow (76).jpg,train,Snow-Covered,Snow (76).jpg,18523,False,,369,312,RGB,JPEG,0.0005472122575545,False,False,1f926364cf558783f8e455f5a5d4d5e4103cc2044459a0abb57f3207542e2c6c,1853348790387588045,8070451085468565503,False,,666
train/Snow-Covered/Snow (77).jpg,train,Snow-Covered,Snow (77).jpg,25507,False,,474,237,RGB,JPEG,0.0008100193158452,False,False,e5b67e82a1ccd0028ff2a357cba0bc30862cf00aadaded5409ba7d322ba6ac41,4833607428264289637,2251519453375221727,False,,705
train/Snow-Covered/Snow (78).jpg,train,Snow-Covered,Snow (78).jpg,50829,False,,800,600,RGB,JPEG,0.0001604153298722,False,False,3b55dd11d5af64330d2174e20f18f73ec5283188467361f0fd29466e5629bc2c,4655647178727,140732120137727,False,,706
train/Snow-Covered/Snow (79).jpg,train,Snow-Covered,Snow (79).jpg,138714,False,,1000,665,RGB,JPEG,0.3549684210526316,False,False,53f59d4b85611b78068add0a90c719c4e0a575293f60ab18774ddef6e7fbdba5,5131364809203723011,485243224063,False,,76
train/Snow-Covered/Snow (8).jpg,train,Snow-Covered,Snow (8).jpg,92709,False,,882,663,RGB,JPEG,9.576480164715458e-05,False,False,b0f7152426b676c9d7426c5d9a13f7097ba0c46ae4ff41fdd52d12f85fdbbbd4,16672888949265632314,18360897517283950591,False,,654
train/Snow-Covered/Snow (82).jpg,train,Snow-Covered,Snow (82).jpg,39326,False,,650,366,RGB,JPEG,0.0020890955099158,False,False,78f4693b7caf3437376586cc4ab8928298fccaf97357f3e0e21bfb31454dd4b9,17070596200517040253,36170087499100410,False,,707
train/Snow-Covered/Snow (83).jpg,train,Snow-Covered,Snow (83).jpg,56027,False,,600,400,RGB,JPEG,0.0546287114274047,False,False,f17a9c1d06a83626e8440a06e96d59139a6798a89acd0c47dc56ecad77283a66,12968084551499084711,54254316793364478,False,,655
train/Snow-Covered/Snow (84).jpg,train,Snow-Covered,Snow (84).jpg,40972,False,,474,315,RGB,JPEG,0.0063291139240506,False,False,a73edcfa4638ff56b814657fd237b8620ca1b8a8c192819a327ab6aab4bf6fb7,8027428099483006026,15888257994190946560,False,,626
train/Snow-Covered/Snow (85).jpg,train,Snow-Covered,Snow (85).jpg,62880,False,,768,512,RGB,JPEG,0.0001780183002812,False,False,3f9279538980d35d96ddf5557b1b1ccee396b0ca328efd1e3b9893b8803c21f3,4325005142510502855,18392453539839807247,False,,670
train/Snow-Covered/Snow (86).jpg,train,Snow-Covered,Snow (86).jpg,27128,False,,474,266,RGB,JPEG,0.0027204086164779,False,False,e4c67b74565051080c5e9b9751eaee91053eea6e3600fc982b86758bf1514762,7007602700336270875,18376660103044534272,False,,708
train/Snow-Covered/Snow (87).jpg,train,Snow-Covered,Snow (87).jpg,200349,False,,960,500,RGB,JPEG,0.0369976083532637,False,False,d2dc0ff90c621b9db01e1044958547b20c1bee0f5d2e43672bd358eb150e813d,9218709263511395934,17940362277175718008,False,,709
train/Snow-Covered/Snow (88).jpg,train,Snow-Covered,Snow (88).jpg,82150,False,,523,392,RGB,JPEG,0.0349972685058727,False,False,912655f8b7ae65ab9c35913e2f6e1496525918d5f6242d0148ead96d1325fcfd,8967761709918654255,7009719805926129535,False,,710
train/Snow-Covered/Snow (89).jpg,train,Snow-Covered,Snow (89).jpg,52767,False,,744,387,RGB,JPEG,0.0547249167335229,False,False,4530a6ad09ad7e88d06e645d6903a490e1a9766c8106dc8c2822255b67e02579,18433906403999356422,54255267876502780,False,,711
train/Snow-Covered/Snow (9).jpg,train,Snow-Covered,Snow (9).jpg,415015,False,,1400,400,RGB,JPEG,0.00775,False,False,de32c48c884b790357d39ff6e0f9a55f9bef888f5ab6194e2125667ceb61b349,11508516665843993563,4575090874015289344,False,,712
train/Snow-Covered/Snow (90).jpg,train,Snow-Covered,Snow (90).jpg,83200,False,,1024,768,RGB,JPEG,1.7801830028126893e-05,False,False,89f27c33375fd9656b7118e3934a9af21a965dc7f3ce45d9c8162691d53692de,2820926888927797786,9155783953234264064,False,,713
train/Snow-Covered/Snow (91).jpg,train,Snow-Covered,Snow (91).jpg,36246,False,,356,200,RGB,JPEG,0.0061934722768383,False,False,e18b8382f554941a6e126b7df5fddc0939fa0bb58ad0c41327e5bb0a1c832018,13618297944557772071,16204165342436127742,False,,714
train/Snow-Covered/Snow (92).jpg,train,Snow-Covered,Snow (92).jpg,449581,False,,1280,960,RGB,JPEG,0.0057250929971573,False,False,7bd6f0b1ff2042108befa35d22885ee808297ce8cf0e1dc01775bf6d8a10d0f3,793485686237612096,9114788786935628551,False,,715
train/Snow-Covered/Snow (94).jpg,train,Snow-Covered,Snow (94).jpg,36246,False,,356,200,RGB,JPEG,0.0061934722768383,False,False,e18b8382f554941a6e126b7df5fddc0939fa0bb58ad0c41327e5bb0a1c832018,13618297944557772071,16204165342436127742,False,,714
train/Snow-Covered/Snow (95).jpg,train,Snow-Covered,Snow (95).jpg,36246,False,,356,200,RGB,JPEG,0.0061934722768383,False,False,e18b8382f554941a6e126b7df5fddc0939fa0bb58ad0c41327e5bb0a1c832018,13618297944557772071,16204165342436127742,False,,714
train/Snow-Covered/Snow (96).jpg,train,Snow-Covered,Snow (96).jpg,38476,False,,374,458,RGB,JPEG,0.0814433410976257,False,False,73349c2a68064ba2e678b5b064af0f7f9dbe0f4afc86e0ca902fa133f57188ca,7437702898613538099,17014612616461418495,False,,716
train/Snow-Covered/Snow (97).jpg,train,Snow-Covered,Snow (97).jpg,75220,False,,800,600,RGB,JPEG,0.0404392463396138,False,False,9a0b024b91cb835d7d6f26f3929e817432dba83fdfd29519aa14d6d4e62ba99b,4548393047260002348,35605790043898360,False,,717
train/Snow-Covered/Snow (98).jpg,train,Snow-Covered,Snow (98).jpg,75220,False,,800,600,RGB,JPEG,0.0404392463396138,False,False,9a0b024b91cb835d7d6f26f3929e817432dba83fdfd29519aa14d6d4e62ba99b,4548393047260002348,35605790043898360,False,,717
train/Snow-Covered/Snow (99).jpg,train,Snow-Covered,Snow (99).jpg,32647,False,,701,324,RGB,JPEG,0.0011403211390883,False,False,9d49f90c99b2047dbfab37a81359882d3668325838f5186ce20277eb95e60d72,2270263524623355080,18415006941813408139,False,,718
val/Bird-drop/Bird (1).jpeg,val,Bird-drop,Bird (1).jpeg,18831,False,,190,250,RGB,JPEG,0.0178308281756557,False,False,4ac98ef935b074c8713bece9c6299c11946b6899bfbef4d84c433688fff9c1a3,14348326437826458871,18410707307378770144,False,,89
val/Bird-drop/Bird (10).jpg,val,Bird-drop,Bird (10).jpg,55972,False,,474,474,RGB,JPEG,0.0090039567560831,False,False,5ced9ca7cb1649755caf6b3f61e0950c9d82cca201fb3764eece5bd8434f281e,2314885464027892043,9187113454858801664,False,,90
val/Bird-drop/Bird (100).jpg,val,Bird-drop,Bird (100).jpg,1144594,False,,1512,2016,RGB,JPEG,0.0184886647560258,False,False,600d95378b3feaa4b50f2b0fcc20c803558f66bd5d4d1294acfe8969f640e7ff,13084184161483289151,247390101554430,False,,719
val/Bird-drop/Bird (102).jpg,val,Bird-drop,Bird (102).jpg,1294083,False,,2016,1512,RGB,JPEG,0.0038534318048206,False,False,0809633d6db53d59c9daa5f557022ff9f94899c4ca1c6072bdc440c783c88cf3,4641078529968135011,18393617609997337284,False,,720
val/Bird-drop/Bird (104).jpg,val,Bird-drop,Bird (104).jpg,1256586,False,,2016,1512,RGB,JPEG,0.0028338109935332,False,False,6c061b15d9cb3f07e6fa0286534bf8e9c190663adc6997b3dbbf81bd788fc121,3999448724595911882,18428663979648745472,False,,93
val/Bird-drop/Bird (106).jpg,val,Bird-drop,Bird (106).jpg,143801,False,,720,960,RGB,JPEG,0.0431220440942649,False,False,33e541515a196076f0736b5bfb9a6e92999216cff592356f763222dce032b1f1,4479519583111845756,9006149009055612608,False,,721
val/Bird-drop/Bird (108).jpg,val,Bird-drop,Bird (108).jpg,87746,False,,800,533,RGB,JPEG,0.0001149142247393,False,False,e0d796ce236dca176aa14bf1f31f61cda668d4282b12b527c1a620cf04a705f6,12931783262172575890,18446612201772171264,False,,95
val/Bird-drop/Bird (109).jpg,val,Bird-drop,Bird (109).jpg,245105,False,,816,459,RGB,JPEG,0.0680471713981348,False,False,4c511f2776d7a038fbe9cd9609f5523d6c8d4f5b004e4e3005e67fe0c99de807,9027904309725967367,8142506130455658876,False,,96
val/Bird-drop/Bird (11).jpg,val,Bird-drop,Bird (11).jpg,529769,False,,1427,951,RGB,JPEG,0.0082323630905405,False,False,31e8e38409f84775272c41ef916e565d4e6339cde6b2ced53f92d0c4d70fc139,11493186249048391382,18446742908708061184,False,,97
val/Bird-drop/Bird (117).jpg,val,Bird-drop,Bird (117).jpg,1942129,False,,1500,1102,RGB,JPEG,0.0122002346036088,False,False,f9dfcba324d884c276e5cee7542b1c2708918708d3671d9cd7faf4ce30c15826,2817862647752829641,8663869044325056256,False,,104
val/Bird-drop/Bird (118).jpg,val,Bird-drop,Bird (118).jpg,185517,False,,1024,768,RGB,JPEG,0.0110282337024246,False,False,17d63fb73e240b6c02ca94b1624fb51547d0fc5e5e7fc1ebb2cefe9dc09c0503,5666380483930530648,15856750967657533184,False,,11
val/Bird-drop/Bird (12).jpg,val,Bird-drop,Bird (12).jpg,17809,False,,318,158,RGB,JPEG,0.0020897185845639,False,False,4accdedb6b7d361677579c80dd4e5d2b514dfb7d17062705919f439580c60b7d,2249327512110916194,18446741878310174720,False,,108
val/Bird-drop/Bird (120).jpg,val,Bird-drop,Bird (120).jpg,79549,False,,800,533,RGB,JPEG,0.0014118033325125,False,False,8ba7d92f5e8efe1303bf976a3f3028a152c47b7b235489b140d13fa7e00e37c2,16460994323864974044,10223844313952108672,False,,105
val/Bird-drop/Bird (122).jpg,val,Bird-drop,Bird (122).jpg,25755,False,,300,225,RGB,JPEG,0.0281032873587057,False,False,8afb86058839861f1820cf7bea71e8d0d8116454d581cd79a88225d5dc759c54,9706112349825952858,18160226766871053057,False,,145
val/Bird-drop/Bird (123).jpg,val,Bird-drop,Bird (123).jpg,1383547,False,,1001,1600,RGB,JPEG,0.2826704545454545,False,False,5916ca1a7771fe5ca6a3fcafa51f8a2f2a3989674d5f7d4314fa825647a430ef,8643387545309427904,18441949069344506639,False,,106
val/Bird-drop/Bird (126).jpg,val,Bird-drop,Bird (126).jpg,2218014,False,,1500,1105,RGB,JPEG,0.003277220781634,False,False,339a098f99c61e5f8625b343b53558c9a7e8ef27ca7c6afed72aa65a37c75094,1729483079745580268,18446734100778713088,False,,109
val/Bird-drop/Bird (128).jpg,val,Bird-drop,Bird (128).jpg,174708,False,,1280,720,RGB,JPEG,0.1286818879217366,False,False,ee5dbc77b95f7a986fb9ba48d343a7260efffc69255153522fe696ea54a22cf7,10529782234865678229,31206600421436472,False,,111
val/Bird-drop/Bird (129).jpg,val,Bird-drop,Bird (129).jpg,2146106,False,,1500,1105,RGB,JPEG,0.0033490155667987,False,False,afd50632f1d57efe8cc255e6d6e9b3d879ffd0fd22ea8fd241176dbcbdb1b874,1013044998503902956,18446601682642010112,False,,112
val/Bird-drop/Bird (13).jpg,val,Bird-drop,Bird (13).jpg,87746,False,,800,533,RGB,JPEG,0.0001149142247393,False,False,e0d796ce236dca176aa14bf1f31f61cda668d4282b12b527c1a620cf04a705f6,12931783262172575890,18446612201772171264,False,,95
val/Bird-drop/Bird (130).jpg,val,Bird-drop,Bird (130).jpg,179028,False,,800,399,RGB,JPEG,0.0048684210526315,False,False,3a69050839ddd6c20e9ced138c0de8074f74f36b9b03a5b802128ceebf3cf5a8,2249327512110916194,18446741878310174720,False,,108
val/Bird-drop/Bird (131).jpg,val,Bird-drop,Bird (131).jpg,1741844,False,,1500,1024,RGB,JPEG,0.1076703626229896,False,False,773cc28f34f0ba1f834918a9b9545cb340f79cbb3e11cff4e145ec88864c16ef,8700973003747402176,17550253982403202816,False,,113
val/Bird-drop/Bird (133).jpg,val,Bird-drop,Bird (133).jpg,529769,False,,1427,951,RGB,JPEG,0.0082323630905405,False,False,31e8e38409f84775272c41ef916e565d4e6339cde6b2ced53f92d0c4d70fc139,11493186249048391382,18446742908708061184,False,,97
val/Bird-drop/Bird (134).JPG,val,Bird-drop,Bird (134).JPG,20389,False,,180,244,RGB,JPEG,0.0173705179282868,False,False,68075c09c5db9e18d36ba31c21bb841b83a45699d2da11805da1310e0ada4a3f,14348326437759415550,18410707307378770144,False,,89
val/Bird-drop/Bird (135).jpg,val,Bird-drop,Bird (135).jpg,214560,False,,1000,750,RGB,JPEG,0.002463996714671,False,False,4b3243235c0a417790338d8664721a6ba71973531977a18f2625ccc7e8ad63b9,9221013124397955316,18445892714579952001,False,,115
val/Bird-drop/Bird (138).JPG,val,Bird-drop,Bird (138).JPG,98281,False,,632,427,RGB,JPEG,0.0004150238638721,False,False,06a7b279a55f1a107eef17e69fbb6125e93c4be0596727cc46081e2d1530e64f,1190748123900556137,18446708310457975810,False,,117
val/Bird-drop/Bird (139).jpg,val,Bird-drop,Bird (139).jpg,214560,False,,1000,750,RGB,JPEG,0.002463996714671,False,False,4b3243235c0a417790338d8664721a6ba71973531977a18f2625ccc7e8ad63b9,9221013124397955316,18445892714579952001,False,,115
val/Bird-drop/Bird (14).JPG,val,Bird-drop,Bird (14).JPG,55229,False,,592,374,RGB,JPEG,0.0012646221941195,False,False,88186261cbb3cc203865b494f9aae45d919cb661fd104ffde932dd886dd3c001,6123394310599470573,18437948977128734472,False,,1
val/Bird-drop/Bird (142).jpg,val,Bird-drop,Bird (142).jpg,45010,False,,474,267,RGB,JPEG,0.0022676991150442,False,False,ddab7368be97d092c05d050fe0d325cc25925ce65624d8f6c4f7a2e371e15440,7518916317467559365,18435379214711556234,False,,118
val/Bird-drop/Bird (144).jpg,val,Bird-drop,Bird (144).jpg,52168,False,,474,355,RGB,JPEG,0.005532676068056,False,False,9dfb9ce47ca3c5f4d460b10761a0a6c8ce47d17df1e9b2a57c3131e348b8def6,16468693210261102754,18446739001403705095,False,,120
val/Bird-drop/Bird (145).jpg,val,Bird-drop,Bird (145).jpg,81119,False,,700,510,RGB,JPEG,0.0053725490196078,False,False,ebc32d9892910021f7b5cfcaa0b5d449a6f3cc426ec9f1c15b7ba3ac7ad43686,18220993365931875534,13871333969627771032,False,,100
val/Bird-drop/Bird (146).jpg,val,Bird-drop,Bird (146).jpg,42172,False,,474,316,RGB,JPEG,0.0034582671277689,False,False,058bdffd751b29a4f685048f29dfcefd8eb7464ddd3f5ecdfa71692b5fd24f6a,10746977177414949213,13799022214927355952,False,,3
val/Bird-drop/Bird (15).JPG,val,Bird-drop,Bird (15).JPG,66414,False,,548,430,RGB,JPEG,0.0067136024715563,False,False,00ecd0be2d6399d1f3bfe7e4eebcb7dc46ff30fc7dd75bb49500aa668680c3c9,10385512405343016582,18446707819974492160,False,,122
val/Bird-drop/Bird (150).jpg,val,Bird-drop,Bird (150).jpg,71205,False,,474,632,RGB,JPEG,0.0074072343209645,False,False,3bee83e28e217794a2a7e561b9a1f998c82ee726d04035097f35647bca06e7d0,14828609295770067376,9223653511830988641,False,,123
val/Bird-drop/Bird (159).jpg,val,Bird-drop,Bird (159).jpg,58417,False,,474,578,RGB,JPEG,0.0015074478142006,False,False,f25529d07d11907361b6ca86e6e9175a321f5c23cbe5ae72b7e41d4fe4ddd9cb,6417493797590308818,18392453573964280964,False,,124
val/Bird-drop/Bird (161).jpg,val,Bird-drop,Bird (161).jpg,123384,False,,620,827,RGB,JPEG,0.0449152889459241,False,False,13fbbae972541c00f3aae4a69fdf111566e4863d9392c36ea657387844edfeb7,4604352523789163139,8106480428762001678,False,,125
val/Bird-drop/Bird (165).jpg,val,Bird-drop,Bird (165).jpg,128347,False,,768,576,RGB,JPEG,0.0097790999430343,False,False,b0595efb57b8a6371ec87f9576e64bb17dc773431b915122c89a9e8b093286e8,5666380483930530680,15856750967657533184,False,,11
val/Bird-drop/Bird (167).JPG,val,Bird-drop,Bird (167).JPG,61730,False,,493,289,RGB,JPEG,0.0020634764665422,False,False,d1f784589ef10b3376a4716c0e404e64d616e13a436581ef4bdd086c050ce74d,15325932490078717076,18421703028265814273,False,,0
val/Bird-drop/Bird (169).jpg,val,Bird-drop,Bird (169).jpg,52493,False,,533,533,RGB,JPEG,0.0015522976469138,False,False,5a57ffb2862655a41dff333af6b30e93b178ed2411bfdb7693b00f8cccb180c2,5185043086591713566,919229638922764288,False,,128
val/Bird-drop/Bird (17).jpg,val,Bird-drop,Bird (17).jpg,92765,False,,474,632,RGB,JPEG,0.0026638003551733,False,False,7cfd96e115ca38e067262885ab6d76ca6aa814163e79a6c379309f8b231ecbfb,14159792616245574697,18428729621512978432,False,,129
val/Bird-drop/Bird (170).JPG,val,Bird-drop,Bird (170).JPG,65729,False,,522,371,RGB,JPEG,0.0077712715969059,False,False,d462d291dcf0b6033d7e339e0b1cfd2ac9d7305649c013cb856540abe56c31b0,13179343029734298800,18441968968043528963,False,,130
val/Bird-drop/Bird (172).jpg,val,Bird-drop,Bird (172).jpg,92765,False,,474,632,RGB,JPEG,0.0026638003551733,False,False,7cfd96e115ca38e067262885ab6d76ca6aa814163e79a6c379309f8b231ecbfb,14159792616245574697,18428729621512978432,False,,129
val/Bird-drop/Bird (173).jpg,val,Bird-drop,Bird (173).jpg,57275,False,,474,632,RGB,JPEG,0.0296756706234227,False,False,a0c02824682174295c2a033d8320c5ca5a516951e140f6be114a694282855e89,2828048631353596793,9187198587219476480,False,,132
val/Bird-drop/Bird (174).jpg,val,Bird-drop,Bird (174).jpg,12194,False,,190,250,RGB,JPEG,0.0123784261715296,False,False,9a29edf555ee92def0f82189eb2fae331bdb598f0d4fd1fdb0ca167563228a70,14348326437826458871,18410707307378770144,False,,89
val/Bird-drop/Bird (175).jpg,val,Bird-drop,Bird (175).jpg,44442,False,,474,474,RGB,JPEG,0.0029909337321244,False,False,63d636d4e34cac2f612abde040a3f79c5d1a9dc28cd570de0e1e5ae1481d98f5,12918949632397489762,504403158154346496,False,,133
val/Bird-drop/Bird (179).JPG,val,Bird-drop,Bird (179).JPG,115202,False,,1162,733,RGB,JPEG,0.0055145548085931,False,False,4207216d7ef1d7048ba3708bdb07bf043dab48f462abd5eed7c221e6ff305134,10869393564829455064,13820567273779628019,False,,135
val/Bird-drop/Bird (18).jpg,val,Bird-drop,Bird (18).jpg,36628,False,,474,382,RGB,JPEG,0.0602698418834808,False,False,0a9b6aeb3d350e5cb424f0a59f2ecd86ef3dac8a3e51499944e71ecddc32e39e,1019816311550031396,18446742670345830656,False,,103
val/Bird-drop/Bird (183).jpg,val,Bird-drop,Bird (183).jpg,44442,False,,474,474,RGB,JPEG,0.0029909337321244,False,False,63d636d4e34cac2f612abde040a3f79c5d1a9dc28cd570de0e1e5ae1481d98f5,12918949632397489762,504403158154346496,False,,133
val/Bird-drop/Bird (187).jpg,val,Bird-drop,Bird (187).jpg,70409,False,,360,322,RGB,JPEG,0.0001207729468599,False,False,a3903ed7ca9c372d6a17156de06299731801992fc56da9962812364f536998af,9275390512174937525,18446743782457081856,False,,140
val/Bird-drop/Bird (188).jpg,val,Bird-drop,Bird (188).jpg,236272,False,,1200,800,RGB,JPEG,0.0164645661827435,False,False,235ee98a2eef5887fd484620c443a077edf6ea9bf80245dbad89579107b2d147,8899073550940891033,18445891887018805264,False,,141
val/Bird-drop/Bird (190).jpg,val,Bird-drop,Bird (190).jpg,15398,False,,194,259,RGB,JPEG,0.0043187517414321,False,False,9be06f8fa8bf411f4e480ca405742d37a59ad2b89919f09b64cd3bc276c3ef57,17897459738880141156,18394831184254780608,False,,98
val/Bird-drop/Bird (191).jpg,val,Bird-drop,Bird (191).jpg,9621,False,,259,194,RGB,JPEG,0.0071050431875174,False,False,37800d24be78b93f548e0d445e81214675b9cac8040d3dea2b189524e98d26db,1801477376621182944,18446584812048285696,False,,110
val/Bird-drop/Bird (194).jpg,val,Bird-drop,Bird (194).jpg,15398,False,,194,259,RGB,JPEG,0.0043187517414321,False,False,9be06f8fa8bf411f4e480ca405742d37a59ad2b89919f09b64cd3bc276c3ef57,17897459738880141156,18394831184254780608,False,,98
val/Bird-drop/Bird (195).jpg,val,Bird-drop,Bird (195).jpg,16027,False,,259,194,RGB,JPEG,0.0018110894399554,False,False,9e4cb2224a63b5ca619f331bce40a485054479262c1d7d3a18256e76af31f620,15033690943033492592,17807524303663628771,False,,114
val/Bird-drop/Bird (197).jpg,val,Bird-drop,Bird (197).jpg,9621,False,,259,194,RGB,JPEG,0.0071050431875174,False,False,37800d24be78b93f548e0d445e81214675b9cac8040d3dea2b189524e98d26db,1801477376621182944,18446584812048285696,False,,110
val/Bird-drop/Bird (200).JPG,val,Bird-drop,Bird (200).JPG,148000,False,,601,805,RGB,JPEG,0.0044418722419156,False,False,59ef85f15cccd366e87e977c2ac33e0995cdcfc0372ab9545057db67dd722350,6881357557164026922,18446735690470260736,False,,146
val/Bird-drop/Bird (201).JPG,val,Bird-drop,Bird (201).JPG,141460,False,,601,794,RGB,JPEG,0.0067477373076528,False,False,66eb3a12c59b3985b8157a0a493bae59da241ea201dffcb27df2b44fbc437683,16972689960754319793,18446730819440476931,False,,722
val/Bird-drop/Bird (203).JPG,val,Bird-drop,Bird (203).JPG,138171,False,,598,802,RGB,JPEG,0.0132089791867355,False,False,4ee8e49b139510862e0d13ce790d205695a6d41ce6f4254350f1c18a051a6d5c,17795108581732967138,18228866926216988551,False,,148
val/Bird-drop/Bird (206).JPG,val,Bird-drop,Bird (206).JPG,72593,False,,466,346,RGB,JPEG,0.0055135886081444,False,False,7e9809b74efccdf6107c7fd2888add5a7fabaf6fedb85cee3bd0e6de4186c7b0,8102155677652831556,18446742982787858527,False,,150
val/Bird-drop/Bird (208).JPG,val,Bird-drop,Bird (208).JPG,60527,False,,628,480,RGB,JPEG,0.0254510832965654,False,False,c653aa0186936c561a759747b34d430c3b149299e2a2f184c1b2297a350a917c,10895380038804934587,3485892046164590464,False,,152
val/Bird-drop/Bird (210).JPG,val,Bird-drop,Bird (210).JPG,154111,False,,968,716,RGB,JPEG,0.0525385555432115,False,False,1b9a790118a5d4af3adde02704a28325a87dc5edcda4ca2a042e4ea831a148f8,3387555340747479853,18410573608270168064,False,,102
val/Bird-drop/Bird (211).JPG,val,Bird-drop,Bird (211).JPG,36424,False,,383,245,RGB,JPEG,0.0015665796344647,False,False,080cc324fe7db05703a2544ecc1fc77d6300fd14726a347f32922c6fa860d74a,3394319007678541338,2899223306125147192,False,,8
val/Bird-drop/Bird (213).JPG,val,Bird-drop,Bird (213).JPG,38822,False,,438,284,RGB,JPEG,0.0052895166282145,False,False,08d5f4c52c371a2ff89e186c2ed5eacb6b4998f5660710f4c2d878d23a18df8d,17341898221345495771,18446489090510552832,False,,155
val/Bird-drop/Bird (214).JPG,val,Bird-drop,Bird (214).JPG,70897,False,,421,781,RGB,JPEG,6.386783615771097e-05,False,False,3eee53640443d3431b95d8e1685593e7180c749242a7a65f05acfc4f5c295450,13889277903572907570,18446611032836145152,False,,156
val/Bird-drop/Bird (23).JPG,val,Bird-drop,Bird (23).JPG,69014,False,,449,359,RGB,JPEG,0.0050807712350182,False,False,cc2f93ee18797c694b5b9abecf6f62d9960845f3ed14a324fea2da7b0dd1ccd6,3560413725123661213,18446535166504468480,False,,157
val/Bird-drop/Bird (26).JPG,val,Bird-drop,Bird (26).JPG,92398,False,,470,591,RGB,JPEG,0.0015624212489289,False,False,fb4604b8ffcf92e2e797e7de81db409ba56fe85024fa738f41f73537904be57b,7023447902044477675,18408183653323559104,False,,723
val/Bird-drop/Bird (27).JPG,val,Bird-drop,Bird (27).JPG,150019,False,,1093,538,RGB,JPEG,0.0227962621272543,False,False,d6b9eeafeca8562fb1a0d41c546f738c01c3053a5b8638a7bd6c1de6efc7c3e2,2435467903866455598,7097967735753196648,False,,160
val/Bird-drop/Bird (28).jpg,val,Bird-drop,Bird (28).jpg,44283,False,,474,355,RGB,JPEG,0.0015807645908731,False,False,ec712051e914ff3c4ea388599842bb975a3c0fa77e4c4a20dd6ef9f7f51ba440,11588268513491052905,17291504531242270912,False,,161
val/Bird-drop/Bird (29).jpg,val,Bird-drop,Bird (29).jpg,2206774,False,,3024,4032,RGB,JPEG,0.0106956845238095,False,False,08edc19fe4991544341abf0ac0cefaaf5e161875f8fe8ef756e67e78b0f934f6,16000848100290002695,18446682501058457727,False,,162
val/Bird-drop/Bird (3).jpg,val,Bird-drop,Bird (3).jpg,30083,False,,300,300,RGB,JPEG,0.0055218540986156,False,False,11a0d07beb6d9e70502e9abc882cf5f92251160b04b60c1f7a68a7f412d1effa,18406050915545966439,18444492273895931646,False,,163
val/Bird-drop/Bird (31).JPG,val,Bird-drop,Bird (31).JPG,21910,False,,221,202,RGB,JPEG,0.0025086233929131,False,False,441fef26864e9b8d5030ba5cc3fa6087ffa57b7ffb82a275d71e81086509ff19,6084462380759338825,18394759543453932544,False,,164
val/Bird-drop/Bird (32).JPG,val,Bird-drop,Bird (32).JPG,61382,False,,494,296,RGB,JPEG,0.0021062709430349,False,False,8260572e2f1b61fc19b944283f8e5bd9f6281c696154bcaeefa4bd012bf9ddfc,15325932490078717072,18421703028265814273,False,,0
val/Bird-drop/Bird (36).jpg,val,Bird-drop,Bird (36).jpg,122360,False,,600,400,RGB,JPEG,0.0034124715627369,False,False,ece06538ccc4e5dfdb5e8139960778d6f484a96c01320b4fda5ba729bd7df857,10746941993042860381,13799022214927355952,False,,3
val/Bird-drop/Bird (37).jpg,val,Bird-drop,Bird (37).jpg,42436,False,,474,355,RGB,JPEG,0.0007071841590748,False,False,d2eb6f544faeee0161cd7259a2e222bf73821feef2e60060e8c2e0c8c91759fb,9268425729872244752,506375093722496815,False,,167
val/Bird-drop/Bird (39).jpg,val,Bird-drop,Bird (39).jpg,45132,False,,474,355,RGB,JPEG,0.0063646574316735,False,False,4226140f403d67b7756c98bb34d5a06beabbdb3c46cc4fa485e35fa855af7862,9356413924685164721,11494034526582540039,False,,119
val/Bird-drop/Bird (40).jpg,val,Bird-drop,Bird (40).jpg,55972,False,,474,474,RGB,JPEG,0.0090039567560831,False,False,5ced9ca7cb1649755caf6b3f61e0950c9d82cca201fb3764eece5bd8434f281e,2314885464027892043,9187113454858801664,False,,90
val/Bird-drop/Bird (41).jpg,val,Bird-drop,Bird (41).jpg,42436,False,,474,355,RGB,JPEG,0.0007071841590748,False,False,d2eb6f544faeee0161cd7259a2e222bf73821feef2e60060e8c2e0c8c91759fb,9268425729872244752,506375093722496815,False,,167
val/Bird-drop/Bird (42).jpg,val,Bird-drop,Bird (42).jpg,28295,False,,474,355,RGB,JPEG,0.0003327925454469,False,False,e52b22b78adab791c8e37621937902cafb0786207062d619e8ef6e62d990f660,14574868119016876713,16847766641436336174,False,,168
val/Bird-drop/Bird (43).jpg,val,Bird-drop,Bird (43).jpg,257907,False,,1080,1440,RGB,JPEG,0.0037538483697315,False,False,f3ef9c88a41c777af42ffd973203dc2f72bb7c3a5c68045b359bfad896646ecd,17320998986576717668,18394831184254256320,False,,98
val/Bird-drop/Bird (44).jpg,val,Bird-drop,Bird (44).jpg,81119,False,,700,510,RGB,JPEG,0.0053725490196078,False,False,ebc32d9892910021f7b5cfcaa0b5d449a6f3cc426ec9f1c15b7ba3ac7ad43686,18220993365931875534,13871333969627771032,False,,100
val/Bird-drop/Bird (45).jpg,val,Bird-drop,Bird (45).jpg,54598,False,,657,469,RGB,JPEG,0.1051818532906245,False,False,d2c1d75224efc75a29a02e1d9e04016e8bf7c5eca7664025de5d333f122ee823,7909816632600748737,18437674213079842816,False,,137
val/Bird-drop/Bird (49).jpg,val,Bird-drop,Bird (49).jpg,157466,False,,931,768,RGB,JPEG,0.0015566259398496,False,False,db7b17bfd8b34efdf2a6daf29154b1dc390554681972c3c83a2302fcff3ea852,16642050901463560604,14835950345854730240,False,,171
val/Bird-drop/Bird (50).jpg,val,Bird-drop,Bird (50).jpg,3295641,False,,2448,3264,RGB,JPEG,0.0007840780468659,False,False,bcdc82ff40b436d31b68db198e0f4fdfa4ffc99c58d0e5a5d475f7f8ef821307,7856968902717511371,18446495704340759552,False,,724
val/Bird-drop/Bird (51).jpg,val,Bird-drop,Bird (51).jpg,45835,False,,364,307,RGB,JPEG,0.0066399398646955,False,False,9f24704faeff832ed04ceefcad9ddb5fa4a74b8ba063932f7620f640f71cbf93,2119624674509675742,18446707526792675713,False,,126
val/Bird-drop/Bird (56).jpg,val,Bird-drop,Bird (56).jpg,224397,False,,879,943,RGB,JPEG,0.0312209704933538,False,False,1e7cc7bbc35c574c53285b1e41f9fc067c66f4daa46cb70d6718297e28ca52f8,4063868463892443273,8124638923330914183,False,,172
val/Bird-drop/Bird (57).jpg,val,Bird-drop,Bird (57).jpg,277849,False,,800,600,RGB,JPEG,0.0017937350522078,False,False,7cfbb65375f6afbd0a5f7fd5c766f0034022758df8102d7e4a90960ec4a2d0be,11899673920817184975,3422461968521596924,False,,2
val/Bird-drop/Bird (58).jpg,val,Bird-drop,Bird (58).jpg,78046,False,,638,476,RGB,JPEG,0.0017748478701825,False,False,b97a8233581c80e3a6b706ebf808e435d39b3c089d828cae08bb64c2c6fcb0e1,17792222169921153898,17998918317518143680,False,,6
val/Bird-drop/Bird (60).jpg,val,Bird-drop,Bird (60).jpg,69500,False,,480,360,RGB,JPEG,0.0164465689054524,False,False,e0a8f2a1090cbe2e8a5e389afe2b8abef2471a60feafae4fd02927a607025570,8420870115337288141,18445028285818658960,False,,127
val/Bird-drop/Bird (61).jpg,val,Bird-drop,Bird (61).jpg,433742,False,,1500,847,RGB,JPEG,0.0040220385674931,False,False,4592c8cc6cfbf0e30c989a414c2bd8e12c62a26b300ff7d5d6c2967dfefe7857,7518916317467559365,18435379214711556234,False,,118
val/Bird-drop/Bird (63).jpg,val,Bird-drop,Bird (63).jpg,169999,False,,980,735,RGB,JPEG,0.0027502429543245,False,False,18d43c1f1552c166abd0dab716fb09aa4cc9399e80305e6b54a0315cf63ed161,4456509949885824706,18444211902751046143,False,,174
val/Bird-drop/Bird (65).jpg,val,Bird-drop,Bird (65).jpg,302998,False,,657,469,RGB,JPEG,0.1149957972693609,False,False,ddbca6638e8202cddc1e48e0df4533ea30899fb99d9248ff8f7ee30a23f5d272,7909816632600748737,18437674213079842816,False,,137
val/Bird-drop/Bird (69).JPG,val,Bird-drop,Bird (69).JPG,122668,False,,591,587,RGB,JPEG,0.0047417271993543,False,False,4e4dcaab293522af3fcca3412bcb8970d84cb14406a82c4906cdf1c31fab3d06,3653379624222313885,18446716594508791808,False,,177
val/Bird-drop/Bird (7).jpg,val,Bird-drop,Bird (7).jpg,1969616,False,,2411,1836,RGB,JPEG,0.0013536357612857,False,False,153be2360e42514abea2d39d92d1c63f202442e4d84cb1911a71ad1a5aa02b25,8568849033552653162,18440271046640713920,False,,6
val/Bird-drop/Bird (74).jpg,val,Bird-drop,Bird (74).jpg,89389,False,,474,632,RGB,JPEG,0.0085989344798579,False,False,e6fe179368ad2623af6c2e86f91009629363d1cabe2a16ae753db55889c49f12,10488635150130323997,18391636821911146302,False,,159
val/Bird-drop/Bird (75).jpg,val,Bird-drop,Bird (75).jpg,106894,False,,720,960,RGB,JPEG,0.0067954184094062,False,False,fcb19730234a96ffaf2b73a993cc4061cd78b3b7e991a88d7ace243cfb2694de,5790677419910802122,18446737342430445569,False,,179
val/Bird-drop/Bird (77).jpg,val,Bird-drop,Bird (77).jpg,1942129,False,,1500,1102,RGB,JPEG,0.0122002346036088,False,False,f9dfcba324d884c276e5cee7542b1c2708918708d3671d9cd7faf4ce30c15826,2817862647752829641,8663869044325056256,False,,104
val/Bird-drop/Bird (78).jpg,val,Bird-drop,Bird (78).jpg,148337,False,,640,480,RGB,JPEG,0.0011848881192179,False,False,20d366546ba865c6c0ae110a6cd475b39d9756b37f9708b14d0c0f6f93640a32,13863439433831950954,18446604435732824064,False,,180
val/Bird-drop/Bird (79).jpg,val,Bird-drop,Bird (79).jpg,1023736,False,,2016,1512,RGB,JPEG,0.0068089542915931,False,False,e1cb0e8f49ce1a715747029e07abea7e60092c5360e61aec0e4b8a636890d987,15308953891876304598,9439828223727762688,False,,13
val/Bird-drop/Bird (80).jpg,val,Bird-drop,Bird (80).jpg,1638142,False,,960,720,RGBA,PNG,0.0416333309702966,False,False,041d14eff31334e369af9c6d8fc191a7ab4e73ed19f0971e24f2ca780624c1c8,17573582618669795910,16629263460559028481,False,,92
val/Bird-drop/Bird (83).jpg,val,Bird-drop,Bird (83).jpg,201932,False,,1024,768,RGB,JPEG,0.0005340549008438,False,False,4258e3a3667dba2780d3cf584a62177019ff3193d022bb24c5a91f5dcc57d1a8,13863439416652081786,18446604435732824064,False,,180
val/Bird-drop/Bird (85).jpg,val,Bird-drop,Bird (85).jpg,126782,False,,720,960,RGB,JPEG,0.0115147402853873,False,False,fe69557706502abc570d39ccbb4322cd19b2155de3ccd443201ae8de5fe5be87,7440636771944577100,17226242133814468848,False,,183
val/Bird-drop/Bird (88).jpg,val,Bird-drop,Bird (88).jpg,126127,False,,720,960,RGB,JPEG,0.0224420971613177,False,False,e13b1c9d6d2a08c2bc8cc48074c744ff301323a18c395a07dd226eafacb0d22a,7188803634214332699,18419445399116316214,False,,184
val/Bird-drop/Bird (89).jpg,val,Bird-drop,Bird (89).jpg,100451,False,,720,960,RGB,JPEG,0.0066232543066343,False,False,d0b99dcb455638341db3372361f4b81e259f48404c0478025e5d6cb0bc779733,11063234050262462056,18446672620486131777,False,,185
val/Bird-drop/Bird (9).jpg,val,Bird-drop,Bird (9).jpg,79907,False,,601,600,RGB,JPEG,0.0013394157041638,False,False,a771c22a1f00e6474ee5b570fadb6af70f3e5fe6f1e21a6f90342ded9270fbe4,17702886858733480297,18440552702006051520,False,,186
val/Bird-drop/Bird (92).jpg,val,Bird-drop,Bird (92).jpg,1220576,False,,2560,1920,RGB,JPEG,0.0027799456543411,False,False,c643d1673f1d08b0c1bb35c442740a8265c530181f4721d4cd0f3f4dde098e14,8463491781013843369,18402201487448537248,False,,189
val/Clean/Clean (10).JPG,val,Clean,Clean (10).JPG,167409,False,,1218,779,RGB,JPEG,0.0019771885559145,False,False,cff77dd95f21f7645f6c81ff90a5a124e984f2018e99ecf5824866fff6558aa0,15966832625200221308,18445049418000918640,False,,196
val/Clean/Clean (100).jpg,val,Clean,Clean (100).jpg,297834,False,,1080,1080,RGB,JPEG,0.0013443038126616,False,False,299f275b5d71268a94942460eab860171af270894005aec8abc4f99b9a49e90d,1017233825678363801,18301467805683548419,False,,197
val/Clean/Clean (102).jpg,val,Clean,Clean (102).jpg,481577,False,,1536,2048,RGB,JPEG,0.0206613409288146,False,False,84e263811ac14e815a0a1b818bdc61976e6d3eabe3e4a46b5a27b7b401fe1b63,10103321014868439520,18446743798831644672,False,,199
val/Clean/Clean (103).jpg,val,Clean,Clean (103).jpg,563414,False,,2047,1152,RGB,JPEG,0.03265277043915,False,False,ed44e4467a9d467b1b0ea38d90fbd274dfe9431f4195eb7c93b2012995c0f12b,2270308171567555625,18376656811010289663,False,,200
val/Clean/Clean (106).jpg,val,Clean,Clean (106).jpg,167643,False,,600,900,RGB,JPEG,0.0004537028635132,False,False,319606c46292229df958c1b1fce0172f45a59a07053a036a01636eafe9e40348,1732572582253272212,72056082211536895,False,,203
val/Clean/Clean (11).jpg,val,Clean,Clean (11).jpg,179181,False,,1200,803,RGB,JPEG,0.0030437751529151,False,False,fd9ffcc69034f26fa65fbf547b842434fbe2686a7cfb80f16831795a70a32e63,9042710734720153,18446514314434052355,False,,207
val/Clean/Clean (110).jpg,val,Clean,Clean (110).jpg,88209,False,,720,960,RGB,JPEG,0.0006785291109243,False,False,526461fa7b885a5f91af4ea5c4e3b2806d44a5614e3d107da4a43de35a64b549,2197169121556796980,18445612128636239872,False,,208
val/Clean/Clean (113).jpg,val,Clean,Clean (113).jpg,248638,False,,1280,720,RGB,JPEG,0.0998192286074526,False,False,041226063cf1d580f01f8bffd02db9ab24123c46a9632ea6545a7a19517a786c,15291041147091798413,17003321714341314560,False,,211
val/Clean/Clean (114).jpg,val,Clean,Clean (114).jpg,263359,False,,1200,600,RGB,JPEG,0.0108985202901086,False,False,8398c053496169923d699279f1435e6ad53f8a66aaed05320dfc45dc34baae9f,7367463479277321982,17073411139074818177,False,,725
val/Clean/Clean (116).jpg,val,Clean,Clean (116).jpg,1008537,False,,1224,786,RGB,JPEG,0.0162764300993902,False,False,deef7faf41c5285568e413c1abdf8a852a29158082538f7dfd6dd0d4fa6c5bcf,2217784694558373773,18446740744854044808,False,,213
val/Clean/Clean (117).jpg,val,Clean,Clean (117).jpg,716494,False,,2000,1333,RGB,JPEG,0.0162869100819728,False,False,55a2d0b0a8f61eadb8b5a5c7432394543e9482d00a3595f9827818d992c2eb6f,3302880248195,4548388298204579584,False,,726
val/Clean/Clean (118).jpg,val,Clean,Clean (118).jpg,19251,False,,250,250,RGB,JPEG,0.0015679247396124,False,False,a3badb3ca403b1083b851bc09d7b50f33da087da956028e30e097db9e70641bf,3598922392873456182,17582021961930768384,False,,214
val/Clean/Clean (120).jpg,val,Clean,Clean (120).jpg,53103,False,,700,447,RGB,JPEG,0.0032885906040268,False,False,d0269b405139ca1e8f05a91e2a1814bab398f9360855ca0b452ee3b4b46728fc,17856241156464364779,18228725634703085760,False,,217
val/Clean/Clean (121).jpg,val,Clean,Clean (121).jpg,49499,False,,474,355,RGB,JPEG,0.018303589999584,False,False,8965b19a6b783e40cd9c733cd1a1d8c64c7bed9c3951141531f90efc1b4dd946,1737765552663072969,141850883080159,False,,218
val/Clean/Clean (122).jpg,val,Clean,Clean (122).jpg,40147,False,,474,355,RGB,JPEG,0.0018303589999584,False,False,b7a4c3f219017890282179e3b791074c4e18ab8c8e38b65b816a192d932787af,1773499035590384146,9169328805892915200,False,,727
val/Clean/Clean (123).jpg,val,Clean,Clean (123).jpg,48415,False,,474,355,RGB,JPEG,0.0013311701817879,False,False,f6e7f678370c79ecc6ce55484274c5a64cad6615c67f87dc2a3833ec4b8dd976,10457948388555580585,13780789512431091970,False,,219
val/Clean/Clean (125).jpg,val,Clean,Clean (125).jpg,54709,False,,499,385,RGB,JPEG,0.0006194206595008,False,False,be8c1fb731ea8673d26372351a205a753d15bb39328efa94c900d3bae9529d26,1588693177993507482,9185117949210788864,False,,221
val/Clean/Clean (126).jpg,val,Clean,Clean (126).jpg,44647,False,,450,450,RGB,JPEG,0.0001728369456254,False,False,fadeb998cfbe8efd2c9f516b04ec9fe1fd13579a7a2a666fdf098509d920c954,4338971117444303923,18446742355722633216,False,,728
val/Clean/Clean (127).jpg,val,Clean,Clean (127).jpg,39167,False,,474,355,RGB,JPEG,0.0009151794999792,False,False,7a1436ca4e6dbd0ff668b8d578f693956256ffe97b35dc245f3c0a72a8162099,2242342777424261780,18229723581066184455,False,,222
val/Clean/Clean (129).jpg,val,Clean,Clean (129).jpg,274714,False,,1334,1000,RGB,JPEG,0.0022878492118464,False,False,52177b6d9f8ead0a043af762cc1195f132c6682127b94028c2e43e285dc268c3,254302968371262525,18446603327631261696,False,,224
val/Clean/Clean (13).jpg,val,Clean,Clean (13).jpg,2079038,False,,3500,2330,RGB,JPEG,0.0007433476394849,False,False,05b02f3dc116634a62d02287df80c89f1da069e66e3d4b6e5b903a69d10c5a75,512244370780323199,18446726481523564798,False,,225
val/Clean/Clean (131).jpg,val,Clean,Clean (131).jpg,821041,False,,2400,1800,RGB,JPEG,0.0054574061441189,False,False,00bc33319ccacbc6569f56e78b4d047d111c9abf4c5596239007efe83e0f8a6b,3317143865357246499,18446726481527767823,False,,226
val/Clean/Clean (132).jpg,val,Clean,Clean (132).jpg,4104552,False,,3072,2304,RGB,JPEG,0.0416456093052603,False,False,b0d83a2908ca269afd422d3f5ebf69cdf63cf8e4a49c54cbcb739391f67977a7,2075635120969267585,18446462611634520067,False,,227
val/Clean/Clean (133).jpg,val,Clean,Clean (133).jpg,239779,False,,1280,720,RGB,JPEG,0.0011013383159397,False,False,7db57c36bdbbd1bd8860e72ba7747c899e01d4ebd08d3ab8015cf1673b018de6,2319478329558480486,9169160680723521536,False,,228
val/Clean/Clean (134).jpg,val,Clean,Clean (134).jpg,184375,False,,600,450,RGB,JPEG,0.0008555428808462,False,False,5f5734858865f2fd3ce63d49f5f0f6ef96f0c9b6635152bf11ef15667fd10199,13080881664820943361,18392427108392501248,False,,229
val/Clean/Clean (135).JPG,val,Clean,Clean (135).JPG,155091,False,,1131,775,RGB,JPEG,0.0015253398073759,False,False,bb09599acbd398894b45c35edb68b1a459bacf25798078b2a8d31e90501bb34f,15913072036220785748,18446178620737611896,False,,230
val/Clean/Clean (137).jpg,val,Clean,Clean (137).jpg,75021,False,,600,400,RGB,JPEG,0.0019541503820801,False,False,894f0efc798421a09a37b794cffb8c3395111233b78f6b96326db3ee3730a42d,11858834493424766420,3399961588357563329,False,,232
val/Clean/Clean (138).jpg,val,Clean,Clean (138).jpg,223994,False,,1024,768,RGB,JPEG,0.0032221312350909,False,False,789421c1035faa24f51a9931fc2fa606faac07ec9a2b8bef33b733fd5eec61b9,12433493758787760812,18426909453069680771,False,,233
val/Clean/Clean (140).JPG,val,Clean,Clean (140).JPG,63308,False,,494,493,RGB,JPEG,2.8742239595309267e-05,False,False,dd6e7091f71bed1a7609fd6e07966859b024e437afc9b57e9306259c36987202,901635426881935468,2238011395639619608,False,,236
val/Clean/Clean (141).JPG,val,Clean,Clean (141).JPG,167409,False,,1218,779,RGB,JPEG,0.0019771885559145,False,False,ce67427e007c29815596e51e8659e13c14311958dfb334f6d0aa7cce26ac6321,15966832625200221308,18445049418000918640,False,,196
val/Clean/Clean (142).jpg,val,Clean,Clean (142).jpg,230347,False,,1024,768,RGB,JPEG,0.0008366860113219,False,False,58bac5d8adbb400e491558785a496c931da7b1e3485d91ee19c851737cdae1aa,9042092173934458350,18370430204677243008,False,,16
val/Clean/Clean (143).jpg,val,Clean,Clean (143).jpg,79654,False,,900,600,RGB,JPEG,0.0068055429526982,False,False,96ed2ac4423645a37c86e280afe54c4e3eedf4aec0daa59a9b230a7263e80a06,11518975844034805117,18356316873957621760,False,,237
val/Clean/Clean (146).jpg,val,Clean,Clean (146).jpg,71184,False,,696,470,RGB,JPEG,0.0008131473080544,False,False,e89d227081034403dc6e5537f513560d9cfe7dace7059b15bf37f40747a41ba0,9177780479097334444,18446462598733905920,False,,240
val/Clean/Clean (147).jpg,val,Clean,Clean (147).jpg,41943,False,,474,355,RGB,JPEG,0.0015391655226922,False,False,fa5d9a383828cf9056ab24958d99c2d84ebd1aa995ab72826c258f8b860ab928,9042092173934458350,18370430204677243008,False,,16
val/Clean/Clean (149).jpg,val,Clean,Clean (149).jpg,80632,False,,702,468,RGB,JPEG,0.0143818979844036,False,False,03719a2e18c129d4d690e8e3eb11c85e32bb8358cc2b976a5c29253a78adf608,7156300485683081344,5622681527288807808,False,,242
val/Clean/Clean (15).JPG,val,Clean,Clean (15).JPG,178696,False,,1051,777,RGB,JPEG,0.0002914427272181,False,False,b164bead33cb6f4636afad34ef192539b9d4a269c930bfba3e4a4954bafa2ddc,1012197267682333227,4107142089597518848,False,,243
val/Clean/Clean (151).jpg,val,Clean,Clean (151).jpg,58453,False,,600,400,RGB,JPEG,0.000874992708394,False,False,4ba89e3415d120f5d423cf579c316feb95f524a3f6bc8af1f9440fb7dab3965a,7072557980642829400,6881376015923478785,False,,244
val/Clean/Clean (152).jpg,val,Clean,Clean (152).jpg,47335,False,,474,315,RGB,JPEG,0.00042194092827,False,False,f0cd54a4fbdf8eb2cbb3215a3093b2f5e1c688506246af4fd17c02f50e93b4a0,17598210034954756998,16281302167038609036,False,,18
val/Clean/Clean (156).jpg,val,Clean,Clean (156).jpg,219318,False,,1600,1067,RGB,JPEG,7.380497445527828e-05,False,False,44707bd01a659f2da65d0ba05b039c135ecbdf349a2a26fedee6a6677e1307d1,16851262973209664693,17506878234687537442,False,,248
val/Clean/Clean (158).jpg,val,Clean,Clean (158).jpg,25936,False,,350,300,RGB,JPEG,0.0046,False,False,72772bad6face2eee4e46d8ee9785a6120decd73fac4f754b193312aa3fbab52,215644289926793,9169222193043735554,False,,249
val/Clean/Clean (164).jpg,val,Clean,Clean (164).jpg,85549,False,,800,600,RGB,JPEG,0.0021145657119524,False,False,4497f9cf7b95c535e9b87bb0f6471d1a98bb0bec470e26506406b8ec983cc1b3,13094829884115379617,16204198577769598895,False,,255
val/Clean/Clean (170).jpg,val,Clean,Clean (170).jpg,53735,False,,500,400,RGB,JPEG,0.0003149937001259,False,False,297a8e2bbfa940ba09395f18a035f3e912929a59084bab37b5a0d113c23869b1,2247241760575683787,18446455864695406592,False,,729
val/Clean/Clean (171).jpg,val,Clean,Clean (171).jpg,43525,False,,474,316,RGB,JPEG,0.0003271333769511,False,False,ecf776867a01d3289a5ddd681a44108f030758431dcd9706e7a81b9294ed3050,11116720643573889508,18446493404465619584,False,,260
val/Clean/Clean (176).jpg,val,Clean,Clean (176).jpg,411439,False,,1280,853,RGB,JPEG,0.0018015361140673,False,False,5f002c1441bfd2c35783e89f5a2691390c6de722467373a14142504aefeba7bd,5344968009977666001,1736146504059881155,False,,263
val/Clean/Clean (178).jpg,val,Clean,Clean (178).jpg,892800,False,,2503,1676,RGB,JPEG,0.0349346726960236,False,False,7c99b661cf30bfd22f30bfab54bde7e5d22823aaaf30daee24d9896434c802f8,18446532400397561601,17363893211960971279,False,,261
val/Clean/Clean (179).jpg,val,Clean,Clean (179).jpg,138805,False,,768,576,RGB,JPEG,0.0099531615925058,False,False,6ba9a580847df581e1a22f30fda57dded07af9752de33642af2ad5c6b3c96979,1045802860623714601,18392700324180721664,False,,730
val/Clean/Clean (18).jpg,val,Clean,Clean (18).jpg,150044,False,,768,1024,RGB,JPEG,0.0103428632463417,False,False,24efcb1392cdaf357df1a4ad02865c030cfa718008a89c82ad409206a4fdf1d4,443264372565529016,2161726937465094144,False,,265
val/Clean/Clean (180).jpg,val,Clean,Clean (180).jpg,327902,False,,1152,640,RGB,JPEG,0.000769040882593,False,False,864dfbf03bc14883e2439efd1faaf7594d42ff6f341099f070f019e32310a421,1763196689934496260,3983168935939213071,False,,266
val/Clean/Clean (186).jpg,val,Clean,Clean (186).jpg,86253,False,,800,450,RGB,JPEG,0.0005833284722627,False,False,7e5a67b2a336ea37fd9d7248cf610a8c99e4564287e7cc682d900f8521484d88,15450244249757849238,18446463556502192260,False,,271
val/Clean/Clean (187).jpg,val,Clean,Clean (187).jpg,223805,False,,1024,768,RGB,JPEG,0.039288638872076,False,False,9ef8683d30acb708ef29c3e9b0bc58c7ac56663a7b2f19293cc17e82db35c8ba,5306529221507709951,1406037846827001472,False,,272
val/Clean/Clean (189).jpg,val,Clean,Clean (189).jpg,2240539,False,,3264,2448,RGB,JPEG,0.0087256059740614,False,False,bc4547f777814ab610e5dc29532c2f0acf75b4488d70eacccee93eb345721c7d,16613532154182965657,18374686425984532480,False,,273
val/Clean/Clean (190).jpg,val,Clean,Clean (190).jpg,99713,False,,499,385,RGB,JPEG,0.0004736746219712,False,False,93dd298709a1ec689a3187b239dbec68ccd2b3d897db7387b5a191cb29d1296c,1588693177993507482,9185117949210788864,False,,221
val/Clean/Clean (191).jpg,val,Clean,Clean (191).jpg,30725,False,,325,455,RGB,JPEG,0.0009467455621301,False,False,8edaf64e84333d0f158e704b2e48df643f9588ad6e095d54da22ba7d3fe3496b,1383850419694548685,9187343235540844544,False,,22
val/Clean/Clean (192).jpg,val,Clean,Clean (192).jpg,363367,False,,1400,1050,RGB,JPEG,0.0339809523809523,False,False,3be1c7ba9e26efdb3871387c2dd35eba6bedec86ef08a6e1614294433480e412,2699616603694466104,18441656499198558467,False,,275
val/Clean/Clean (26).jpg,val,Clean,Clean (26).jpg,1229396,False,,1536,2048,RGB,JPEG,0.0050067869779033,False,False,1ba767eabe2aa813f4f7cd327101ba79f83eb4abbce784d8eab9216ec18678f7,11646493973175111183,542405591566622012,False,,23
val/Clean/Clean (27).jpg,val,Clean,Clean (27).jpg,72859,False,,408,800,RGB,JPEG,0.1784297325698599,False,False,75f6cbffd71fcb263bb775d7d4a7102b94f3aecc91669182837f7e116f205b73,18209378122236603010,18123473917715775935,False,,731
val/Clean/Clean (29).jpg,val,Clean,Clean (29).jpg,70027,False,,800,485,RGB,JPEG,0.0,False,False,9e4c26797d3dd5c5f492209a419c7a770ab5a3c44f9eb5c07639c555a6c2b7ad,2959722776287724435,9169117726973888007,False,,285
val/Clean/Clean (3).jpg,val,Clean,Clean (3).jpg,89033,False,,736,494,RGB,JPEG,0.0009818832906567,False,False,34dc36d0a8b3749afdf231b1379bce965ecd02d03185ba1407ae6c81b1375dbd,92649367408225316,18446479323655374857,False,,286
val/Clean/Clean (30).jpg,val,Clean,Clean (30).jpg,297682,False,,1500,1000,RGB,JPEG,0.0007233323688901,False,False,2bdf04dd812fcbd4c6733c06fc03d5dd3060a53ff359dee6e5f25a676effcce8,10313031392630107468,18230571283005833439,False,,24
val/Clean/Clean (33).jpg,val,Clean,Clean (33).jpg,44940,False,,500,500,RGB,JPEG,0.0115637687246255,False,False,b8a35b1939b0dcc1348b1dd31596b73543bae0f5350a899ba0f59b008d34a99b,1085102904059508535,4340623949410336768,False,,732
val/Clean/Clean (34).jpg,val,Clean,Clean (34).jpg,142758,False,,533,800,RGB,JPEG,0.0270376754493967,False,False,e3d514bd4103968e147a63ea4a213cc95dc80a7ddc7a63264c05c23bc78b23b2,3417631738281946573,8714694977743505408,False,,733
val/Clean/Clean (35).jpg,val,Clean,Clean (35).jpg,45741,False,,600,400,RGB,JPEG,0.0113165723618969,False,False,e39d9899726d29fa5d54e3bfa1b8c220c0f148a6a05090b098e4ee0f03ea871a,9727776294725334329,18383419913466536946,False,,288
val/Clean/Clean (36).jpg,val,Clean,Clean (36).jpg,200278,False,,615,410,RGB,JPEG,2.7760812836599856e-05,False,False,07280eacecad6579699c0e8e719c2339203131cb0bd9e59084e9741df1d75ee1,1775723033401059370,17802455561535488257,False,,289
val/Clean/Clean (4).jpg,val,Clean,Clean (4).jpg,105790,False,,768,768,RGB,JPEG,0.0015309573824189,False,False,e72b8eacb870ccafc445978af64f3415c3949bcc795a8487d729fbd7ea0cd0e2,3308074369583191699,9223091661372915712,False,,293
val/Clean/Clean (40).jpg,val,Clean,Clean (40).jpg,670816,False,,2000,1339,RGB,JPEG,0.0066445009044049,False,False,24bcc49118cab0f2b4fb2794aac809ab331e848d7984e4c837f86e8c7d2bb3f0,2812310317333385883,8935280203463111860,False,,294
val/Clean/Clean (41).jpg,val,Clean,Clean (41).jpg,98153,False,,600,401,RGB,JPEG,0.0001163737926219,False,False,bd1e7a94264cb9f6c678b3c45ebbc6e0001c2c214f0d5bb1c03a1bb43cdc8e96,5320397844658752689,198390164185062179,False,,295
val/Clean/Clean (47).jpg,val,Clean,Clean (47).jpg,121531,False,,800,533,RGB,JPEG,0.0020520397274891,False,False,32bf10934e77c260ce56e5c79d280b450bb009cc18b0fbd5e38be6b5e3fa8ad9,8608443986202028489,18230289812374421504,False,,301
val/Clean/Clean (48).jpg,val,Clean,Clean (48).jpg,27464,False,,400,260,RGB,JPEG,0.0,False,False,45481efc09c4d3d7f9f751bdf413e3fb83d412a54b379a58c3adc1ffabd2facb,721239260720293478,18446742974655692801,False,,302
val/Clean/Clean (49).jpg,val,Clean,Clean (49).jpg,1335788,False,,1536,2048,RGB,JPEG,0.0045372616213088,False,False,51223b8bd51b18a2305c0df00b08bc01eb4b3917b68110ea62bd71647573cb29,9282011553010763527,505251719267950366,False,,303
val/Clean/Clean (5).jpg,val,Clean,Clean (5).jpg,79123,False,,499,333,RGB,JPEG,0.0790682000084249,False,False,357196f87d568c8c673ecfacc25f91e66cc7a07426c7fb9a0a3307b71ebf36cd,6008142434194624077,14332255277208311832,False,,304
val/Clean/Clean (51).jpg,val,Clean,Clean (51).jpg,67040,False,,650,366,RGB,JPEG,0.0020596716294944,False,False,e77dc1053cc125c8c7e6579d1008c4f44ab60472a18019f89fdb92cac1a3fbe0,6854478632689855030,18373834292670234624,False,,306
val/Clean/Clean (53).jpg,val,Clean,Clean (53).jpg,10239224,False,,6240,4160,RGB,JPEG,7.604474559122497e-05,False,False,6decde405c00aadc32262d23c0c80b2de7983d543be91a5e4751b9fc26743564,732720476411299379,4575227072001948768,False,,307
val/Clean/Clean (54).jpg,val,Clean,Clean (54).jpg,170580,False,,1000,1000,RGB,JPEG,0.0037449775301348,False,False,79fca79de3f5c8e71f517363f0447ac6289648227216f38f13cec952f51dde61,10814856201467095392,2899254828260116423,False,,308
val/Clean/Clean (56).jpg,val,Clean,Clean (56).jpg,33566,False,,600,400,RGB,JPEG,0.226827276439363,False,False,485b3305857c7f4db226ddca511c724ba65881f88a862d662d011685bcf84207,10270043886736949416,18411277709125845891,False,,310
val/Clean/Clean (57).jpg,val,Clean,Clean (57).jpg,178788,False,,264,349,RGBA,PNG,0.0243865380232469,False,False,8de911a6c9121d866ca82e2ce87ab4112f152e1fe8d702a9de7235d201bb4d48,17767424638152448409,18446743526109610112,False,,311
val/Clean/Clean (58).jpg,val,Clean,Clean (58).jpg,1476290,False,,3936,2624,RGB,JPEG,0.0055922376948404,False,False,7ca76d5a703719a918986fe3692cefbf3f1bea48a5747c5e978a585bd2bf1a7d,7584772360685050262,18446744071713193984,False,,312
val/Clean/Clean (61).jpg,val,Clean,Clean (61).jpg,109651,False,,720,960,RGB,JPEG,0.0077372573245698,False,False,453bca8572d72b951c2cb227324e8555912137fbdd06c5ab070f50c627f72910,1746548919019149024,18157354266858160320,False,,316
val/Clean/Clean (65).jpg,val,Clean,Clean (65).jpg,768060,False,,1536,2048,RGB,JPEG,0.0018180199826431,False,False,f66c4fd1e9131ca79ac52a35e974a486bc450ce9ec6e634616458730acff4fc1,17365597536155871408,18446673704965440391,False,,318
val/Clean/Clean (66).jpg,val,Clean,Clean (66).jpg,211929,False,,683,1024,RGB,JPEG,0.039183697980263,False,False,4ac38c9dd8bcd834c19bd49d0623676a77c7a417db75631047e7c3aa54e3a5b5,14050277715016633752,36295974024126257,False,,734
val/Clean/Clean (67).jpg,val,Clean,Clean (67).jpg,40223,False,,260,352,RGB,JPEG,0.001529636711281,False,False,14d82c567ee81cc43e07a78e7085568dd4668d28b63eaecc754c569dd83e89a5,17869223184217993671,18372981105809752064,False,,319
val/Clean/Clean (68).jpg,val,Clean,Clean (68).jpg,6087799,False,,4864,3648,RGB,MPO,0.0095599759984756,False,False,1342af9304a4ae612134deac1e48adb0cf80e7b3fa4bb2f0ca020739b146711b,882987002080023113,9187078287648686080,False,,28
val/Clean/Clean (69).jpg,val,Clean,Clean (69).jpg,70218,False,,700,525,RGB,JPEG,0.0501142857142857,False,False,9da6d1fb198899b8d1609423f13760162a4b246b2b3e7abd187f389d905b2e2f,506418760270022565,18446602236715867143,False,,320
val/Clean/Clean (71).jpg,val,Clean,Clean (71).jpg,117116,False,,960,720,RGB,JPEG,0.0358405152770322,False,False,9ecf2f2e032be35527e6c8e0a657a608ddbd482a7ab05f7d0ccc44e8e60aa976,3585088074090062050,18446604437939093504,False,,323
val/Clean/Clean (72).jpg,val,Clean,Clean (72).jpg,93011,False,,720,960,RGB,JPEG,0.0129426896083773,False,False,ef9450a6459833153199f1ca2fcbbdf52dc5130a326d25c2a3588b3c697fe345,7506646228168267984,18446743523953737923,False,,324
val/Clean/Clean (73).jpg,val,Clean,Clean (73).jpg,115662,False,,720,960,RGB,JPEG,0.0022887698368491,False,False,3b1c5f276376771d2e9b2aac2845fdcea14b0d573b3991cd9d3ec42078117712,12358721802446372023,18446496713708437756,False,,735
val/Clean/Clean (74).jpg,val,Clean,Clean (74).jpg,3828431,False,,3892,2586,RGB,JPEG,0.0175550974533598,False,False,8405fd700fb22b16fd21a97a27a217e820972dc94d7bb55131d402d32aabcf35,7372054552869903837,4611915785213907072,False,,292
val/Clean/Clean (76).jpg,val,Clean,Clean (76).jpg,2245063,False,,2592,1944,RGB,JPEG,0.0745572602648381,False,False,715e2f5736e066a2b14e647ef18f4e38ba8aa7480b4cb6e8fb532d34f697a956,10585117791541972616,72057594037927680,False,,29
val/Clean/Clean (77).jpg,val,Clean,Clean (77).jpg,108886,False,,720,960,RGB,JPEG,0.0019950781321207,False,False,4dcf10f45e5f36238139cb70a87645b414156424f01ec08262e39e0ce58b675a,13165941258946634948,18383974062998225152,False,,326
val/Clean/Clean (78).jpg,val,Clean,Clean (78).jpg,810553,False,,1536,2048,RGB,JPEG,0.0086873317163265,False,False,f41914779905c81632c4851e26d50343765409357ba1a80c26424b1e31b6456f,17293521297495126934,17940353823063204080,False,,327
val/Clean/Clean (79).jpg,val,Clean,Clean (79).jpg,243064,False,,1131,1882,RGB,JPEG,0.0123159189418504,False,False,5f8c647d6254fc7a2b7d4c3c99d8370fa4818ba9d3dadb17509536b83db5378e,17023143925404905670,18438018349431531519,False,,328
val/Clean/Clean (8).jpg,val,Clean,Clean (8).jpg,99003,False,,700,467,RGB,JPEG,0.0014775160599571,False,False,4b2a49407caf74b6b29668bcfa5cde3c9573df9d545c9e97eef3a1492472b623,3624715398148804241,8600536525590561075,False,,329
val/Clean/Clean (80).jpg,val,Clean,Clean (80).jpg,97308,False,,720,960,RGB,JPEG,0.0146845852364218,False,False,0b9b42afb84c4732bdd6975a795ce5d762426a72ee9c88d3bb5b6a957508f4a3,8202079532597945508,18446462594555314176,False,,736
val/Clean/Clean (82).jpg,val,Clean,Clean (82).jpg,89775,False,,720,960,RGB,JPEG,0.0020052054322838,False,False,2aff2ea25a14ceebe191b57d2546d050cccd928086191cf2e97254748d1e8dff,3661369818397707653,567111333290508287,False,,331
val/Clean/Clean (84).jpg,val,Clean,Clean (84).jpg,760679,False,,1536,2048,RGB,JPEG,0.0023921315561093,False,False,0006d87a5ea3f4fe4f96f25e08918984117618bd6f4344f9a5b42ba1a1c36253,11391666000105090015,17383893459739344896,False,,737
val/Clean/Clean (86).jpg,val,Clean,Clean (86).jpg,1617087,False,,3000,1687,RGB,JPEG,0.0001715076071922,False,False,5e1723150f6583a28251895ba977fc766fa397840b6eaa9a96cefe2951086a6e,18346665901937454836,17940336371537313792,False,,333
val/Clean/Clean (88).jpg,val,Clean,Clean (88).jpg,449147,False,,1440,1440,RGB,JPEG,0.0039125136296581,False,False,0a53f02810ed0bc33e47353ec7fd3415c0ed40d733c060d82088aa5d02c9f9fe,12454567439152812432,9853945803674944256,False,,334
val/Clean/Clean (89).jpg,val,Clean,Clean (89).jpg,179702,False,,960,960,RGB,JPEG,0.0007291619195187,False,False,a687f1d5350b2439c44f5ac65f31bc1c5b7d89ed444aaba86f49fa53a8d7fdc9,11247198046831260688,18157809129689776129,False,,335
val/Clean/Clean (9).jpg,val,Clean,Clean (9).jpg,88851,False,,600,400,RGB,JPEG,0.0023041474654377,False,False,600547e8076b06743a34afeffcc639672d83ea8944c1473a6e056a2d45668eb6,17761558281810311212,18443336585037923136,False,,336
val/Clean/Clean (91).jpg,val,Clean,Clean (91).jpg,529391,False,,1440,1440,RGB,JPEG,0.0095027833196614,False,False,c066c76eeb032c4cef440982b9516f64948aab8c5b0f21e7d20367d0129ba8f1,2574681414971196052,2738468942366376193,False,,337
val/Clean/Clean (92).jpg,val,Clean,Clean (92).jpg,148410,False,,960,720,RGB,JPEG,0.0026533526427189,False,False,395955f954903cd8db2723f8425dbea533bc8e4b359b9f040722902b1bf90500,17780859979833059436,18163017189819482112,False,,31
val/Clean/Clean (93).jpg,val,Clean,Clean (93).jpg,268910,False,,1536,2048,RGB,JPEG,0.0025590244553728,False,False,e7f2a0da1f0f741cfd52d7bf780c5840a67dd683288733ee50fbbf1523a35bf0,7247673649405675736,18446742974197923840,False,,338
val/Clean/Clean (95).jpg,val,Clean,Clean (95).jpg,656976,False,,2048,1536,RGB,JPEG,0.0078172634014998,False,False,a5e3041862519a21addd9e1f7555e1e1eed37965f69fc19ed498a1b538c9acb8,3613721994782614564,18446743107341910016,False,,738
val/Dusty/Dust (102).jpg,val,Dusty,Dust (102).jpg,374707,False,,1374,1374,RGB,JPEG,0.0022580896339225,False,False,08e43f108936b6aaec97418ff38dabed324f22819a4e382516320cce23618225,3113114954437902591,6944866460120317952,False,,348
val/Dusty/Dust (103).jpg,val,Dusty,Dust (103).jpg,377400,False,,1374,1374,RGB,JPEG,0.0014052807409796,False,False,29bd1421e612b301c14be2b47aabea74c90e1a6c89fd0e67f332ea2de14fbddf,4340588348501974089,8170076174872182976,False,,349
val/Dusty/Dust (104).jpg,val,Dusty,Dust (104).jpg,439576,False,,1440,1440,RGB,JPEG,0.0060662527976666,False,False,944e7c0c4320757a04d3db4998b91341a95e182dfecd5b86a65b88eeae4471fc,16597483206692417879,17898448682299418495,False,,350
val/Dusty/Dust (105).jpg,val,Dusty,Dust (105).jpg,2781221,False,,3648,2056,RGB,JPEG,0.0029296200546912,False,False,ba70074c054e6f911dfb6daf696872e45c92c245b6d95d6e6d44a90627438a03,7709466339850,18410500317922721792,False,,351
val/Dusty/Dust (111).jpg,val,Dusty,Dust (111).jpg,772615,False,,2048,1536,RGB,JPEG,0.0087941431718551,False,False,4d25c8a92a9165f0636b8ce6a6343de7636e5b47dffb492a61911c5225ab0948,9025072889740194146,18445865301942929167,False,,357
val/Dusty/Dust (112).jpg,val,Dusty,Dust (112).jpg,715074,False,,2048,1536,RGB,JPEG,0.0044682792229466,False,False,5d531829dc067b38d4ee3fe475d14201883819adfc6d599b5ffd6963472b349c,2296272778350360808,18446743800979128320,False,,358
val/Dusty/Dust (113).jpg,val,Dusty,Dust (113).jpg,967642,False,,2048,1536,RGB,JPEG,0.0099890963305814,False,False,2160b8bd571a556e0a3d12d1d0a20723ef08724d070d3a16dc2b016b0a8fa01e,4331370043408269038,18445613981914628096,False,,359
val/Dusty/Dust (114).jpg,val,Dusty,Dust (114).jpg,126047,False,,828,1472,RGB,JPEG,0.0198372358816198,False,False,eb5d7b5ab34cce45678812cd1f8fa2ff1cd073e79671946bb7c43d44d133bc11,18222064950713251328,17403895908650582047,False,,360
val/Dusty/Dust (115).jpg,val,Dusty,Dust (115).jpg,193940,False,,960,1792,RGB,JPEG,0.0027180989583333,False,False,5771ff73d1b2787ebe6811027c64ac73da87406ec6ae287bc7c184ce880f83b2,4038681458003423511,17544190705197580288,False,,361
val/Dusty/Dust (118).jpg,val,Dusty,Dust (118).jpg,62653,False,,455,850,RGB,JPEG,0.0120361990950226,False,False,8eab8bf97163456a2d52d18ea67488e65e3ff336ba9f0781e6dfc924121c9715,12725357831117968594,17848812868452647297,False,,364
val/Dusty/Dust (12).jpg,val,Dusty,Dust (12).jpg,197413,False,,740,416,RGB,JPEG,0.0057528764382191,False,False,43f5a54f3d4527da0513c5d3fa4c5bfcd6926516933e7909b69ce6c5f1b6b5aa,506459954273537638,18446743452219101280,False,,739
val/Dusty/Dust (123).jpg,val,Dusty,Dust (123).jpg,82110,False,,514,960,RGB,JPEG,0.0088236963059637,False,False,eb4c9c12c56f803213a2f84af749367d16d8c73ba19bef62950bb2b25a6c175c,14154425229037113498,16140337027915756448,False,,368
val/Dusty/Dust (125).jpg,val,Dusty,Dust (125).jpg,119979,False,,720,960,RGB,JPEG,0.0855149225767902,False,False,c91f84412998a7a9edd2546a79b99e06eb55d0cb17fd4b4b8ab4802f27484b61,2765846253757761927,18429018428520989440,False,,370
val/Dusty/Dust (126).jpg,val,Dusty,Dust (126).jpg,88499,False,,960,720,RGB,JPEG,0.0189380513049026,False,False,ff5553f9e5ab3fa9b8ba949badfefa02fefc5f3cbf8c1883996d8cea70e81b0f,9935942705801323459,26632974696447,False,,34
val/Dusty/Dust (127).jpg,val,Dusty,Dust (127).jpg,711257,False,,1600,1200,RGB,JPEG,0.0048635366004827,False,False,9c96185c886f741038cc90cf9376748e97ca98f3f700baadbb34ca4b4bef141e,11060840660494548939,18446674254733834495,False,,371
val/Dusty/Dust (128).jpg,val,Dusty,Dust (128).jpg,618275,False,,2048,1536,RGB,JPEG,0.0130599256770288,False,False,70d5d34343d72bd3dfdbbc4a4b9a067e8de4e799d38861de2ffd8d0ae95c45ad,10337687454823136831,18445896285291544688,False,,372
val/Dusty/Dust (130).jpg,val,Dusty,Dust (130).jpg,97187,False,,960,720,RGB,JPEG,0.0212166938415887,False,False,374661c571f1df4026e21fa518d474f6e82e5d3153ab853887f2e1374f4a6ee8,4136350734541841584,152840053083718113,False,,375
val/Dusty/Dust (131).jpg,val,Dusty,Dust (131).jpg,74178,False,,960,720,RGB,JPEG,0.0152719686458786,False,False,80dd799836aae9e5daedb14c67900149398efb9b420b7b981a17fdb2f1128c4a,18446496748534030706,18446743516169208775,False,,376
val/Dusty/Dust (132).jpg,val,Dusty,Dust (132).jpg,106305,False,,960,720,RGB,JPEG,0.0153934962478352,False,False,d8eda1f92634a966b9b8d91f804a23cc785fcfaa021a68fd8ad29c9726d2e22a,12894524600608486847,63613344669548776,False,,377
val/Dusty/Dust (133).jpg,val,Dusty,Dust (133).jpg,347212,False,,1078,1440,RGB,JPEG,0.001627886002886,False,False,c0ef5120ebdf48abf8cae96478a477723e52675752119dbf0c9237c2ba7c921a,3483794581753550984,18410710384722837791,False,,740
val/Dusty/Dust (134).jpg,val,Dusty,Dust (134).jpg,360908,False,,1078,1440,RGB,JPEG,0.0039592352092352,False,False,4796e0d1db08d302f5c69ebacb0ba15a1df103d2c877682b3530aff634e44471,2377971661653198418,18392427106236696640,False,,35
val/Dusty/Dust (135).jpg,val,Dusty,Dust (135).jpg,1653946,False,,1500,1101,RGB,JPEG,0.0207350516468937,False,False,d56477f4530613f23283d0f91ccfaef35f9523eb8b4349557267b1bbb97db763,6237022126552459593,18446744071561019136,False,,378
val/Dusty/Dust (137).jpg,val,Dusty,Dust (137).jpg,470870,False,,1440,1440,RGB,JPEG,0.0038112406280276,False,False,c39740af92a1777dad3fc297b544640678b26fa8f0dcc874ee547980172519a0,8046612514200797331,18158794071966023844,False,,741
val/Dusty/Dust (138).jpg,val,Dusty,Dust (138).jpg,231385,False,,1080,1080,RGB,JPEG,0.0077177442101915,False,False,ada8ad243881bfeb7518346c3a0df15aba407e76da9461037ac78826d0ef7ee6,14060822457354338710,148478037065928511,False,,742
val/Dusty/Dust (139).jpg,val,Dusty,Dust (139).jpg,236866,False,,1080,1080,RGB,JPEG,0.0001920434018088,False,False,2860452e67b26aa1e40fde734a88bdb37e29b6759339c31d525e6669a9c37eb2,10240753444560158061,4575653856301547520,False,,380
val/Dusty/Dust (141).jpg,val,Dusty,Dust (141).jpg,213021,False,,1080,1080,RGB,JPEG,0.0018724231676358,False,False,7fc637efa4cdecd5bc8e4aa3a9028c7776b90bedcd4a305697bc3fe15381e930,18412687115610755279,18230570531520774144,False,,383
val/Dusty/Dust (144).jpg,val,Dusty,Dust (144).jpg,262066,False,,2048,1152,RGB,JPEG,0.0112478229780769,False,False,f14cffade603d6d0200e22fa2ec75cf46b14773cd365207193ef66e24ded6371,14128576671125651608,18446638001019879681,False,,386
val/Dusty/Dust (146).jpg,val,Dusty,Dust (146).jpg,485610,False,,2048,1152,RGB,JPEG,0.0017386505579406,False,False,2ef52d41411b0d66ecb17e47fbd430e5765467d686aabd2a7835e926d746dca1,5660757794964994442,7946702907765511,False,,388
val/Dusty/Dust (15).jpg,val,Dusty,Dust (15).jpg,129097,False,,660,440,RGB,JPEG,0.0190907776117244,False,False,b4bd893496f0b3deacfcfe91e9214be0b66ec2e666e823f03d16f3f54bea4565,1082568355969438557,18445896337292525568,False,,392
val/Dusty/Dust (150).jpg,val,Dusty,Dust (150).jpg,639789,False,,2048,1152,RGB,JPEG,0.0341469782787359,False,False,fcf8b68ab29c7610b927cf5a1f1da87d655d0841beef2464071a76151194e0bc,14780574749921797534,810223492231843839,False,,393
val/Dusty/Dust (152).jpg,val,Dusty,Dust (152).jpg,331823,False,,2048,1152,RGB,JPEG,0.0142563411790187,False,False,5c20a071e682e30cd608ad372ab2f1d380f8266adf381e13b3f750b4331597f9,177582729148334529,18445830084252012038,False,,395
val/Dusty/Dust (154).jpg,val,Dusty,Dust (154).jpg,808756,False,,1536,2048,RGB,JPEG,0.0254767573822292,False,False,84e5bf0d97dcd27d29f2d4d210247607649a7c2c9666d50d664055bc41fe2ffc,5122896475323149491,1116891607589715968,False,,397
val/Dusty/Dust (155).jpg,val,Dusty,Dust (155).jpg,881316,False,,1536,2048,RGB,JPEG,0.0300496228220476,False,False,706b837d1c3d8a7269a2c70a5b68c85511d12d73757dbae6de0b4cc5aa3603f6,865677445729120408,18446495796690944240,False,,36
val/Dusty/Dust (157).jpg,val,Dusty,Dust (157).jpg,181652,False,,960,960,RGB,JPEG,0.0128970514514879,False,False,e3e97dc6affc43df8fd1f9af1c492ccd19ad759985ef436b84fef4dc5f86d8d2,7207196945968654843,1089658890957734598,False,,399
val/Dusty/Dust (159).jpg,val,Dusty,Dust (159).jpg,561815,False,,1536,2048,RGB,JPEG,0.0021829591223658,False,False,b69ca0507dbe7c971b1c6d218f6f9fb095ffe1116d14aaa7c051f857abf78a36,17723895384657286229,18446739426101952512,False,,37
val/Dusty/Dust (160).jpg,val,Dusty,Dust (160).jpg,673965,False,,2048,1536,RGB,JPEG,0.0069716727118983,False,False,3e7afec50f2de685355d710631370fc40883732dfdeb44bb416caa2df9f31c65,17573574769473790096,17277781806866826023,False,,401
val/Dusty/Dust (161).jpg,val,Dusty,Dust (161).jpg,199924,False,,720,959,RGB,JPEG,0.0038523925385239,False,False,fc62b9f75ad11c7c1e3f142b950b85ed5609af0424c9cdc74265094c14e3145d,12884409856516736251,18446744008211300578,False,,743
val/Dusty/Dust (164).jpg,val,Dusty,Dust (164).jpg,8056,False,,285,177,RGB,JPEG,0.0013875398917718,False,False,55dd0177f7d033b7764cb5b3eb76b295d434d497d4fc6617d3e0fd8fa3c9b3bc,11031666576352611851,3674926299091638272,False,,404
val/Dusty/Dust (165).jpg,val,Dusty,Dust (165).jpg,101393,False,,1200,787,RGB,JPEG,0.0243709001964199,False,False,430afd50e324c1a563c388e0bdbadb3637beebffb56cec5291173f5b3775af27,11664350185836390673,18430700000047464448,False,,405
val/Dusty/Dust (168).jpg,val,Dusty,Dust (168).jpg,1862134,False,,1500,1101,RGB,JPEG,0.0667446562313238,False,False,6e72f3df424fc28ee23a2f234bf71e5653d6c9afb393f73c4a1c294c26823d59,7948704572557244512,18446743945130016768,False,,407
val/Dusty/Dust (17).jpg,val,Dusty,Dust (17).jpg,5425115,False,,4032,2268,RGB,JPEG,0.0098854227905153,False,False,c3a2b5bd2e4e831827ee4b25714b96ecd3137c7f5268704f843f6f7c74c1c074,8667277370288888283,16199677592365744320,False,,408
val/Dusty/Dust (172).jpg,val,Dusty,Dust (172).jpg,85548,False,,800,533,RGB,JPEG,0.0096856275137486,False,False,30999f263f76052d0789c764d81b2894084d753271d7474ced288e988c03a7ac,9119570432317762889,17942340891821735936,False,,38
val/Dusty/Dust (174).jpg,val,Dusty,Dust (174).jpg,161114,False,,500,333,RGB,JPEG,0.0204742285377953,False,False,2bf386527fd12fb0e1f82cbaa7dcd9df839c66607eca8f55f831488826fd37b1,8756073509295966234,18446469110844756784,False,,744
val/Dusty/Dust (175).jpg,val,Dusty,Dust (175).jpg,325899,False,,1300,866,RGB,JPEG,0.0421876651598903,False,False,cc705803c9033c286ab3ba6b3b11ec53f87a5eae6933b70b3ac19ee403c4f5d1,225206662779832142,9223159895652973624,False,,745
val/Dusty/Dust (176).jpg,val,Dusty,Dust (176).jpg,38490,False,,474,355,RGB,JPEG,0.0058238695453221,False,False,a49eb5181327af4a043773af6bbf7d1d370ca62624895b1ae662a64c8f455027,12464976540528238748,54290572759753713,False,,411
val/Dusty/Dust (177).jpg,val,Dusty,Dust (177).jpg,353468,False,,1305,734,RGB,JPEG,0.0003507771907131,False,False,1522ce0f8f8a9b35bf30d606ae34f05c0e91cb452375d9d6083d493567ca1332,15598784958588699530,18446744071545783820,False,,412
val/Dusty/Dust (181).jpg,val,Dusty,Dust (181).jpg,12129,False,,194,259,RGB,JPEG,0.0153246029534689,False,False,392872832acdcd80e52152d56ed7dc8fcb10990e0f6b0480cb7208355a6c77fd,16237682945326390303,18446389748406825072,False,,40
val/Dusty/Dust (183).jpg,val,Dusty,Dust (183).jpg,10559,False,,259,194,RGB,JPEG,0.0427695736974087,False,False,87074bfeaebfa2294ff0e7386bfec3302ed801ed9b9d57420f53ef0567a460fb,14305807880814645472,15996785874289295360,False,,418
val/Dusty/Dust (184).jpg,val,Dusty,Dust (184).jpg,10559,False,,259,194,RGB,JPEG,0.0427695736974087,False,False,87074bfeaebfa2294ff0e7386bfec3302ed801ed9b9d57420f53ef0567a460fb,14305807880814645472,15996785874289295360,False,,418
val/Dusty/Dust (185).jpg,val,Dusty,Dust (185).jpg,8704,False,,265,190,RGB,JPEG,0.1249826219936049,False,False,59e2e6284fca25fbda589aa6cca93a071ec738e2564f825a7de3484b6b41384c,9238918587076108419,18374932904963735743,False,,419
val/Dusty/Dust (187).jpg,val,Dusty,Dust (187).jpg,15367,False,,278,181,RGB,JPEG,0.1439699540965363,False,False,8489abf5495e2bbed4230369cdcbd67484f0afb6669043ce1043ecdeca3793e2,8700954827449999745,17547997775953072127,False,,142
val/Dusty/Dust (188).jpg,val,Dusty,Dust (188).jpg,67719,False,,612,459,RGB,JPEG,0.1409917767256416,False,False,e40abac9c74d2989cc93593b541928f9deb9ea2e81c65759235e69c9af319726,10314589567927202201,1765410776631673616,False,,406
val/Dusty/Dust (189).jpg,val,Dusty,Dust (189).jpg,56109,False,,612,408,RGB,JPEG,0.0005606795436068,False,False,60438d2d694558663b095d2fe748e919cf21326a710a7cdeba5aef611adfa3ef,13099764511091812825,18446459289477513730,False,,420
val/Dusty/Dust (2).jpg,val,Dusty,Dust (2).jpg,636669,False,,2000,1333,RGB,JPEG,0.0937252204233598,False,False,0a2c965a6a7faa00a7cf9e4a1582e0200bc1fd31f2a5e6c2e785247cb3a17b2f,5968061986142986912,18446743572054474752,False,,421
val/Dusty/Dust (20).jpg,val,Dusty,Dust (20).jpg,198898,False,,343,280,RGBA,PNG,0.0639941690962099,False,False,9ec3cf4a30b2a67e2b72efe3b022ed534a646251d09e9b5e8f64c4bfb0a8f43d,3979382801881180264,9007199258935551,False,,422
val/Dusty/Dust (21).jpg,val,Dusty,Dust (21).jpg,72979,False,,480,360,RGB,JPEG,0.0262902049744794,False,False,358931d3d9a7ce51a4f702354cfd6eef6fcd6afac198d2d691d42f06c2ccea1b,10399606282654884512,18446743554069037056,False,,746
val/Dusty/Dust (22).jpg,val,Dusty,Dust (22).jpg,58665,False,,641,360,RGB,JPEG,0.0047624825577868,False,False,a55cae9034f9774d2f49b2c9407c5c51721a2f2deb42b5efbda461e8b44bd298,9133158754900936421,18446742961181949952,False,,423
val/Dusty/Dust (24).jpg,val,Dusty,Dust (24).jpg,888273,False,,887,675,RGBA,PNG,0.0107443910537453,False,False,ed9986ad9b709fb1ca126013f11ef76eea97970f6f7564b19b4ab2e96f22c3bd,3185195258301845815,18120514577522163200,False,,424
val/Dusty/Dust (25).jpg,val,Dusty,Dust (25).jpg,3427228,False,,3648,2056,RGB,JPEG,0.0693925168226828,False,False,57c3c285908783bc66aba5277b009bf102953779ca4540be08528b3a1870ab7d,18410535286169721317,18446744069968232448,False,,425
val/Dusty/Dust (26).jpg,val,Dusty,Dust (26).jpg,2781221,False,,3648,2056,RGB,JPEG,0.0029296200546912,False,False,ba70074c054e6f911dfb6daf696872e45c92c245b6d95d6e6d44a90627438a03,7709466339850,18410500317922721792,False,,351
val/Dusty/Dust (29).jpg,val,Dusty,Dust (29).jpg,129744,False,,1024,538,RGB,JPEG,0.0178648573098523,False,False,289d4d0e634f99653714d50592f3ea4780812617cd26223fdb6d477d7b190e13,10606311513113543892,520025019469725696,False,,427
val/Dusty/Dust (3).jpg,val,Dusty,Dust (3).jpg,569732,False,,1536,2048,RGB,JPEG,0.0330648212020739,False,False,019c82683f7a4e35e05a71ee3e9fda1e0045c1b2acc429e075d167a6f49d865f,4576652865820944696,18230289812526202880,False,,416
val/Dusty/Dust (30).jpg,val,Dusty,Dust (30).jpg,383162,False,,1300,955,RGB,JPEG,0.1404503884797979,False,False,830f0f8a4a5ebeb3571f72c70a172a255d8fab0281ad8dfbbdfaa97cc00e1045,16850980434974816982,15632243865021771776,False,,428
val/Dusty/Dust (34).jpg,val,Dusty,Dust (34).jpg,1878022,False,,1371,2048,RGB,JPEG,0.0007977742099542,False,False,e17867b12ab84929f1074a0ceb0172dc7913b5c4173d3def93fd1f92757ce750,14487353444871151906,10313067222117320516,False,,747
val/Dusty/Dust (37).jpg,val,Dusty,Dust (37).jpg,1672318,False,,1200,675,RGBA,PNG,0.0401849371300177,False,False,2c8ebb8b5f1d1153c8755792fc5b9c0c97aee16207b215a367e8abd6bc3ae2d2,4548498486349907127,18374403958615574532,False,,432
val/Dusty/Dust (38).jpg,val,Dusty,Dust (38).jpg,305003,False,,332,453,RGBA,PNG,0.0,False,False,83fe56c3dca3f67d0086bb5bb68e55a3fae7d4fa4df4a6536f1cb04d3947e5da,5219309896903471290,18446722238112407584,False,,433
val/Dusty/Dust (39).jpg,val,Dusty,Dust (39).jpg,48290,False,,149,250,RGBA,PNG,0.0148440435926343,False,False,03c1a40bda852b10877594526fe20b830aec4d0845a7e45aa7f1a7a9f203abf4,6972702839656491530,18446473589554216705,False,,748
val/Dusty/Dust (40).jpg,val,Dusty,Dust (40).jpg,304695,False,,2000,1333,RGB,JPEG,0.0107861722741809,False,False,aab0f6616be23bb642a3d7f4f484e59bab5980ac68f25a7c0bbbf7e8db40c775,229242494652345215,18446741843153141760,False,,749
val/Dusty/Dust (43).jpg,val,Dusty,Dust (43).jpg,88622,False,,720,960,RGB,JPEG,0.0246295939965364,False,False,109fa4aab97f4761c7cfe5767dce5fb2d243c0dcdd5bff9017133555aa31f7d6,11393970171283529832,12752222443402215616,False,,750
val/Dusty/Dust (46).jpg,val,Dusty,Dust (46).jpg,84341,False,,720,960,RGB,JPEG,0.05828261243835,False,False,27ddd3d75c825262a368a3c662f0b9dcafc5a6de66ea741a9c734b2b94bb4453,4411623230419862032,8891227994471730945,False,,42
val/Dusty/Dust (47).jpg,val,Dusty,Dust (47).jpg,90207,False,,720,960,RGB,JPEG,0.0779397020548292,False,False,22df82e8d1fa28c00760d8624ebc4d8d0b8d20e35108a73b03aa16baa7c8a097,3102083881712282980,9223372034707292160,False,,439
val/Dusty/Dust (5).jpg,val,Dusty,Dust (5).jpg,35709,False,,165,220,RGB,JPEG,0.001735441573467,False,False,5eb658a6668ac1ecfe790a1ec64be0cb80a72d4846500a9efb01a9d29a21be3f,11306504601895425685,1002754604437504,False,,442
val/Dusty/Dust (51).jpg,val,Dusty,Dust (51).jpg,107047,False,,720,960,RGB,JPEG,0.0312528483031708,False,False,f76c09afb88237b79bb1f6fcb6a242f2e003629a8f4ee0ea5fb1987a89a91d0f,2034231785877341936,35746768419032327,False,,444
val/Dusty/Dust (52).jpg,val,Dusty,Dust (52).jpg,104627,False,,720,960,RGB,JPEG,0.1147625654476773,False,False,bee814d89f5023b083663c6d4b64f1ae2b35214b7d8fab3b995ef9ca4c23aa1b,13513476749132861584,17347794912761970816,False,,445
val/Dusty/Dust (54).jpg,val,Dusty,Dust (54).jpg,155136,False,,720,960,RGB,JPEG,0.0219154775528391,False,False,85457784111c5b3c7f586820dc1b8a693780ef532b6907514756b4a8ee29a103,7379706308337249323,9223231299366420736,False,,447
val/Dusty/Dust (55).jpg,val,Dusty,Dust (55).jpg,88982,False,,720,960,RGB,JPEG,0.0264322534255592,False,False,76696a2d0ec0f367418e64b376f88f1af6125894bc1004db9f75cc9b32244168,10986521381816627890,12682383807698159615,False,,448
val/Dusty/Dust (57).jpg,val,Dusty,Dust (57).jpg,46788,False,,720,960,RGB,JPEG,4.050920065219813e-05,False,False,996c29c214215bd778bbb707ac9382b75c58e4a454b469adddf8bf5fc4f393e6,18014397405658149351,18444704206918092686,False,,450
val/Dusty/Dust (62).jpg,val,Dusty,Dust (62).jpg,82534,False,,720,960,RGB,JPEG,0.0148972585398458,False,False,d1e399a37af2ef30d75ae65d8f857eade788b21b90e819fb483655acef5e9465,7097884964218009848,17275671285707407843,False,,456
val/Dusty/Dust (63).jpg,val,Dusty,Dust (63).jpg,109372,False,,720,960,RGB,JPEG,0.0157175698530528,False,False,33d49d248d088a50121edb681c2fd8aaab2c6de0d85af3b23e1a826e9b0d97d0,11024265982439907490,9791102733405767679,False,,457
val/Dusty/Dust (64).jpg,val,Dusty,Dust (64).jpg,107992,False,,720,960,RGB,JPEG,0.0162036802608792,False,False,522ef03b4101c6f86b40b49fec44712fdc1fac8d6c7efd11c4f59b04bf51f7d3,18201414785294032967,13848709041829838847,False,,458
val/Dusty/Dust (65).jpg,val,Dusty,Dust (65).jpg,113176,False,,720,960,RGB,JPEG,0.0516188489310634,False,False,7edd41ef3d86fe5c71c63dc4d87d7d1d928ea55ca6efa9f7daf83a628d8ef084,14715830136128433008,11034665970617679871,False,,459
val/Dusty/Dust (66).jpg,val,Dusty,Dust (66).jpg,589083,False,,1536,2048,RGB,JPEG,0.0039052938427646,False,False,80ab7631c736198d0a634985c3df395a54fce6e2202650b1bb04d7af3265199b,78657935836893851,18410713636029923328,False,,460
val/Dusty/Dust (67).jpg,val,Dusty,Dust (67).jpg,112167,False,,960,720,RGB,JPEG,0.0453703047304619,False,False,1be63114272d308b0a07f7e076759d0354fb79274ba384a0227e2f8da413f6d8,2391565911495770480,4855225353909473279,False,,751
val/Dusty/Dust (68).jpg,val,Dusty,Dust (68).jpg,119045,False,,720,960,RGB,JPEG,0.0066435089069604,False,False,5b9aa9a102ff69dd44640cb65c9ca1ed33920549094fd7c4e40eff856c33c47e,4608455955229303499,17347882794342207375,False,,43
val/Dusty/Dust (70).jpg,val,Dusty,Dust (70).jpg,100564,False,,960,720,RGB,JPEG,0.0034432820554368,False,False,2eda3f834e9605ca25de1bd14ea2c820a514ef9a18f2aa1cee2cc36297ad92c5,13128282219309297919,18223286464405241856,False,,463
val/Dusty/Dust (73).jpg,val,Dusty,Dust (73).jpg,101952,False,,720,960,RGB,JPEG,0.0084259137356572,False,False,c22326135ee099a6d4e885ae3d50e6aed0ed520d5cb35d1db0c671d987a59772,7921137991785462075,18431855669224350466,False,,466
val/Dusty/Dust (74).jpg,val,Dusty,Dust (74).jpg,1186157,False,,2048,1536,RGB,JPEG,0.0059769910322882,False,False,73f8b668580d8bd06b1c0bcb08a9577624c125407208a8a66efcc13c791fdc80,14186612586479652326,9331952104336080847,False,,467
val/Dusty/Dust (77).jpg,val,Dusty,Dust (77).jpg,110611,False,,720,960,RGB,JPEG,0.0056409061908185,False,False,cb056a3a75770f63c9b64995ed327686a71db61f0e9bf55aa6f59f4e5f2df389,5538801665756814,18410431669271035935,False,,470
val/Dusty/Dust (78).jpg,val,Dusty,Dust (78).jpg,1212569,False,,2048,1536,RGB,JPEG,0.0208504862146465,False,False,1303460cb637de2e67375054b841e9b10c50a7472a24725623ee444000422c39,14952798490630029312,17941847299265595137,False,,471
val/Dusty/Dust (79).jpg,val,Dusty,Dust (79).jpg,86694,False,,720,960,RGB,JPEG,0.0080613309297874,False,False,ed67457f3795c52e9ec33a4b61a607c2981e235dfb1cd18accc0b6877bdd2a2e,13042112194877602360,16208736267073020147,False,,752
val/Dusty/Dust (81).jpg,val,Dusty,Dust (81).jpg,429348,False,,2048,1152,RGB,JPEG,0.0367935248618128,False,False,35070098e951545190a3440176ddedc810a396f91f36e7a4b46de31950a8e3a8,7113576378883370584,504407006539217399,False,,474
val/Dusty/Dust (85).jpg,val,Dusty,Dust (85).jpg,237471,False,,2048,1152,RGB,JPEG,0.0411015805104986,False,False,5751853d55e3b114094bf905aed8e49a7fb43084062ecef521e1c02756b7c0df,15924595928063538099,17363908734375460864,False,,477
val/Dusty/Dust (86).jpg,val,Dusty,Dust (86).jpg,273232,False,,2048,1152,RGB,JPEG,0.0796752936568924,False,False,aa21162eef15debabe89961bc428a19765bf8efc3614d88d7eef41bf9cb28bf2,17632117551103306233,13872198428437955456,False,,478
val/Dusty/Dust (91).jpg,val,Dusty,Dust (91).jpg,349844,False,,2048,1152,RGB,JPEG,0.0134938271971232,False,False,b20c3d4457fe32eafab6357b3c50654400383417507d08049c1c5b5a95e1424c,3208417974758010307,8794158038777606,False,,753
val/Dusty/Dust (94).jpg,val,Dusty,Dust (94).jpg,430865,False,,2048,1152,RGB,JPEG,0.0011037167364401,False,False,a82995dca9bb2ed7a116cf963e328e0560b9977cecf374e1abca29dea20ab0dd,14839907791031826687,144396663037821180,False,,754
val/Dusty/Dust (97).jpg,val,Dusty,Dust (97).jpg,408285,False,,2048,921,RGB,JPEG,0.0026683094645196,False,False,799f4236e8b4df73841066bdae2c20244980e449e2b4f8046185e2a1a365693a,14114135470471975703,11529215013590007808,False,,486
val/Dusty/Dust (98).jpg,val,Dusty,Dust (98).jpg,2736911,False,,3024,3024,RGB,JPEG,0.0106539658044287,False,False,916a7a8830af97cb65b8cf94fcf9f04a0ddc98425a06c0b0eddf9b78573af19a,465164628779339347,18446464268417169662,False,,755
val/Electrical-damage/Electrical (1).jpg,val,Electrical-damage,Electrical (1).jpg,12775,False,,318,158,RGB,JPEG,0.0502925606018389,False,False,53c1fe99f67a27503feb5fae255269d7b1d147197104d7bf663e559b128228b8,5412443163031140472,18444933759059911008,False,,487
val/Electrical-damage/Electrical (10).jpg,val,Electrical-damage,Electrical (10).jpg,36891,False,,474,355,RGB,JPEG,0.0016639627272349,False,False,598ef680fbc173585a7ae1e265f805c55cb464382dea6f333ad2cdde9b587681,2820136288045445923,866395436155274255,False,,489
val/Electrical-damage/Electrical (100).jpg,val,Electrical-damage,Electrical (100).jpg,28530,False,,482,279,RGB,JPEG,0.006350197793046,False,False,46483cbf0452f029fd8bb652812ffc63a21aaeac726be724713d9d0fc8a9228e,9223361312688100050,18446744009016606720,False,,549
val/Electrical-damage/Electrical (104).jpg,val,Electrical-damage,Electrical (104).jpg,243007,False,,1625,916,RGB,JPEG,0.0151004265364954,False,False,c222d133cf051dc58dca00c9dd054a0d23b5c9bd7d416147a2361ac672a882cf,7702435531138027841,18440437655100456963,False,,47
val/Electrical-damage/Electrical (105).jpg,val,Electrical-damage,Electrical (105).jpg,52163,False,,384,512,RGB,JPEG,0.0035959696656816,False,False,de2390a17dc4bd755d19350407541446faea2356dc94a355949a28e299c8b69d,10851025925846253242,18445821277314806000,False,,491
val/Electrical-damage/Electrical (107).jpg,val,Electrical-damage,Electrical (107).jpg,501400,False,,2400,1600,RGB,JPEG,0.0110669155552962,False,False,138183ebf954e0a4a25f4d3b7c4dff37fbd58b9abd22b6726291f7b55e5f2bd5,1089641997466027823,2034567363230989948,False,,492
val/Electrical-damage/Electrical (110).jpg,val,Electrical-damage,Electrical (110).jpg,3378867,False,,3024,4032,RGB,JPEG,0.0049373530276308,False,False,5761859b24cd45fa3e2cb16999542e2d391573db34085ce8262bafc1441a8e34,2942795782863975201,216454257560045439,False,,495
val/Electrical-damage/Electrical (111).jpg,val,Electrical-damage,Electrical (111).jpg,60331,False,,622,415,RGB,JPEG,0.0202841956828289,False,False,596982d4c6bb62082802e1fbbc5a50506808689bb818bb0ab6f7cc113599e557,4693094998204330393,506381209866536707,False,,493
val/Electrical-damage/Electrical (114).jpg,val,Electrical-damage,Electrical (114).jpg,19311,False,,474,231,RGB,JPEG,0.0006393044367727,False,False,267580a653ee99ca73911507760da47f9b84bc0e58083eb90a7ee11139dd395f,17036110509335527038,264952178604256,False,,497
val/Electrical-damage/Electrical (115).jpg,val,Electrical-damage,Electrical (115).jpg,174204,False,,640,480,RGB,JPEG,0.0005924440596089,False,False,33535943c1711a2785a024921c5247df6d2c753f92bceeb406aefac083377a30,10849974810936972693,13093287931500556979,False,,545
val/Electrical-damage/Electrical (116).jpg,val,Electrical-damage,Electrical (116).jpg,311432,False,,1200,806,RGB,JPEG,0.0280954173059664,False,False,da979cc7b5ec5808f83aa9906335c038607aa8ed6ba54648869034969818c521,8212519723387965399,18443331706770429952,False,,498
val/Electrical-damage/Electrical (119).jpg,val,Electrical-damage,Electrical (119).jpg,14924,False,,300,200,RGB,JPEG,0.0043163789080727,False,False,151557af791c3d33fa98cb8bc50d1651563f1766ffc7e53b73e0eab5495c8bb7,9088307118522245415,8074742472384655230,False,,501
val/Electrical-damage/Electrical (12).jpg,val,Electrical-damage,Electrical (12).jpg,111401,False,,1200,800,RGB,JPEG,0.0098437397461044,False,False,1c18753d2788338cf6eefa600dc900eec52a1fc88549dbb7eb9ef4e144144ef4,9034568728416763554,8345012604496769063,False,,494
val/Electrical-damage/Electrical (121).jpg,val,Electrical-damage,Electrical (121).jpg,512903,False,,3024,2592,RGB,JPEG,0.3556009230681298,False,False,327224d60900d7cd268322e9e9bd6eb51b4630730a612545b7cf03c685b1e3fc,15914868930894158040,15263758807659168707,False,,48
val/Electrical-damage/Electrical (125).jpg,val,Electrical-damage,Electrical (125).jpg,73403,False,,600,450,RGB,JPEG,0.00176293684538,False,False,8892e6942bbaeacab6597914881c9a3a988f832f5460c755fc75665565fd5ced,15821583706718234722,13168454113768259648,False,,504
val/Electrical-damage/Electrical (126).jpg,val,Electrical-damage,Electrical (126).jpg,73403,False,,600,450,RGB,JPEG,0.00176293684538,False,False,8892e6942bbaeacab6597914881c9a3a988f832f5460c755fc75665565fd5ced,15821583706718234722,13168454113768259648,False,,504
val/Electrical-damage/Electrical (128).jpg,val,Electrical-damage,Electrical (128).jpg,37873,False,,384,402,RGB,JPEG,0.0002267265224685,False,False,4cf55bd27f478caf1e049831e2ec44f3015fb3f83ed5e0b75d0b567a001841f4,10199714905575495062,18415774370345253893,False,,505
val/Electrical-damage/Electrical (13).jpg,val,Electrical-damage,Electrical (13).jpg,40694,False,,460,345,RGB,JPEG,0.0190102328863796,False,False,a22112dde466ebc14b8e3059a924132c855eeb1f33c5a2e38d66a5050f33cf87,8840621397812335298,18228038314505863311,False,,507
val/Electrical-damage/Electrical (130).jpg,val,Electrical-damage,Electrical (130).jpg,122927,False,,564,770,RGB,JPEG,0.0013217279174725,False,False,83ac6eafdd1f39a57b6caa32871ce552d6fb0ce404c61c1721d7af1d965956e0,14178669469559341248,9358200206434340751,False,,508
val/Electrical-damage/Electrical (137).jpg,val,Electrical-damage,Electrical (137).jpg,348753,False,,4000,3000,RGB,JPEG,0.2104724649212558,False,False,f9ce754df6f586eb14b99def19332687f07f0b0ce861d64d7c7ead43d6065422,3110631712047738671,4334776755664979976,False,,511
val/Electrical-damage/Electrical (138).jpg,val,Electrical-damage,Electrical (138).jpg,80058,False,,513,405,RGB,JPEG,0.0163067282099659,False,False,4d6df6db7539a122a2db12049e316068179a7c8e88198ad0aa3fbf32ce09ecf8,11936133911762574954,9552028287290847316,False,,512
val/Electrical-damage/Electrical (14).jpg,val,Electrical-damage,Electrical (14).jpg,512903,False,,3024,2592,RGB,JPEG,0.3556009230681298,False,False,327224d60900d7cd268322e9e9bd6eb51b4630730a612545b7cf03c685b1e3fc,15914868930894158040,15263758807659168707,False,,48
val/Electrical-damage/Electrical (142).jpg,val,Electrical-damage,Electrical (142).jpg,41236,False,,474,355,RGB,JPEG,0.0024959440908523,False,False,65c21d90574a9559b555d8bcdfbd09cb79109797fb734feceb3be1cac9266cd6,72079601450352640,506407838798516031,False,,756
val/Electrical-damage/Electrical (143).jpg,val,Electrical-damage,Electrical (143).jpg,481896,False,,1536,2048,RGB,JPEG,0.0008122121097487,False,False,e56e864f856b321860d1706c212d77d968aea3e609fbd7076e00229a8d589c8c,7395123780212794528,72056494568276099,False,,52
val/Electrical-damage/Electrical (144).jpg,val,Electrical-damage,Electrical (144).jpg,28614,False,,450,285,RGB,JPEG,0.0014736382490994,False,False,c253ad5c971a009050779eeff99e0d63893c3c933eee484ac5c46a657d004e3a,2409690274009040333,9151599229481779196,False,,757
val/Electrical-damage/Electrical (145).jpg,val,Electrical-damage,Electrical (145).jpg,12122,False,,365,138,RGB,JPEG,0.004585881045025,False,False,7fd02f6b7742d6fe2c7fa514871a07adc8cda0fba829ac3b5071deca9561acbb,1881124877929257755,18446729163465306160,False,,758
val/Electrical-damage/Electrical (147).jpg,val,Electrical-damage,Electrical (147).jpg,35651,False,,430,205,RGB,JPEG,7.940919558484873e-05,False,False,d5001ed10c3e73adc1a18a80ed9d85ef780b0f7d5dbf10ecd918772ea285b860,16423267914473888091,14913369926261588208,False,,58
val/Electrical-damage/Electrical (15).jpg,val,Electrical-damage,Electrical (15).jpg,40694,False,,460,345,RGB,JPEG,0.0190102328863796,False,False,a22112dde466ebc14b8e3059a924132c855eeb1f33c5a2e38d66a5050f33cf87,8840621397812335298,18228038314505863311,False,,507
val/Electrical-damage/Electrical (153).jpg,val,Electrical-damage,Electrical (153).jpg,157823,False,,589,769,RGB,JPEG,0.0085463480975489,False,False,b0ba086419208d0e193fb6d5b978f2d5c697b10ba0604f4840e9cd6ebf1f7aed,17333337423135106798,16661083395916613848,False,,519
val/Electrical-damage/Electrical (2).png,val,Electrical-damage,Electrical (2).png,95547,False,,564,734,RGB,JPEG,0.1788806222522827,False,False,896f2ef5904d66b871d3703b538ce187875c84792d5d77811ad2e69105334702,11723638056798562994,18411139144890810879,False,,521
val/Electrical-damage/Electrical (20).jpg,val,Electrical-damage,Electrical (20).jpg,75333,False,,456,398,RGB,JPEG,0.0048597986654838,False,False,7768663c182cf43bbc386c604fec6bdcd07621dc7657afc2473eb894b54a0f73,11818619858143676685,219273400760341275,False,,522
val/Electrical-damage/Electrical (22).jpg,val,Electrical-damage,Electrical (22).jpg,7650,False,,221,136,RGB,JPEG,0.0111783884489986,False,False,637dc47764a117264d9cbf787ccebf0049e2734626f4bc2748de9c7c5759f202,14863644922183618309,56537008630954751,False,,524
val/Electrical-damage/Electrical (23).jpg,val,Electrical-damage,Electrical (23).jpg,8619,False,,240,175,RGB,JPEG,0.0001666666666666,False,False,5734725aac953b347a82f4d5e07a6498679d7e6c78d29a590aa2778c4cb771ab,12385976439464173479,18222908781987631104,False,,525
val/Electrical-damage/Electrical (25).jpg,val,Electrical-damage,Electrical (25).jpg,512903,False,,3024,2592,RGB,JPEG,0.3556009230681298,False,False,327224d60900d7cd268322e9e9bd6eb51b4630730a612545b7cf03c685b1e3fc,15914868930894158040,15263758807659168707,False,,48
val/Electrical-damage/Electrical (27).jpg,val,Electrical-damage,Electrical (27).jpg,106264,False,,602,561,RGB,JPEG,0.082328068648178,False,False,46a336c2bb3a1ffa7df60361edee44e561ab1ffd8b4d991c20cda4e65028b81a,12315843772359044750,18446743530413031424,False,,527
val/Electrical-damage/Electrical (29).jpg,val,Electrical-damage,Electrical (29).jpg,168128,False,,1034,466,RGB,JPEG,0.0599113822909856,False,False,12fa30583c2d638068a511f63a6b8ddf8a6c11feca5a34432b69d428bb1546eb,10199823352546987220,1880816326847052281,False,,51
val/Electrical-damage/Electrical (3).png,val,Electrical-damage,Electrical (3).png,288961,False,,400,288,RGB,PNG,0.0027342325920524,False,False,f69922e031ad52ccd452d5139dc0ae4176a847532955292c9bb1682fc646974f,2768672316855006115,6983352118321227310,False,,488
val/Electrical-damage/Electrical (33).jpg,val,Electrical-damage,Electrical (33).jpg,10357,False,,450,125,RGB,JPEG,0.0001244400199104,False,False,0a5479c6f9953f90dd9aeff5f56a190a89d0365c4b9dd7e25f4b20b1a2604cb6,14757819120969735774,18012385135935156464,False,,528
val/Electrical-damage/Electrical (35).jpg,val,Electrical-damage,Electrical (35).jpg,30694,False,,474,316,RGB,JPEG,0.0126647350219646,False,False,7be9bc4860a7ecbcc962e560b3679aa85530f4fb738a3b9b0b3ab09ea8c60687,8746338386490572450,8345012604496769319,False,,494
val/Electrical-damage/Electrical (39).jpg,val,Electrical-damage,Electrical (39).jpg,75333,False,,456,398,RGB,JPEG,0.0048597986654838,False,False,7768663c182cf43bbc386c604fec6bdcd07621dc7657afc2473eb894b54a0f73,11818619858143676685,219273400760341275,False,,522
val/Electrical-damage/Electrical (4).jpg,val,Electrical-damage,Electrical (4).jpg,113151,False,,1038,785,RGB,JPEG,0.0066148361324685,False,False,d006bceacf7e2e08599b1f5399e4fcebf19e119c60d2ae859449bd2f7b0fa909,10708712125542753408,18442800675256532992,False,,530
val/Electrical-damage/Electrical (4).png,val,Electrical-damage,Electrical (4).png,312064,False,,500,313,RGBA,PNG,0.0085875301905358,False,False,b7e0747f540cbe3ec326371839c8ec08d8eb8570eb645e05038c327fcc58316b,2679266478333470117,17221199468174158337,False,,759
val/Electrical-damage/Electrical (42).jpg,val,Electrical-damage,Electrical (42).jpg,29059,False,,458,191,RGB,JPEG,0.0051212290949827,False,False,cbea0340a96ba2630293d35511c497d14169b1e52ce3352c29875911fdbe5c01,8897837323413382244,18229723551992057097,False,,531
val/Electrical-damage/Electrical (43).jpg,val,Electrical-damage,Electrical (43).jpg,31427,False,,474,316,RGB,JPEG,0.010608468081129,False,False,5a010aba5df328011f984b69a41fe3102ad0bed31cd3b2f0efc1e7ce7a14d1d1,8746338386490572450,7189839300076236839,False,,494
val/Electrical-damage/Electrical (44).jpg,val,Electrical-damage,Electrical (44).jpg,32443,False,,462,294,RGB,JPEG,0.0133477633477633,False,False,2ece85824da6ce1e7055534add1b40a87e73c03fc1235f0cf7b8b00644983993,3074458457931625652,16568090652196907809,False,,54
val/Electrical-damage/Electrical (45).jpg,val,Electrical-damage,Electrical (45).jpg,33299,False,,474,305,RGB,JPEG,0.0058587130199002,False,False,0689646e66f6c4654cc9db18529d5af6e5b18000d0ed939e58f4476ad3f51e72,2265838429890423820,18374632603601864704,False,,532
val/Electrical-damage/Electrical (46).jpg,val,Electrical-damage,Electrical (46).jpg,24259,False,,474,226,RGB,JPEG,0.0001306847882906,False,False,7422b21020c7f1a1c555a43d9c7db69fbbe0636558e4115c33e4cb007c63e3bb,16423259118380865883,14913369926261588208,False,,58
val/Electrical-damage/Electrical (48).jpg,val,Electrical-damage,Electrical (48).jpg,24259,False,,474,226,RGB,JPEG,0.0001306847882906,False,False,7422b21020c7f1a1c555a43d9c7db69fbbe0636558e4115c33e4cb007c63e3bb,16423259118380865883,14913369926261588208,False,,58
val/Electrical-damage/Electrical (54).jpg,val,Electrical-damage,Electrical (54).jpg,36486,False,,384,402,RGB,JPEG,0.0003627624359497,False,False,2d192fd3335534cbeba1fabd0efdf8917075520d6ddd6c10bf628f8d4072d205,10199714905575495062,18415774370345249797,False,,505
val/Electrical-damage/Electrical (56).jpg,val,Electrical-damage,Electrical (56).jpg,65337,False,,334,499,RGB,JPEG,0.0039479210415791,False,False,14bf258c3d9c0d38009d73f549051ce2a3fb21ef9131ff12ba9be709022ae12e,12261694691444750840,10760603464911209089,False,,533
val/Electrical-damage/Electrical (60).jpg,val,Electrical-damage,Electrical (60).jpg,23018,False,,411,313,RGB,JPEG,0.0069104363913374,False,False,0c7c2251c6a3b5b372322e5b633fe6b9c967a63e3616455209c83f87477ce435,7873917075918319171,4648431679746735366,False,,535
val/Electrical-damage/Electrical (61).jpg,val,Electrical-damage,Electrical (61).jpg,276425,False,,690,345,RGB,JPEG,0.0033227475888026,False,False,037a04612ca21bd7a9710453b6073ecbff3a6d6a6170d6c678d75115aac7ae61,3651765562648213297,2348865767635483648,False,,536
val/Electrical-damage/Electrical (62).jpg,val,Electrical-damage,Electrical (62).jpg,20363,False,,400,269,RGB,JPEG,0.0047488940931563,False,False,69bfd382dcde4ccff6c0046fec59004b1239b6adda71f8dd7d9a880720726bbc,14766437265168034924,10989022574012845007,False,,509
val/Electrical-damage/Electrical (63).jpg,val,Electrical-damage,Electrical (63).jpg,35469,False,,456,398,RGB,JPEG,0.0023141898407065,False,False,2ea87ee73bc6bcce45dbad9fb484f9c31381d7bdd4cbf74e24c17141a178943a,11818619858143676685,219273400760341275,False,,522
val/Electrical-damage/Electrical (64).jpg,val,Electrical-damage,Electrical (64).jpg,35469,False,,456,398,RGB,JPEG,0.0023141898407065,False,False,2ea87ee73bc6bcce45dbad9fb484f9c31381d7bdd4cbf74e24c17141a178943a,11818619858143676685,219273400760341275,False,,522
val/Electrical-damage/Electrical (67).jpg,val,Electrical-damage,Electrical (67).jpg,24853,False,,474,266,RGB,JPEG,0.0047745947146346,False,False,31108ea9a488b37e75449116a124609a0e99e871a10ad948e9864d8817e43b7d,4738281044944586486,853221006377184,False,,537
val/Electrical-damage/Electrical (68).jpg,val,Electrical-damage,Electrical (68).jpg,38385,False,,334,499,RGB,JPEG,0.0015959680806383,False,False,5da669b9c137d8ab37602c802ecf253f28047bd90cc9e8ee00f36a9e7d147573,12261694691444750840,10760744202401661569,False,,533
val/Electrical-damage/Electrical (69).jpg,val,Electrical-damage,Electrical (69).jpg,38385,False,,334,499,RGB,JPEG,0.0015959680806383,False,False,5da669b9c137d8ab37602c802ecf253f28047bd90cc9e8ee00f36a9e7d147573,12261694691444750840,10760744202401661569,False,,533
val/Electrical-damage/Electrical (7).jpg,val,Electrical-damage,Electrical (7).jpg,85375,False,,768,366,RGB,JPEG,0.000348640302819,False,False,b0949946108d26e65bcccf8d8658f036e4b98e5290a74ad113360e51c6eea7d7,6689699799692487960,1809809527502760763,False,,534
val/Electrical-damage/Electrical (71).jpg,val,Electrical-damage,Electrical (71).jpg,47908,False,,624,416,RGB,JPEG,0.0131053823751483,False,False,e8b4e1de30888f9396eab6c760a8770e6c37213b02a642bf4dd4be94af069dd4,10489333961072357777,434323615761244931,False,,760
val/Electrical-damage/Electrical (72).jpg,val,Electrical-damage,Electrical (72).jpg,25382,False,,474,266,RGB,JPEG,0.0034421496779924,False,False,cc1b2a8c5cc9da2ea775f529476c983601d223c1cbbcce2778f846eaf9b8a003,10417550108804587809,217060101134946175,False,,539
val/Electrical-damage/Electrical (73).jpg,val,Electrical-damage,Electrical (73).jpg,85252,False,,640,450,RGB,JPEG,0.0280485137204384,False,False,9a7932dbab6d7f4d1900f1c73e9e4ae925cc6cad4e77768b44c0a180d9fb5290,12964394832387662048,18439710527941968643,False,,57
val/Electrical-damage/Electrical (76).jpg,val,Electrical-damage,Electrical (76).jpg,103402,False,,1024,766,RGB,JPEG,0.0018562313149792,False,False,88f24114baf14cad6f947e73e812cd791019cf8316e5644dd096a95b4067f0cf,14621578752752896200,15704563108862284043,False,,541
val/Electrical-damage/Electrical (77).jpg,val,Electrical-damage,Electrical (77).jpg,119462,False,,940,627,RGB,JPEG,0.005095132901019,False,False,a60cfca73d517c435d2b6467ae4122026db69a70664a04475fe6ae9cc1526158,9088307118522380583,8074742472384655230,False,,501
val/Electrical-damage/Electrical (78).jpg,val,Electrical-damage,Electrical (78).jpg,103402,False,,1024,766,RGB,JPEG,0.0018562313149792,False,False,88f24114baf14cad6f947e73e812cd791019cf8316e5644dd096a95b4067f0cf,14621578752752896200,15704563108862284043,False,,541
val/Electrical-damage/Electrical (79).jpg,val,Electrical-damage,Electrical (79).jpg,111465,False,,1024,682,RGB,JPEG,0.0155863161165515,False,False,066043f4c38010d8e5ef6ca3293f596551159a6122cf56415b4b39e6ae939323,4123389800301275433,18406882793087836907,False,,542
val/Electrical-damage/Electrical (8).jpg,val,Electrical-damage,Electrical (8).jpg,12846,False,,318,159,RGB,JPEG,0.0001384274640088,False,False,c0b45581fb247665d92029091a0779f7c10b6aa9905e23cbc75b6e63c145d2fd,3651765562648213297,2348795396743822336,False,,536
val/Electrical-damage/Electrical (81).jpg,val,Electrical-damage,Electrical (81).jpg,226912,False,,1920,1200,RGB,JPEG,0.0164973886730083,False,False,193b1e47d367f82c03ed5ac4f14e6b953d3bd42ce08b183f1f913c1316b89d79,5136146346571002108,13893481223285752000,False,,543
val/Electrical-damage/Electrical (82).jpg,val,Electrical-damage,Electrical (82).jpg,226912,False,,1920,1200,RGB,JPEG,0.0164973886730083,False,False,193b1e47d367f82c03ed5ac4f14e6b953d3bd42ce08b183f1f913c1316b89d79,5136146346571002108,13893481223285752000,False,,543
val/Electrical-damage/Electrical (86).jpg,val,Electrical-damage,Electrical (86).jpg,14975,False,,164,300,RGB,JPEG,0.0054061744202589,False,False,6d30ac036403f6abdeff03c9347cb348feb53c3054c9b078a3489eee0b80a07c,2088765221235387560,8787036914094539137,False,,544
val/Electrical-damage/Electrical (87).jpg,val,Electrical-damage,Electrical (87).jpg,65337,False,,334,499,RGB,JPEG,0.0039479210415791,False,False,14bf258c3d9c0d38009d73f549051ce2a3fb21ef9131ff12ba9be709022ae12e,12261694691444750840,10760603464911209089,False,,533
val/Electrical-damage/Electrical (9).jpg,val,Electrical-damage,Electrical (9).jpg,36891,False,,474,355,RGB,JPEG,0.0016639627272349,False,False,598ef680fbc173585a7ae1e265f805c55cb464382dea6f333ad2cdde9b587681,2820136288045445923,866395436155274255,False,,489
val/Electrical-damage/Electrical (92).jpg,val,Electrical-damage,Electrical (92).jpg,46998,False,,474,632,RGB,JPEG,0.0015655668754089,False,False,dc5da332712c148d57cca304a65a8af8b44fb2bc7ed5c4c3722777b388e932a8,3146373896012456160,9223212913949902595,False,,546
val/Electrical-damage/Electrical (93).jpg,val,Electrical-damage,Electrical (93).jpg,31082,False,,489,367,RGB,JPEG,0.0010531242686637,False,False,274e77bf9ce204a0c9268bbb8a8d0368c33474d1f53e3821b65a14a58f6b652c,10468703192938045082,2811091691925139472,False,,513
val/Electrical-damage/Electrical (94).jpg,val,Electrical-damage,Electrical (94).jpg,784765,False,,2560,1536,RGB,JPEG,0.0427654885373608,False,False,e80b8c63cd84373bbaaf9d229aa930ce1527b218c714a0505bb15184ac8e863e,8922425618467107594,17636365469592122431,False,,547
val/Electrical-damage/Electrical (95).jpg,val,Electrical-damage,Electrical (95).jpg,60331,False,,622,415,RGB,JPEG,0.0202841956828289,False,False,596982d4c6bb62082802e1fbbc5a50506808689bb818bb0ab6f7cc113599e557,4693094998204330393,506381209866536707,False,,493
val/Electrical-damage/Electrical (96).jpg,val,Electrical-damage,Electrical (96).jpg,59030,False,,450,273,RGB,JPEG,0.0002279202279202,False,False,24b9acf58c16965716815213d4ff7778a8c52c5e3f2d6d4b311f0d2094c1e957,8669659977003349682,18444461363041526016,False,,761
val/Physical-Damage/Physical (1).jpg,val,Physical-Damage,Physical (1).jpg,9570,False,,272,185,RGB,JPEG,0.0018083182640144,False,False,ea260f2c1cf06903b180e8dec112eba79e123706634ddae3cd6d8af52546f8a3,9223883947598481716,4548361875331486209,False,,566
val/Physical-Damage/Physical (100).jpg,val,Physical-Damage,Physical (100).jpg,33664,False,,474,228,RGB,JPEG,0.0046635144763261,False,False,6c3d54227eb2a168d854ec8aa1a4f3864da6c15b2e941adccafae8a159a54233,7660147347609298489,4636557351424911715,False,,74
val/Physical-Damage/Physical (104).jpg,val,Physical-Damage,Physical (104).jpg,91984,False,,474,632,RGB,JPEG,0.0024768669969155,False,False,48c871417542efbb21ff65f9ee41c626ecc0d1c79dce7e7cb2f13da25ff49540,15804069340238716699,18430700002209771632,False,,552
val/Physical-Damage/Physical (106).jpg,val,Physical-Damage,Physical (106).jpg,272925,False,,500,261,RGB,JPEG,0.0083141125355361,False,False,f374921f57ddf1dbde0e626bcd47f51741c81605257c334711d951c27ee830bc,3180161121030999185,9160356964926503743,False,,61
val/Physical-Damage/Physical (107).jpg,val,Physical-Damage,Physical (107).jpg,40289,False,,474,406,RGB,JPEG,0.0032373053979339,False,False,c69a39368f5495e96de8eef6db3f6cb4837ff3881a565cf47434c7070a7dad6e,2760597845544524499,872634519891525760,False,,553
val/Physical-Damage/Physical (111).jpg,val,Physical-Damage,Physical (111).jpg,230534,False,,1024,768,RGB,JPEG,0.0007654786912094,False,False,900fff29c672868c6003b603c4525ba1bc53379844de4a6f1e5fb05d51ebef3f,3128714512579053582,7368586968861507328,False,,554
val/Physical-Damage/Physical (112).jpg,val,Physical-Damage,Physical (112).jpg,93433,False,,600,600,RGB,JPEG,0.010830465301678,False,False,1c86af2ba5070f44d74701f752c6ff174f1ca0970018b9c1eb467592dd69647c,2971541401523267881,2484437209013319170,False,,555
val/Physical-Damage/Physical (113).jpg,val,Physical-Damage,Physical (113).jpg,33664,False,,474,228,RGB,JPEG,0.0046635144763261,False,False,6c3d54227eb2a168d854ec8aa1a4f3864da6c15b2e941adccafae8a159a54233,7660147347609298489,4636557351424911715,False,,74
val/Physical-Damage/Physical (116).jpg,val,Physical-Damage,Physical (116).jpg,40376,False,,474,279,RGB,JPEG,0.0033874980151378,False,False,bc1f55ba6e5e648b2639ad9731942ae5c2e3349fe1370b52f8e7444a828f0665,5912820157809887155,7947528758427136,False,,556
val/Physical-Damage/Physical (118).jpg,val,Physical-Damage,Physical (118).jpg,40289,False,,474,406,RGB,JPEG,0.0032373053979339,False,False,c69a39368f5495e96de8eef6db3f6cb4837ff3881a565cf47434c7070a7dad6e,2760597845544524499,872634519891525760,False,,553
val/Physical-Damage/Physical (120).jpg,val,Physical-Damage,Physical (120).jpg,126900,False,,1280,720,RGB,JPEG,0.0030761518479697,False,False,b06fc39c1853b27e12a8d8d78816d4f6956acfc0eeca642c662533be146ca827,12453679081477870228,9259671762246182041,False,,557
val/Physical-Damage/Physical (121).jpg,val,Physical-Damage,Physical (121).jpg,200254,False,,1600,900,RGB,JPEG,0.0036604039569307,False,False,1c7e3d587cc2c0a04c97da24ae9ddc528be68b94dc5d97d2f02e8b9ccfb7e861,15647420728772682118,15450997619513427724,False,,65
val/Physical-Damage/Physical (123).jpg,val,Physical-Damage,Physical (123).jpg,200254,False,,1600,900,RGB,JPEG,0.0036604039569307,False,False,1c7e3d587cc2c0a04c97da24ae9ddc528be68b94dc5d97d2f02e8b9ccfb7e861,15647420728772682118,15450997619513427724,False,,65
val/Physical-Damage/Physical (124).jpg,val,Physical-Damage,Physical (124).jpg,40245,False,,474,352,RGB,JPEG,0.0011327403926833,False,False,b131a978b3b52879e6ffaa87dc5e56711520e9b48a0c28148ac7099e226817bd,17249314929528342471,13907049158981848716,False,,559
val/Physical-Damage/Physical (126).jpg,val,Physical-Damage,Physical (126).jpg,19161,False,,302,227,RGB,JPEG,0.0049009597712885,False,False,7759978dc60b79b78edfbe13a33cdc9cdf01cecc563cb8f0d4424870d1cc9d7b,13034146461806420603,16213379206664405184,False,,560
val/Physical-Damage/Physical (127).jpg,val,Physical-Damage,Physical (127).jpg,19161,False,,302,227,RGB,JPEG,0.0049009597712885,False,False,7759978dc60b79b78edfbe13a33cdc9cdf01cecc563cb8f0d4424870d1cc9d7b,13034146461806420603,16213379206664405184,False,,560
val/Physical-Damage/Physical (128).jpg,val,Physical-Damage,Physical (128).jpg,143824,False,,1000,720,RGB,JPEG,0.0085943728246709,False,False,951bf052406473f41e36a94067b32e1590e9b465bb38e5a716b2b823fe33ca5f,8458158460288050233,4629771165189564791,False,,562
val/Physical-Damage/Physical (13).jpg,val,Physical-Damage,Physical (13).jpg,322287,False,,406,406,RGB,JPEG,0.0066247664345167,False,False,e56942fac64ec000f40855f594c893a939786df9729f1c2c43cdf5400e64fa97,5213649475375137732,17863826935503,False,,558
val/Physical-Damage/Physical (130).jpg,val,Physical-Damage,Physical (130).jpg,143824,False,,1000,720,RGB,JPEG,0.0085943728246709,False,False,951bf052406473f41e36a94067b32e1590e9b465bb38e5a716b2b823fe33ca5f,8458158460288050233,4629771165189564791,False,,562
val/Physical-Damage/Physical (131).jpg,val,Physical-Damage,Physical (131).jpg,78761,False,,592,400,RGB,JPEG,0.0047001093736143,False,False,093fb42890550d085c434686479a88d1e8026426f67895cc786db5e2429e8a37,7551512184707516132,72341117966552527,False,,563
val/Physical-Damage/Physical (136).jpg,val,Physical-Damage,Physical (136).jpg,59640,False,,500,391,RGB,JPEG,0.0007877116975187,False,False,cfa55a1e40b2a7459e99b0a7d3fed6f9444be056a148e6935c8a23cce51a5303,4632314130807493654,18446707837070475264,False,,565
val/Physical-Damage/Physical (137).jpg,val,Physical-Damage,Physical (137).jpg,126900,False,,1280,720,RGB,JPEG,0.0030761518479697,False,False,b06fc39c1853b27e12a8d8d78816d4f6956acfc0eeca642c662533be146ca827,12453679081477870228,9259671762246182041,False,,557
val/Physical-Damage/Physical (140).jpg,val,Physical-Damage,Physical (140).jpg,30446,False,,474,248,RGB,JPEG,0.0016077170418006,False,False,dc4eb3ad619256cb4da192122a6540997074d7d45f61ce94bbdbb1c4a8641832,1311201784119364491,18159644013068426782,False,,561
val/Physical-Damage/Physical (141).jpg,val,Physical-Damage,Physical (141).jpg,277849,False,,800,600,RGB,JPEG,0.0017937350522078,False,False,7cfbb65375f6afbd0a5f7fd5c766f0034022758df8102d7e4a90960ec4a2d0be,11899673920817184975,3422461968521596924,False,,2
val/Physical-Damage/Physical (144).jpg,val,Physical-Damage,Physical (144).jpg,200254,False,,1600,900,RGB,JPEG,0.0036604039569307,False,False,1c7e3d587cc2c0a04c97da24ae9ddc528be68b94dc5d97d2f02e8b9ccfb7e861,15647420728772682118,15450997619513427724,False,,65
val/Physical-Damage/Physical (145).jpg,val,Physical-Damage,Physical (145).jpg,71025,False,,640,480,RGB,JPEG,0.0072460465752176,False,False,47065ebe86720b2cc834e0962c206bb48eaf8095eadf003a4b9b09b2d613ace3,9187329391245384695,18228584235722113152,False,,568
val/Physical-Damage/Physical (147).jpg,val,Physical-Damage,Physical (147).jpg,32040,False,,340,327,RGB,JPEG,0.0006296039790971,False,False,5745d63c66d454ecd026ee270bd0616c9d3708d89452da9b039ef3f4b674ba24,15180378244510046553,18411843379932495619,False,,569
val/Physical-Damage/Physical (148).jpg,val,Physical-Damage,Physical (148).jpg,32040,False,,340,327,RGB,JPEG,0.0006296039790971,False,False,5745d63c66d454ecd026ee270bd0616c9d3708d89452da9b039ef3f4b674ba24,15180378244510046553,18411843379932495619,False,,569
val/Physical-Damage/Physical (15).jpg,val,Physical-Damage,Physical (15).jpg,77469,False,,768,512,RGB,JPEG,0.0013885427421938,False,False,1bb0a55262b26b9ac1346ef438adbabd6158438978da264391ee39d0a8058a7c,9223883878887393596,4548361909758333441,False,,566
val/Physical-Damage/Physical (17).jpg,val,Physical-Damage,Physical (17).jpg,220903,False,,849,450,RGB,JPEG,0.0228842595137323,False,False,36c38b22d4eb3f242926f2094e7f5ac6e9abe5bf767c41aaddf264e307cb7237,15115685113086827877,216223494092281416,False,,68
val/Physical-Damage/Physical (18).jpg,val,Physical-Damage,Physical (18).jpg,220903,False,,849,450,RGB,JPEG,0.0228842595137323,False,False,36c38b22d4eb3f242926f2094e7f5ac6e9abe5bf767c41aaddf264e307cb7237,15115685113086827877,216223494092281416,False,,68
val/Physical-Damage/Physical (19).jpg,val,Physical-Damage,Physical (19).jpg,278582,False,,1024,768,RGB,JPEG,0.0016021647025314,False,False,09c8ec711dd3dbb465450d3f7a62712e0f2ad825c785f57ef96ff34d325fb650,2241445940980838174,17938102162438289456,False,,570
val/Physical-Damage/Physical (22).jpg,val,Physical-Damage,Physical (22).jpg,93277,False,,720,473,RGB,JPEG,0.0087971717503905,False,False,12771595c002bfc420020ff917cbb3e3adcf566a4d063d7d3f912bde272afb8d,1016504400440655357,4609138177280704256,False,,572
val/Physical-Damage/Physical (24).jpg,val,Physical-Damage,Physical (24).jpg,322287,False,,406,406,RGB,JPEG,0.0066247664345167,False,False,e56942fac64ec000f40855f594c893a939786df9729f1c2c43cdf5400e64fa97,5213649475375137732,17863826935503,False,,558
val/Physical-Damage/Physical (25).jpg,val,Physical-Damage,Physical (25).jpg,727740,False,,1536,2048,RGB,JPEG,0.0030018469480851,False,False,266bee8e953bdd3fdcaef3b83b5168f95b7faf25c5f5827f6f654a4ef9c56054,17795607458842602475,18445799476150927360,False,,71
val/Physical-Damage/Physical (3).jpg,val,Physical-Damage,Physical (3).jpg,41474,False,,300,200,RGB,JPEG,0.0017498833411105,False,False,fb796c6950c1d487934678c700faf52b4878eaaeb353fd87a7a088ca34fa95e3,9241898277396875572,4548361909691224833,False,,566
val/Physical-Damage/Physical (33).jpg,val,Physical-Damage,Physical (33).jpg,10972,False,,266,190,RGB,JPEG,0.0198060941828254,False,False,aaaa54fdd331d604cd385a63a04f7509c3091fa00a34837f1f1e0bb9375bd849,536263520219792003,18446575861365997568,False,,574
val/Physical-Damage/Physical (34).jpg,val,Physical-Damage,Physical (34).jpg,13110,False,,259,195,RGB,JPEG,0.0013860013860013,False,False,f634c7e4f3dfd6aeac9768a429b2cabf65d875308666a1f92659d5f94efca585,11413252077070985248,18446491035157659695,False,,762
val/Physical-Damage/Physical (37).jpg,val,Physical-Damage,Physical (37).jpg,13626,False,,275,183,RGB,JPEG,0.0029207232267037,False,False,4decfbd61b02e518619fd7def11b907137d0ebac98aab118ba98844cc00fbe68,6424023522301433158,5931011148584094213,False,,763
val/Physical-Damage/Physical (38).jpg,val,Physical-Damage,Physical (38).jpg,9672,False,,275,183,RGB,JPEG,0.0004172461752433,False,False,0d7e174f059310a3142a24a59e25150d62f76021857376d4d1056524d906dceb,3219077903245254312,18086737647231893503,False,,576
val/Physical-Damage/Physical (4).jpg,val,Physical-Damage,Physical (4).jpg,2800649,False,,3024,4032,RGB,JPEG,1.1482216343327457e-06,False,False,7d05d73a5f9e3a95e0774c7de5db4c38eab608b7a069815b24d02a3f31126082,5280828202020588905,217046941153035075,False,,578
val/Physical-Damage/Physical (40).jpg,val,Physical-Damage,Physical (40).jpg,15297,False,,262,192,RGB,JPEG,0.0808404062891331,False,False,a324e44daa0508f02eb8c9a6d5eb05d33590a47efa3cd4dd9989923c114abd86,5778964437345584102,506381296507232000,False,,579
val/Physical-Damage/Physical (43).jpg,val,Physical-Damage,Physical (43).jpg,12623,False,,324,155,RGB,JPEG,0.0167247386759581,False,False,7b6e4e9d8d6ec428a67983ecbddb56e9cb19e69fb8fd62c650e1fea32b642c57,17767596005887039152,13907115648792706048,False,,581
val/Physical-Damage/Physical (44).jpg,val,Physical-Damage,Physical (44).jpg,6491,False,,308,164,RGB,JPEG,0.0435144124168514,False,False,bd548afc538d1bf8e71a257293708ba477ebe607cde385ddcdd95127277d858c,1808490065944989784,18446743451794931712,False,,582
val/Physical-Damage/Physical (45).jpg,val,Physical-Damage,Physical (45).jpg,14526,False,,330,153,RGB,JPEG,0.0072092056009981,False,False,eb52fc599d4d36d9d073ada9a9a7f6430ae53f817733a45d480446728fe42dbd,17059849584604047239,13961586554347519007,False,,583
val/Physical-Damage/Physical (46).jpg,val,Physical-Damage,Physical (46).jpg,13790,False,,300,168,RGB,JPEG,0.0056944444444444,False,False,16b9c103e746a5ca908e65d098d258ec6acdeb2a6f0ffedced570de2f7cd5bb3,16712848211752925069,18229723293388908600,False,,584
val/Physical-Damage/Physical (49).jpg,val,Physical-Damage,Physical (49).jpg,11408,False,,275,183,RGB,JPEG,0.0102920723226703,False,False,a5cb99ca9c19783e66c13f918f9caaaccee668943793d725e945d5d8000d197b,4853573473229063106,9150213000986369796,False,,72
val/Physical-Damage/Physical (5).jpg,val,Physical-Damage,Physical (5).jpg,2800649,False,,3024,4032,RGB,JPEG,1.1482216343327457e-06,False,False,7d05d73a5f9e3a95e0774c7de5db4c38eab608b7a069815b24d02a3f31126082,5280828202020588905,217046941153035075,False,,578
val/Physical-Damage/Physical (50).jpg,val,Physical-Damage,Physical (50).jpg,9759,False,,299,168,RGB,JPEG,0.0002787068004459,False,False,06fe59516fd978aff6c54c9a31fa8306cacaabb66dd1d0c0bb4c4356fd20ea9b,3074458405818846049,4128576,False,,586
val/Physical-Damage/Physical (52).jpg,val,Physical-Damage,Physical (52).jpg,9999,False,,350,144,RGB,JPEG,0.0247222222222222,False,False,3a991969ae10dd07a32c4a4f98b9c3ff88dc6a0a865225f6c5adc9cad5591a1b,10962114509350963481,74062137940451135,False,,588
val/Physical-Damage/Physical (53).jpg,val,Physical-Damage,Physical (53).jpg,9999,False,,350,144,RGB,JPEG,0.0247222222222222,False,False,3a991969ae10dd07a32c4a4f98b9c3ff88dc6a0a865225f6c5adc9cad5591a1b,10962114509350963481,74062137940451135,False,,588
val/Physical-Damage/Physical (54).jpg,val,Physical-Damage,Physical (54).jpg,14308,False,,300,168,RGB,JPEG,0.0015277777777777,False,False,ca70d81bf148a7835ca2ff5bbc5c89f6e811e484c1ac33e10c5eb3effd4ed72e,12453960556454580884,36299725391406217,False,,557
val/Physical-Damage/Physical (58).jpg,val,Physical-Damage,Physical (58).jpg,132065,False,,846,476,RGB,JPEG,0.0033548880545125,False,False,7f7be6b68e77ac731b8d8e8c72ec10f407aa12b3c06da8ddc40096d94d167806,5027299895557392016,16068905284637883431,False,,73
val/Physical-Damage/Physical (59).jpg,val,Physical-Damage,Physical (59).jpg,151538,False,,746,559,RGB,JPEG,0.0012925101554369,False,False,786972dada7393b7ac269105f80602ffaaa7c49330aaed5d239b41c23c771e2d,1053390495588013077,18392682419453297672,False,,589
val/Physical-Damage/Physical (6).jpg,val,Physical-Damage,Physical (6).jpg,138396,False,,638,406,RGB,JPEG,0.0063236406874932,False,False,c289df57c5df688ec0ce5060cdcb516199a733d1a561af78c70976cd7e300eb6,13190990315271790194,17363835177142325248,False,,593
val/Physical-Damage/Physical (60).jpg,val,Physical-Damage,Physical (60).jpg,151538,False,,746,559,RGB,JPEG,0.0012925101554369,False,False,786972dada7393b7ac269105f80602ffaaa7c49330aaed5d239b41c23c771e2d,1053390495588013077,18392682419453297672,False,,589
val/Physical-Damage/Physical (62).jpg,val,Physical-Damage,Physical (62).jpg,170035,False,,768,1024,RGB,JPEG,0.0274059173283013,False,False,e651a046f667c58fa4a73c8b1e82ba08b7e34d2d2a7dfb50b5bd13bfb4199aa4,3984228362458683579,17293822712975716862,False,,590
val/Physical-Damage/Physical (63).jpg,val,Physical-Damage,Physical (63).jpg,104019,False,,768,480,RGB,JPEG,0.0049180639158422,False,False,47187ebf2be44f2d793cdae4b072fbe31e87a948ebf2193dbc3a29fad4415f36,14901839298178695834,15620947241887204615,False,,571
val/Physical-Damage/Physical (64).jpg,val,Physical-Damage,Physical (64).jpg,170035,False,,768,1024,RGB,JPEG,0.0274059173283013,False,False,e651a046f667c58fa4a73c8b1e82ba08b7e34d2d2a7dfb50b5bd13bfb4199aa4,3984228362458683579,17293822712975716862,False,,590
val/Physical-Damage/Physical (67).jpg,val,Physical-Damage,Physical (67).jpg,69813,False,,768,521,RGB,JPEG,0.0013120604597459,False,False,1c9d272f501ef125fdcbd419cd23b3fd9b8636aaf417a8f1df0f4ffd2a5819c7,9223883947598481716,4548361875398595329,False,,566
val/Physical-Damage/Physical (68).jpg,val,Physical-Damage,Physical (68).jpg,548415,False,,1400,1008,RGB,JPEG,0.0140575396825396,False,False,e3515c69c15800371477990cefb7b0f044434fa103a3f9fe1a56908745d14c2a,8387226766156964921,4629771165189564791,False,,562
val/Physical-Damage/Physical (69).jpg,val,Physical-Damage,Physical (69).jpg,452769,False,,705,529,RGB,JPEG,0.0039791283456586,False,False,e2f25fa5bdaff51e0c3a645d08cee32a4040b993f498a80d593d97ccb8355511,1053390495588013077,18392682419453297672,False,,589
val/Physical-Damage/Physical (70).jpg,val,Physical-Damage,Physical (70).jpg,332984,False,,1024,737,RGB,JPEG,0.0121970448832701,False,False,22cde3f67fa29d40334722b72a6b0dc5f9db84dc3b94cccacff7f09f72f6ee56,8387226766156964921,4629771165189564791,False,,562
val/Physical-Damage/Physical (71).jpg,val,Physical-Damage,Physical (71).jpg,332984,False,,1024,737,RGB,JPEG,0.0121970448832701,False,False,22cde3f67fa29d40334722b72a6b0dc5f9db84dc3b94cccacff7f09f72f6ee56,8387226766156964921,4629771165189564791,False,,562
val/Physical-Damage/Physical (74).jpg,val,Physical-Damage,Physical (74).jpg,19633,False,,260,136,RGB,JPEG,0.0007917656373713,False,False,9480dafe087cea2d5bac8ff3ab29ac11131fc2c54d023c1f5e2595362ea9d424,3180161121030999185,9160356964926503743,False,,61
val/Physical-Damage/Physical (77).jpg,val,Physical-Damage,Physical (77).jpg,104627,False,,1030,687,RGB,JPEG,0.0027698638809749,False,False,cec547b6ba7dd5390acb87e1a7ec0262c139c6beacd1a40668f0190b1938c227,8933384525376184338,14332423854251770117,False,,596
val/Physical-Damage/Physical (78).jpg,val,Physical-Damage,Physical (78).jpg,104627,False,,1030,687,RGB,JPEG,0.0027698638809749,False,False,cec547b6ba7dd5390acb87e1a7ec0262c139c6beacd1a40668f0190b1938c227,8933384525376184338,14332423854251770117,False,,596
val/Physical-Damage/Physical (8).jpg,val,Physical-Damage,Physical (8).jpg,153060,False,,600,600,RGB,JPEG,0.0069610531023352,False,False,975b5c7f176ca7e88652165ee701ab8650c15720360d67b3420a64727c78b021,2971541401523267881,2484437209013319170,False,,555
val/Physical-Damage/Physical (84).jpg,val,Physical-Damage,Physical (84).jpg,122445,False,,768,576,RGB,JPEG,0.0039875941515285,False,False,b0717fe7c29ae39706b0088687fff83b5b6dc8d48023f3610abee3f191315752,11300876750190073042,18446742140974268416,False,,597
val/Physical-Damage/Physical (85).jpg,val,Physical-Damage,Physical (85).jpg,48577,False,,448,336,RGB,JPEG,0.017485119047619,False,False,a7305135ef21382cc303e39ab5021ccf2f49c15628f9c681026f03004f457cf2,7019831331062757174,4845979200930999392,False,,764
val/Physical-Damage/Physical (87).jpg,val,Physical-Damage,Physical (87).jpg,54881,False,,450,253,RGB,JPEG,0.0034429757147248,False,False,33879f322755eeb0aa400367447ecb9556ddb227dcca75aa5e10f7de9f4ab9b9,5027299895825829552,5692611760356129799,False,,73
val/Physical-Damage/Physical (89).jpg,val,Physical-Damage,Physical (89).jpg,18952,False,,300,201,RGB,JPEG,0.0011607661056297,False,False,31e40afd617a9d276e5f18d1db71162b58a78bf87a0d7aea7ba8cf68e6fdd3f5,11356830259569551049,10447849210055855491,False,,598
val/Physical-Damage/Physical (9).jpg,val,Physical-Damage,Physical (9).jpg,153060,False,,600,600,RGB,JPEG,0.0069610531023352,False,False,975b5c7f176ca7e88652165ee701ab8650c15720360d67b3420a64727c78b021,2971541401523267881,2484437209013319170,False,,555
val/Physical-Damage/Physical (91).jpg,val,Physical-Damage,Physical (91).jpg,155474,False,,1280,720,RGB,JPEG,0.0070257789120296,False,False,e87d7009de48f1aa9f67df9dddd45aa833997f4cc29e3abe6de1e122960cca9d,9933121745811274217,9476562882306212739,False,,599
val/Physical-Damage/Physical (94).jpg,val,Physical-Damage,Physical (94).jpg,272925,False,,500,261,RGB,JPEG,0.0083141125355361,False,False,f374921f57ddf1dbde0e626bcd47f51741c81605257c334711d951c27ee830bc,3180161121030999185,9160356964926503743,False,,61
val/Physical-Damage/Physical (96).jpg,val,Physical-Damage,Physical (96).jpg,179048,False,,750,1000,RGB,JPEG,0.0033599955200059,False,False,5816db351197871da90f9a7f327a867886a5c6401d8ed6cd72c784f7f89459c3,15804069340238716699,18430700002209771632,False,,552
val/Physical-Damage/Physical (97).jpg,val,Physical-Damage,Physical (97).jpg,230534,False,,1024,768,RGB,JPEG,0.0007654786912094,False,False,900fff29c672868c6003b603c4525ba1bc53379844de4a6f1e5fb05d51ebef3f,3128714512579053582,7368586968861507328,False,,554
val/Physical-Damage/Physical (98).jpg,val,Physical-Damage,Physical (98).jpg,230534,False,,1024,768,RGB,JPEG,0.0007654786912094,False,False,900fff29c672868c6003b603c4525ba1bc53379844de4a6f1e5fb05d51ebef3f,3128714512579053582,7368586968861507328,False,,554
val/Snow-Covered/Snow (10).jpg,val,Snow-Covered,Snow (10).jpg,640259,False,,1920,1280,RGB,JPEG,0.0082002700193115,False,False,0a620b4a159b6d2cf45ca14ad97c3f0a61b57b6d8c22578c2ca93adc39cd71e2,1866592551806120741,3660568324428428392,False,,601
val/Snow-Covered/Snow (100).jpg,val,Snow-Covered,Snow (100).jpg,38833,False,,474,465,RGB,JPEG,0.0071138211382113,False,False,8d0259ea2ddbebc0bc66bfa1213e2c76d2baeafd58b5c01a347f5b436e704306,10517015741249270938,54254817157054208,False,,602
val/Snow-Covered/Snow (103).jpg,val,Snow-Covered,Snow (103).jpg,23961,False,,320,480,RGB,JPEG,0.0020963405186164,False,False,7ef2af4b41e9c2f4ebd1f653aa18ed647f3ca3b2edec842528ca5e594a38ab4a,3619222576326184761,18293901030530809087,False,,605
val/Snow-Covered/Snow (104).jpg,val,Snow-Covered,Snow (104).jpg,84392,False,,768,554,RGB,JPEG,0.0047217926359777,False,False,5236897193ac086fe77fbaa8ed8890e00974e99be21c19adfc130d643470f285,1080871744200284400,18392435332189762307,False,,606
val/Snow-Covered/Snow (105).jpg,val,Snow-Covered,Snow (105).jpg,7173,False,,299,168,RGB,JPEG,0.0500278706800445,False,False,293ebb5845bd9940466e795807d8d0189907ef6439594b4f6794adf21853d1c8,9260249133338139916,44188259810555967,False,,765
val/Snow-Covered/Snow (106).jpg,val,Snow-Covered,Snow (106).jpg,225165,False,,660,440,RGB,JPEG,0.0105818830448826,False,False,1b9f21c84826577aede4306152b7534205416c3371a24048254468456de0887e,892868351796972556,18446602507711938560,False,,607
val/Snow-Covered/Snow (11).jpg,val,Snow-Covered,Snow (11).jpg,528414,False,,1000,665,RGB,JPEG,0.3562315789473684,False,False,d431fdc6b363c8a9098fed9defc271d7f1e99828327be5ac7c512184fdb4a5d0,5131364809203723011,485243224063,False,,76
val/Snow-Covered/Snow (110).jpg,val,Snow-Covered,Snow (110).jpg,140144,False,,800,600,RGB,JPEG,0.0081957650352913,False,False,4f8b89d0b444894744d9547e5b35779381c53f70df8b30ea239368782b3cf7d3,2001834295588602041,9214294471011960739,False,,766
val/Snow-Covered/Snow (111).jpg,val,Snow-Covered,Snow (111).jpg,78927,False,,1106,830,RGB,JPEG,0.0200167759646179,False,False,af53f2c66990eb09002b643973e0251117b1bc049ed8f30bbc3324e346293a09,9365970297657340386,2270079134130694087,False,,610
val/Snow-Covered/Snow (112).jpg,val,Snow-Covered,Snow (112).jpg,110791,False,,640,426,RGB,JPEG,0.03884566997869,False,False,de42bc59922236ef84f739cb92521df030f6a95691c9419acb95478068b2fd9d,9253438805553354389,286470329625214976,False,,767
val/Snow-Covered/Snow (114).jpg,val,Snow-Covered,Snow (114).jpg,48591,False,,900,554,RGB,JPEG,0.0,False,False,3651bb5bb528a70571e631480a517c2593aed1e423cb9b6ad393a3a07c859291,1089659728633405191,18445654323484489982,False,,612
val/Snow-Covered/Snow (117).jpg,val,Snow-Covered,Snow (117).jpg,82176,False,,757,525,RGB,JPEG,0.0035579040070453,False,False,8831141c361a815c464d91e49a9164456f531ec6fa995aeb47719553386e162b,2233793248874240208,18383428682690835203,False,,606
val/Snow-Covered/Snow (118).jpg,val,Snow-Covered,Snow (118).jpg,36246,False,,356,200,RGB,JPEG,0.0061934722768383,False,False,e18b8382f554941a6e126b7df5fddc0939fa0bb58ad0c41327e5bb0a1c832018,13618297944557772071,16204165342436127742,False,,714
val/Snow-Covered/Snow (122).jpg,val,Snow-Covered,Snow (122).jpg,34288,False,,650,366,RGB,JPEG,0.0414288236332607,False,False,3cae7c53acda9d82f0f50db25f261617935e8c9615f6217d71d2cacacd684877,217928141680115550,18373835427351163128,False,,78
val/Snow-Covered/Snow (123).jpg,val,Snow-Covered,Snow (123).jpg,74375,False,,616,777,RGB,JPEG,0.0003802503802503,False,False,843dac21e07f2a53f28cb5ac5f423ed335295901078901920aa9e43cf57a9293,15176338530926525583,13808310170964521208,False,,617
val/Snow-Covered/Snow (126).jpg,val,Snow-Covered,Snow (126).jpg,37443,False,,768,432,RGB,JPEG,0.0031014621178555,False,False,1929aef39b9c8fba04bf3384e9d8305fe946a8bd4c64efc386d070ae11d6ccdd,1425895937016665895,4504023495579009023,False,,620
val/Snow-Covered/Snow (127).jpg,val,Snow-Covered,Snow (127).jpg,30890,False,,486,323,RGB,JPEG,0.1104075626504949,False,False,0a200aa3dfe237ef0b47751f2cef4d854b463954d51d164564f9c604cdfc82d5,4195991250514266712,280371035897856,False,,621
val/Snow-Covered/Snow (129).jpg,val,Snow-Covered,Snow (129).jpg,77641,False,,800,553,RGB,JPEG,0.3782436708860759,False,False,2d753a343d232369de52c29ae28a3a9ca1fdb4bbf8ab1a3a828ef8427d693843,4331626119924337363,18410466851613147328,False,,623
val/Snow-Covered/Snow (130).jpg,val,Snow-Covered,Snow (130).jpg,79959,False,,1000,592,RGB,JPEG,0.0,False,False,709bd37dac6b6598aa2ce611ba7128116c0d69c41a2ef8a1f44a34455a06d9a7,7173840244945773981,4768478326218751,False,,88
val/Snow-Covered/Snow (133).jpg,val,Snow-Covered,Snow (133).jpg,40972,False,,474,315,RGB,JPEG,0.0063291139240506,False,False,a73edcfa4638ff56b814657fd237b8620ca1b8a8c192819a327ab6aab4bf6fb7,8027428099483006026,15888257994190946560,False,,626
val/Snow-Covered/Snow (134).jpg,val,Snow-Covered,Snow (134).jpg,10548,False,,259,194,RGB,JPEG,0.0011145165784341,False,False,531a2727640ea78a01cdf02efb23257610f478d54f52112773eac44fc268641b,5332511386518571692,505248494802960383,False,,79
val/Snow-Covered/Snow (135).jpg,val,Snow-Covered,Snow (135).jpg,33965,False,,620,349,RGB,JPEG,0.0061788302277432,False,False,9d9cc5d1cdb123a1263599a63e28cd1adfb9a05bfcd21f3b7bb51959009a5459,5747597858478273688,18419449255388373427,False,,768
val/Snow-Covered/Snow (136).jpg,val,Snow-Covered,Snow (136).jpg,120379,False,,1043,468,RGB,JPEG,0.0046750415877932,False,False,67874c3f12a5895e48d48bfb28917a61343a0c6a48fa888ec95f1df7f6c7e896,2608271854924627006,4710874892973760893,False,,627
val/Snow-Covered/Snow (137).jpg,val,Snow-Covered,Snow (137).jpg,8714,False,,262,192,RGB,JPEG,0.0871017114234033,False,False,1460e1a704c881577b74cab976d6692eb399a184df6749ecc8be9dffb6b40272,937610242144362724,252200752243769600,False,,628
val/Snow-Covered/Snow (139).jpg,val,Snow-Covered,Snow (139).jpg,8307,False,,299,168,RGB,JPEG,0.007664437012263,False,False,8c9a8dc34613c36e3675c86b9eab9a53e740f3acd8e12c8efcfac4f3d0479b1a,9224273034853033062,508633009680809983,False,,769
val/Snow-Covered/Snow (141).jpg,val,Snow-Covered,Snow (141).jpg,13055,False,,324,155,RGB,JPEG,0.0001393728222996,False,False,d2a8e07c6c4cc218fd456145756746b8674414e8da40c2a286bb176cbe793e12,9221678232614353347,17933611827952906255,False,,630
val/Snow-Covered/Snow (142).jpg,val,Snow-Covered,Snow (142).jpg,8084,False,,275,183,RGB,JPEG,0.0304589707927677,False,False,841bb46c0c13f340f9e3522d17fc1a7389e5087f83677751ae9fa809d1d997ec,1801722988933121799,4557430677284732799,False,,631
val/Snow-Covered/Snow (143).jpg,val,Snow-Covered,Snow (143).jpg,7690,False,,277,182,RGB,JPEG,0.1206609275201333,False,False,7174eb3881369788e6663353b8defd5778ee6ba2f869017debce6bb742772afa,7871009507169342259,17938051460858068863,False,,84
val/Snow-Covered/Snow (146).jpg,val,Snow-Covered,Snow (146).jpg,8494,False,,265,190,RGB,JPEG,0.1347143055748644,False,False,837d18df9846d833af16ffdaa6727126a4c02de4f0df68b77374a9a96ad2a63b,18311356692741871209,13905997453645053951,False,,634
val/Snow-Covered/Snow (148).jpg,val,Snow-Covered,Snow (148).jpg,16031,False,,275,183,RGB,JPEG,0.0216968011126564,False,False,243446fd5b4ce3fd3893345e8bc4dfdbbe21ecdea7e4a68ac6f56ab94c3a1b96,6220893628212900960,18406281075631120640,False,,636
val/Snow-Covered/Snow (149).jpg,val,Snow-Covered,Snow (149).jpg,132581,False,,1024,568,RGB,JPEG,0.0156936370966771,False,False,1a620e0df419edad4a08f504d0227d17193c45382cdefd83ab3a5746f249450d,8506516941843866445,18446515375307751168,False,,637
val/Snow-Covered/Snow (15).jpg,val,Snow-Covered,Snow (15).jpg,9842,False,,275,183,RGB,JPEG,0.0630041724617524,False,False,f19df0d9f64112f8175e5dbbd9b06ff6a048f45c9fe1d34d8ca3200f51d1f5fe,680042709985042625,18373834357883502983,False,,640
val/Snow-Covered/Snow (151).jpg,val,Snow-Covered,Snow (151).jpg,14595,False,,294,171,RGB,JPEG,0.005151768309663,False,False,7ace4092dfb3c2098f63f88560ff31f4859d6bd5ac006fd12841a858cf16b258,55266680393686108,9006990974554328,False,,639
val/Snow-Covered/Snow (152).jpg,val,Snow-Covered,Snow (152).jpg,6805,False,,300,168,RGB,JPEG,0.0036111111111111,False,False,da7583fccc6e0b4bb29a68723618516fca9d732459a72525d35b86795676f6ed,1084839647579277231,17168701321052160,False,,770
val/Snow-Covered/Snow (154).jpg,val,Snow-Covered,Snow (154).jpg,9569,False,,262,192,RGB,JPEG,1.0,True,False,76a443eb7a8d7aea8353dbad955ff492df117ea1b7edde1f5964aebda477cf22,17702344850433317844,18374388447059116032,False,,641
val/Snow-Covered/Snow (155).jpg,val,Snow-Covered,Snow (155).jpg,201008,False,,2048,1536,RGB,JPEG,0.0034313180088564,False,False,3ce03cd0f0239bff0292b486360497ed7e8de121987d87ba500e36e2823ad5fe,560578384305633859,18446532036526080255,False,,642
val/Snow-Covered/Snow (164).jpg,val,Snow-Covered,Snow (164).jpg,31069,False,,602,348,RGB,JPEG,0.0245255279337075,False,False,ce02453ac5d081c836a5855c87a48d98a3f14d67c22241852d690396138b0fba,4485055397652928263,8716990842007977984,False,,83
val/Snow-Covered/Snow (167).jpg,val,Snow-Covered,Snow (167).jpg,11528,False,,301,167,RGB,JPEG,0.0043169475003481,False,False,813bfde62f712f17de8f0ee6fd13f2c012058a2cae98c5f95f225c0a6b8c2b47,7353595437237019397,18374457781269823232,False,,637
val/Snow-Covered/Snow (168).jpg,val,Snow-Covered,Snow (168).jpg,7387,False,,290,174,RGB,JPEG,0.0102649465945346,False,False,4c1ad1495dafe96a476baa940734d57da8baf63185fd90b2ceec327941a1f924,9295732101170757643,1081003821041192959,False,,651
val/Snow-Covered/Snow (17).jpg,val,Snow-Covered,Snow (17).jpg,73465,False,,973,456,RGB,JPEG,0.0056165593840716,False,False,2faa57369b091e85f2d2f34c36a22411006288d480ace6eb99fa7b1a978a686b,2801183515669333923,18446633588921139200,False,,653
val/Snow-Covered/Snow (170).jpg,val,Snow-Covered,Snow (170).jpg,90053,False,,800,534,RGB,JPEG,0.0007701256779563,False,False,bd719ccff609ac0d6921399a58fc9a69a55cf27ff8502030ad30abbacc8ef3cf,18410710854879087056,18373825548929474049,False,,609
val/Snow-Covered/Snow (172).jpg,val,Snow-Covered,Snow (172).jpg,17332,False,,227,300,RGB,JPEG,0.0269297975125912,False,False,3790187991f8ff06d0f6cf313c8d82d4fffcdcf2adc415c06097899c4d81f563,18378979805242758017,17942340498832228367,False,,771
val/Snow-Covered/Snow (173).jpg,val,Snow-Covered,Snow (173).jpg,28622,False,,320,241,RGB,JPEG,0.0001815211472136,False,False,7b47b7b72debbd5f599af3345f889919c16250a7c27a93075f2e883afa5c0293,16674014849172474937,18360897517283950591,False,,654
val/Snow-Covered/Snow (19).jpg,val,Snow-Covered,Snow (19).jpg,80630,False,,630,415,RGB,JPEG,0.1451137884872824,False,False,c89f5ed7bf79f0fc2f25174d2068cb79ffbd7cfb7133cd3140d0f69ed3dea706,7871009507169342259,17938051460858068863,False,,84
val/Snow-Covered/Snow (22).jpg,val,Snow-Covered,Snow (22).jpg,74389,False,,980,551,RGB,JPEG,0.0640134819808141,False,False,6607ffe5211090fcb49b3ecdd4ec49f1d03f95b9dec219d422c968621a5e53e9,37182372472381374,513184953290782960,False,,660
val/Snow-Covered/Snow (26).jpg,val,Snow-Covered,Snow (26).jpg,213291,False,,920,690,RGB,JPEG,0.0098581920031757,False,False,5732147e3af04e3f880d8e73b5e4938883c9ef32d96478bc185084c803bd48a6,8357974377617846790,18446677828150750977,False,,663
val/Snow-Covered/Snow (28).jpg,val,Snow-Covered,Snow (28).jpg,199091,False,,1080,668,RGB,JPEG,9.702803139827096e-06,False,False,ea5b1279e40fa30f152afcc34ff3f4d78c42b5fe0691cf10d02c2db81963c2c8,8878096067558029220,18366312599131389951,False,,664
val/Snow-Covered/Snow (29).jpg,val,Snow-Covered,Snow (29).jpg,41273,False,,600,450,RGB,JPEG,0.0009592450482215,False,False,cf837e42d6d4d61264ccc3da3026453323f112e30a90b9a7aef193dc205b3d82,1081741216746785543,18446743850438426392,False,,665
val/Snow-Covered/Snow (32).jpg,val,Snow-Covered,Snow (32).jpg,75705,False,,763,431,RGB,JPEG,0.0040869324591838,False,False,895644ca12b0baa981421f79beba62bae944c012381337cf0d4c8091efc164ed,846919655218923507,2292195337780595718,False,,669
val/Snow-Covered/Snow (33).jpg,val,Snow-Covered,Snow (33).jpg,62880,False,,768,512,RGB,JPEG,0.0001780183002812,False,False,3f9279538980d35d96ddf5557b1b1ccee396b0ca328efd1e3b9893b8803c21f3,4325005142510502855,18392453539839807247,False,,670
val/Snow-Covered/Snow (34).jpg,val,Snow-Covered,Snow (34).jpg,15637,False,,300,224,RGB,JPEG,0.006875,False,False,76843fef1f802d43cb9407c367aed367aa44e23cd104f9b53c52ffb702a7456a,508650597627741911,7036045489134844,False,,671
val/Snow-Covered/Snow (35).jpg,val,Snow-Covered,Snow (35).jpg,114253,False,,599,499,RGB,JPEG,0.0189691107936582,False,False,493065c62dda6805b1d2f0859faad7fe6c667597df16ccc08789de0fcc8bfcf3,4548643454430690876,18306920813979263040,False,,672
val/Snow-Covered/Snow (36).jpg,val,Snow-Covered,Snow (36).jpg,127349,False,,900,600,RGB,JPEG,0.0225684767250431,False,False,a817f210465622b0d1a9ba9b8621fadbebb0303bde18e6fbc52711637869d336,18409441468828470958,17942059439938865152,False,,87
val/Snow-Covered/Snow (39).jpg,val,Snow-Covered,Snow (39).jpg,11375,False,,268,188,RGB,JPEG,0.0248680188941372,False,False,0102d1f23676b56e0cc4fc6b3d347a2e729fd1b31392fd59ec39637950a2e57e,14401513674623887015,18445021963736197183,False,,674
val/Snow-Covered/Snow (4).jpg,val,Snow-Covered,Snow (4).jpg,107978,False,,300,299,RGB,JPEG,0.0216933281310963,False,False,94ff5d6304d4c77491f02a9ab9b7b941c9e16807232416416d41722fc35dadaf,7796601683879557660,143973146805002360,False,,675
val/Snow-Covered/Snow (40).jpg,val,Snow-Covered,Snow (40).jpg,24547,False,,500,282,RGB,JPEG,0.0851908851710271,False,False,aa90cba16e16c6e3ea99d03ed67a3fb3446a389453f1d202beb91b8e71040f51,9390103985635452775,1081075585893060319,False,,676
val/Snow-Covered/Snow (43).jpg,val,Snow-Covered,Snow (43).jpg,959571,False,,2560,1707,RGB,JPEG,0.0102022345921268,False,False,dde8492795547d402235f20363b2537e20570080a4425f1aa916e133d148b7a7,1026883830984352293,18446709430503343104,False,,678
val/Snow-Covered/Snow (44).jpg,val,Snow-Covered,Snow (44).jpg,112911,False,,884,340,RGB,JPEG,0.0104336485164656,False,False,f030658ef1297b333620a9858030bd4682534a28e584596afa2a576fde15cbd3,72488637031289445,2238015249343514383,False,,679
val/Snow-Covered/Snow (45).jpg,val,Snow-Covered,Snow (45).jpg,11604,False,,265,190,RGB,JPEG,0.0841095509523147,False,False,3bbfaba797a389c9343306ea18e98bb8e9525120b265072edaec476d713aabdf,2044638576594792355,4362314545429759,False,,680
val/Snow-Covered/Snow (47).jpg,val,Snow-Covered,Snow (47).jpg,100687,False,,1000,750,RGB,JPEG,0.0202066397244803,False,False,8a5a53b10cebe2a300b36e81c65f5b26e061519d9e9e57ad540449c591b462ba,15770122649570623242,17649871787757993983,False,,86
val/Snow-Covered/Snow (49).jpg,val,Snow-Covered,Snow (49).jpg,6687,False,,318,158,RGB,JPEG,0.0002786291446085,False,False,8b62e8f06ab9b6e9fc552df1f7ea50e053c71c09b6600c4bad7a4ef094925eb8,10307964386455860265,4069267180970140531,False,,683
val/Snow-Covered/Snow (50).jpg,val,Snow-Covered,Snow (50).jpg,32350,False,,624,351,RGB,JPEG,0.0007350591243208,False,False,be8f9712a24a02b559109822e5716bef54ca71023356624b79c4534b851c3d41,447572765443196703,9184299895203766143,False,,684
val/Snow-Covered/Snow (53).jpg,val,Snow-Covered,Snow (53).jpg,10971,False,,259,194,RGB,JPEG,0.0,False,False,2471ead54920e050a2c48c3d3a456aafb1170178f7697ce4241afcad729c8321,366822813920619926,18446740675587227776,False,,687
val/Snow-Covered/Snow (54).jpg,val,Snow-Covered,Snow (54).jpg,6396,False,,275,183,RGB,JPEG,0.0089012517385257,False,False,354ef86372ee16cd9c899fef591c8b56f3e1bdf7d26c29400454e36019bb0b4b,12648294022717719071,18446708617695395840,False,,772
val/Snow-Covered/Snow (55).jpg,val,Snow-Covered,Snow (55).jpg,10286,False,,269,187,RGB,JPEG,0.0123834701544455,False,False,16d9ff0a0c483faa7d05a794cfd00f8db9f8af3743cc538294dba82797eae3a1,8987112333581905463,18446743521739194400,False,,688
val/Snow-Covered/Snow (57).jpg,val,Snow-Covered,Snow (57).jpg,4329,False,,289,174,RGB,JPEG,0.0002783964365256,False,False,3ed0afe0e9713585c7b724d3016936041af4a2a68b1c0c535cb59a8effb97e76,6849419812117332682,8968984902403851523,False,,690
val/Snow-Covered/Snow (59).jpg,val,Snow-Covered,Snow (59).jpg,11036,False,,286,176,RGB,JPEG,0.0107078292309831,False,False,795cc30617ee028f113534778d2e2230d58429166118e526e0ef3a0178d35f24,75459557377845787,18446742987146231584,False,,692
val/Snow-Covered/Snow (6).jpg,val,Snow-Covered,Snow (6).jpg,229879,False,,2048,1373,RGB,JPEG,0.1159743192075698,False,False,46f4cd0cd94dba8dd14f51f1625c5c22938cd2b67213ef1fcc881f643363df1a,7175252865113941862,18428659176558493696,False,,773
val/Snow-Covered/Snow (60).jpg,val,Snow-Covered,Snow (60).jpg,11931,False,,299,168,RGB,JPEG,0.0006967670011148,False,False,7635ca2b7f4ab44eda6f717e0d108aaec48ef05facaf9d0bcf46b5dd44073b12,10887403056738485803,3458769189978832895,False,,774
val/Snow-Covered/Snow (61).jpg,val,Snow-Covered,Snow (61).jpg,10410,False,,311,162,RGB,JPEG,0.0658516254515143,False,False,db7d85b49ee041b8045f3ae449050abb82243b34763718fcbbc3ef83fd2e02be,8009390297077256044,16175809489416453880,False,,693
val/Snow-Covered/Snow (65).jpg,val,Snow-Covered,Snow (65).jpg,7977,False,,306,165,RGB,JPEG,0.3258006377374186,False,False,54d219a8b487f17588087a617e55cf6997254b2024a157c7e15135c7b9f5f49b,1336076096158066290,361950362580140480,False,,697
val/Snow-Covered/Snow (67).jpg,val,Snow-Covered,Snow (67).jpg,12960,False,,318,159,RGB,JPEG,0.0060908084163898,False,False,e492a0b09dcabb166bb0d9466c53d25bb255e5df2e30e046bc27dc4a1b807148,6508532078975786194,251650727837183,False,,699
val/Snow-Covered/Snow (68).jpg,val,Snow-Covered,Snow (68).jpg,8603,False,,263,192,RGB,JPEG,0.2156917105627945,False,False,9f6b9885a76bde281d37a1aa1b501b7c299c126d00544e21bb73a28fbcdf7722,14513755459981872951,9277450445746274046,False,,700
val/Snow-Covered/Snow (69).jpg,val,Snow-Covered,Snow (69).jpg,29427,False,,630,415,RGB,JPEG,0.1228647925033467,False,False,6ab94180d342b83bc82ca0b293603702a29393d7eb32c05ad1ea471a90fabe5e,7871009438449865523,17938051460858068863,False,,84
val/Snow-Covered/Snow (70).jpg,val,Snow-Covered,Snow (70).jpg,8473,False,,275,183,RGB,JPEG,0.0001390820584144,False,False,200ad8331514ab25cc6d87b296b0f2c0bae870d66a21f7642036ee815fc21f48,4354492216407499882,8140501102014463871,False,,701
val/Snow-Covered/Snow (75).jpg,val,Snow-Covered,Snow (75).jpg,9436,False,,275,183,RGB,JPEG,0.0151599443671766,False,False,1b355c67bd6d4c3fd21844101050a86a802271afbee2b5ba52fcf6a8b3f03404,18409441468828470958,17942059439938865152,False,,87
val/Snow-Covered/Snow (77).jpg,val,Snow-Covered,Snow (77).jpg,25507,False,,474,237,RGB,JPEG,0.0008100193158452,False,False,e5b67e82a1ccd0028ff2a357cba0bc30862cf00aadaded5409ba7d322ba6ac41,4833607428264289637,2251519453375221727,False,,705
val/Snow-Covered/Snow (8).jpg,val,Snow-Covered,Snow (8).jpg,92709,False,,882,663,RGB,JPEG,9.576480164715458e-05,False,False,b0f7152426b676c9d7426c5d9a13f7097ba0c46ae4ff41fdd52d12f85fdbbbd4,16672888949265632314,18360897517283950591,False,,654
val/Snow-Covered/Snow (80).jpg,val,Snow-Covered,Snow (80).jpg,77641,False,,800,553,RGB,JPEG,0.3782436708860759,False,False,2d753a343d232369de52c29ae28a3a9ca1fdb4bbf8ab1a3a828ef8427d693843,4331626119924337363,18410466851613147328,False,,623
val/Snow-Covered/Snow (81).jpg,val,Snow-Covered,Snow (81).jpg,24508,False,,474,281,RGB,JPEG,0.0,False,False,59c833ea0898338c4ba1cb9cd6fd21f554b46e0ffa45c5f35b3cece195d04a60,7462070621097485725,4768478326218751,False,,88
val/Snow-Covered/Snow (82).jpg,val,Snow-Covered,Snow (82).jpg,39326,False,,650,366,RGB,JPEG,0.0020890955099158,False,False,78f4693b7caf3437376586cc4ab8928298fccaf97357f3e0e21bfb31454dd4b9,17070596200517040253,36170087499100410,False,,707
val/Snow-Covered/Snow (83).jpg,val,Snow-Covered,Snow (83).jpg,56027,False,,600,400,RGB,JPEG,0.0546287114274047,False,False,f17a9c1d06a83626e8440a06e96d59139a6798a89acd0c47dc56ecad77283a66,12968084551499084711,54254316793364478,False,,655
val/Snow-Covered/Snow (85).jpg,val,Snow-Covered,Snow (85).jpg,62880,False,,768,512,RGB,JPEG,0.0001780183002812,False,False,3f9279538980d35d96ddf5557b1b1ccee396b0ca328efd1e3b9893b8803c21f3,4325005142510502855,18392453539839807247,False,,670
val/Snow-Covered/Snow (86).jpg,val,Snow-Covered,Snow (86).jpg,27128,False,,474,266,RGB,JPEG,0.0027204086164779,False,False,e4c67b74565051080c5e9b9751eaee91053eea6e3600fc982b86758bf1514762,7007602700336270875,18376660103044534272,False,,708
val/Snow-Covered/Snow (89).jpg,val,Snow-Covered,Snow (89).jpg,52767,False,,744,387,RGB,JPEG,0.0547249167335229,False,False,4530a6ad09ad7e88d06e645d6903a490e1a9766c8106dc8c2822255b67e02579,18433906403999356422,54255267876502780,False,,711
val/Snow-Covered/Snow (90).jpg,val,Snow-Covered,Snow (90).jpg,83200,False,,1024,768,RGB,JPEG,1.7801830028126893e-05,False,False,89f27c33375fd9656b7118e3934a9af21a965dc7f3ce45d9c8162691d53692de,2820926888927797786,9155783953234264064,False,,713
val/Snow-Covered/Snow (91).jpg,val,Snow-Covered,Snow (91).jpg,36246,False,,356,200,RGB,JPEG,0.0061934722768383,False,False,e18b8382f554941a6e126b7df5fddc0939fa0bb58ad0c41327e5bb0a1c832018,13618297944557772071,16204165342436127742,False,,714
val/Snow-Covered/Snow (92).jpg,val,Snow-Covered,Snow (92).jpg,449581,False,,1280,960,RGB,JPEG,0.0057250929971573,False,False,7bd6f0b1ff2042108befa35d22885ee808297ce8cf0e1dc01775bf6d8a10d0f3,793485686237612096,9114788786935628551,False,,715
val/Snow-Covered/Snow (93).jpg,val,Snow-Covered,Snow (93).jpg,7754,False,,275,183,RGB,JPEG,0.003616133518776,False,False,f48486ecd1600785db7c82ebbf2e39602cefb58fa4e9df44d8b0633bdd2d5d7d,1387108455083086619,18445618177040514302,False,,614
val/Snow-Covered/Snow (95).jpg,val,Snow-Covered,Snow (95).jpg,36246,False,,356,200,RGB,JPEG,0.0061934722768383,False,False,e18b8382f554941a6e126b7df5fddc0939fa0bb58ad0c41327e5bb0a1c832018,13618297944557772071,16204165342436127742,False,,714
val/Snow-Covered/Snow (96).jpg,val,Snow-Covered,Snow (96).jpg,38476,False,,374,458,RGB,JPEG,0.0814433410976257,False,False,73349c2a68064ba2e678b5b064af0f7f9dbe0f4afc86e0ca902fa133f57188ca,7437702898613538099,17014612616461418495,False,,716
val/Snow-Covered/Snow (97).jpg,val,Snow-Covered,Snow (97).jpg,75220,False,,800,600,RGB,JPEG,0.0404392463396138,False,False,9a0b024b91cb835d7d6f26f3929e817432dba83fdfd29519aa14d6d4e62ba99b,4548393047260002348,35605790043898360,False,,717
